loc_id,symbol,world_x,world_y,level,local_x,local_z,shape,angle,region_x,region_y
10787,seaweedrock_1,3157,3136,0,21,0,10,1,49,49
10786,seaweedrock_large,3161,3136,0,25,0,10,0,49,49
10787,seaweedrock_1,3179,3136,0,43,0,10,1,49,49
10786,seaweedrock_large,3185,3136,0,49,0,10,0,49,49
10788,seaweedrock_2,3159,3137,0,23,1,10,3,49,49
10788,seaweedrock_2,3177,3137,0,41,1,10,3,49,49
10786,seaweedrock_large,3156,3138,0,20,2,10,1,49,49
10787,seaweedrock_1,3175,3138,0,39,2,10,2,49,49
10787,seaweedrock_1,3162,3139,0,26,3,10,0,49,49
16453,randomsound_gentle_waves,3164,3139,0,28,3,22,0,49,49
4735,short_grass_1,3198,3139,0,62,3,22,3,49,49
30108,mistmyst_boat_lumbridge,3238,3139,0,38,3,10,1,50,49
10787,seaweedrock_1,3154,3140,0,18,4,10,2,49,49
10787,seaweedrock_1,3159,3140,0,23,4,10,3,49,49
1390,jungle2,3185,3140,0,49,4,10,0,49,49
4735,short_grass_1,3195,3140,0,59,4,22,3,49,49
4735,short_grass_1,3196,3140,0,60,4,22,1,49,49
4735,short_grass_1,3197,3140,0,61,4,22,2,49,49
4735,short_grass_1,3198,3140,0,62,4,22,2,49,49
4735,short_grass_1,3199,3140,0,63,4,22,0,49,49
4735,short_grass_1,3194,3141,0,58,5,22,0,49,49
4736,short_grass_2,3195,3141,0,59,5,22,3,49,49
4737,short_grass_3,3196,3141,0,60,5,22,2,49,49
4737,short_grass_3,3197,3141,0,61,5,22,2,49,49
4736,short_grass_2,3198,3141,0,62,5,22,2,49,49
4735,short_grass_1,3199,3141,0,63,5,22,3,49,49
4735,short_grass_1,3200,3141,0,0,5,22,2,50,49
4737,short_grass_3,3205,3141,0,5,5,22,2,50,49
4737,short_grass_3,3206,3141,0,6,5,22,2,50,49
7389,transportation_icon,3239,3141,0,39,5,22,0,50,49
3949,dugupsoil2_brownmud,3144,3142,0,8,6,22,1,49,49
3949,dugupsoil2_brownmud,3145,3142,0,9,6,22,2,49,49
3949,dugupsoil2_brownmud,3146,3142,0,10,6,22,3,49,49
4735,short_grass_1,3190,3142,0,54,6,22,1,49,49
4735,short_grass_1,3191,3142,0,55,6,22,3,49,49
4735,short_grass_1,3192,3142,0,56,6,22,3,49,49
4735,short_grass_1,3193,3142,0,57,6,22,2,49,49
4735,short_grass_1,3194,3142,0,58,6,22,2,49,49
4737,short_grass_3,3195,3142,0,59,6,22,3,49,49
4738,short_grass_4,3196,3142,0,60,6,22,3,49,49
4738,short_grass_4,3197,3142,0,61,6,22,3,49,49
4737,short_grass_3,3198,3142,0,62,6,22,1,49,49
4735,short_grass_1,3200,3142,0,0,6,22,1,50,49
4735,short_grass_1,3201,3142,0,1,6,22,3,50,49
4735,short_grass_1,3202,3142,0,2,6,22,0,50,49
4735,short_grass_1,3203,3142,0,3,6,22,0,50,49
4737,short_grass_3,3204,3142,0,4,6,22,3,50,49
4738,short_grass_4,3205,3142,0,5,6,22,2,50,49
4738,short_grass_4,3206,3142,0,6,6,22,2,50,49
4737,short_grass_3,3207,3142,0,7,6,22,1,50,49
4735,short_grass_1,3209,3142,0,9,6,22,3,50,49
4735,short_grass_1,3210,3142,0,10,6,22,2,50,49
3949,dugupsoil2_brownmud,3143,3143,0,7,7,22,0,49,49
3949,dugupsoil2_brownmud,3144,3143,0,8,7,22,0,49,49
3949,dugupsoil2_brownmud,3145,3143,0,9,7,22,3,49,49
3949,dugupsoil2_brownmud,3146,3143,0,10,7,22,2,49,49
3949,dugupsoil2_brownmud,3147,3143,0,11,7,22,2,49,49
3950,dugupsoil3_brownmud,3148,3143,0,12,7,22,3,49,49
4735,short_grass_1,3184,3143,0,48,7,22,0,49,49
4735,short_grass_1,3185,3143,0,49,7,22,1,49,49
4735,short_grass_1,3186,3143,0,50,7,22,2,49,49
4735,short_grass_1,3189,3143,0,53,7,22,3,49,49
4735,short_grass_1,3190,3143,0,54,7,22,3,49,49
4736,short_grass_2,3191,3143,0,55,7,22,3,49,49
4737,short_grass_3,3192,3143,0,56,7,22,2,49,49
4736,short_grass_2,3193,3143,0,57,7,22,2,49,49
4735,short_grass_1,3194,3143,0,58,7,22,1,49,49
4735,short_grass_1,3195,3143,0,59,7,22,1,49,49
4737,short_grass_3,3196,3143,0,60,7,22,0,49,49
4737,short_grass_3,3197,3143,0,61,7,22,0,49,49
4735,short_grass_1,3198,3143,0,62,7,22,1,49,49
4735,short_grass_1,3201,3143,0,1,7,22,2,50,49
4736,short_grass_2,3202,3143,0,2,7,22,3,50,49
4737,short_grass_3,3203,3143,0,3,7,22,2,50,49
4736,short_grass_2,3204,3143,0,4,7,22,2,50,49
4737,short_grass_3,3205,3143,0,5,7,22,0,50,49
4737,short_grass_3,3206,3143,0,6,7,22,0,50,49
4735,short_grass_1,3207,3143,0,7,7,22,3,50,49
4735,short_grass_1,3208,3143,0,8,7,22,1,50,49
4735,short_grass_1,3209,3143,0,9,7,22,1,50,49
4735,short_grass_1,3210,3143,0,10,7,22,0,50,49
4735,short_grass_1,3211,3143,0,11,7,22,3,50,49
4735,short_grass_1,3212,3143,0,12,7,22,2,50,49
4736,short_grass_2,3215,3143,0,15,7,22,3,50,49
4737,short_grass_3,3216,3143,0,16,7,22,2,50,49
4736,short_grass_2,3217,3143,0,17,7,22,2,50,49
3949,dugupsoil2_brownmud,3227,3143,0,27,7,22,0,50,49
3949,dugupsoil2_brownmud,3143,3144,0,7,8,22,1,49,49
3948,dugupsoil1_brownmud,3144,3144,0,8,8,22,0,49,49
3948,dugupsoil1_brownmud,3145,3144,0,9,8,22,2,49,49
3950,dugupsoil3_brownmud,3146,3144,0,10,8,22,3,49,49
3948,dugupsoil1_brownmud,3147,3144,0,11,8,22,3,49,49
3948,dugupsoil1_brownmud,3148,3144,0,12,8,22,0,49,49
11373,mithrilrock2,3148,3144,0,12,8,10,0,49,49
3949,dugupsoil2_brownmud,3149,3144,0,13,8,22,0,49,49
4735,short_grass_1,3183,3144,0,47,8,22,3,49,49
4736,short_grass_2,3184,3144,0,48,8,22,3,49,49
4737,short_grass_3,3185,3144,0,49,8,22,2,49,49
4736,short_grass_2,3186,3144,0,50,8,22,2,49,49
4735,short_grass_1,3187,3144,0,51,8,22,2,49,49
4735,short_grass_1,3189,3144,0,53,8,22,0,49,49
4735,short_grass_1,3190,3144,0,54,8,22,0,49,49
4737,short_grass_3,3191,3144,0,55,8,22,3,49,49
4738,short_grass_4,3192,3144,0,56,8,22,1,49,49
4737,short_grass_3,3193,3144,0,57,8,22,1,49,49
4735,short_grass_1,3194,3144,0,58,8,22,0,49,49
4735,short_grass_1,3195,3144,0,59,8,22,2,49,49
4735,short_grass_1,3196,3144,0,60,8,22,0,49,49
4735,short_grass_1,3201,3144,0,1,8,22,0,50,49
4737,short_grass_3,3202,3144,0,2,8,22,3,50,49
4738,short_grass_4,3203,3144,0,3,8,22,2,50,49
4737,short_grass_3,3204,3144,0,4,8,22,1,50,49
4735,short_grass_1,3205,3144,0,5,8,22,3,50,49
4735,short_grass_1,3206,3144,0,6,8,22,2,50,49
4735,short_grass_1,3207,3144,0,7,8,22,0,50,49
4737,short_grass_3,3208,3144,0,8,8,22,2,50,49
4737,short_grass_3,3209,3144,0,9,8,22,2,50,49
4737,short_grass_3,3210,3144,0,10,8,22,2,50,49
4737,short_grass_3,3211,3144,0,11,8,22,2,50,49
4735,short_grass_1,3212,3144,0,12,8,22,1,50,49
4735,short_grass_1,3213,3144,0,13,8,22,0,50,49
4737,short_grass_3,3215,3144,0,15,8,22,3,50,49
4738,short_grass_4,3216,3144,0,16,8,22,2,50,49
4737,short_grass_3,3217,3144,0,17,8,22,1,50,49
3949,dugupsoil2_brownmud,3224,3144,0,24,8,22,1,50,49
3949,dugupsoil2_brownmud,3225,3144,0,25,8,22,0,50,49
3949,dugupsoil2_brownmud,3226,3144,0,26,8,22,0,50,49
3949,dugupsoil2_brownmud,3227,3144,0,27,8,22,0,50,49
3950,dugupsoil3_brownmud,3228,3144,0,28,8,22,2,50,49
10943,copperrock1,3228,3144,0,28,8,10,2,50,49
3949,dugupsoil2_brownmud,3229,3144,0,29,8,22,0,50,49
3950,dugupsoil3_brownmud,3230,3144,0,30,8,22,2,50,49
3949,dugupsoil2_brownmud,3142,3145,0,6,9,22,2,49,49
3948,dugupsoil1_brownmud,3143,3145,0,7,9,22,1,49,49
3948,dugupsoil1_brownmud,3144,3145,0,8,9,22,2,49,49
11372,mithrilrock1,3144,3145,0,8,9,10,1,49,49
3948,dugupsoil1_brownmud,3145,3145,0,9,9,22,2,49,49
3949,dugupsoil2_brownmud,3146,3145,0,10,9,22,3,49,49
11373,mithrilrock2,3146,3145,0,10,9,10,1,49,49
3948,dugupsoil1_brownmud,3147,3145,0,11,9,22,3,49,49
3949,dugupsoil2_brownmud,3148,3145,0,12,9,22,1,49,49
3950,dugupsoil3_brownmud,3149,3145,0,13,9,22,3,49,49
3949,dugupsoil2_brownmud,3150,3145,0,14,9,22,1,49,49
4735,short_grass_1,3176,3145,0,40,9,22,3,49,49
4735,short_grass_1,3177,3145,0,41,9,22,0,49,49
4735,short_grass_1,3178,3145,0,42,9,22,1,49,49
4735,short_grass_1,3179,3145,0,43,9,22,2,49,49
4735,short_grass_1,3183,3145,0,47,9,22,2,49,49
4737,short_grass_3,3184,3145,0,48,9,22,3,49,49
4738,short_grass_4,3185,3145,0,49,9,22,0,49,49
4737,short_grass_3,3186,3145,0,50,9,22,1,49,49
4735,short_grass_1,3187,3145,0,51,9,22,3,49,49
4735,short_grass_1,3190,3145,0,54,9,22,2,49,49
4736,short_grass_2,3191,3145,0,55,9,22,0,49,49
4737,short_grass_3,3192,3145,0,56,9,22,0,49,49
4736,short_grass_2,3193,3145,0,57,9,22,1,49,49
4735,short_grass_1,3194,3145,0,58,9,22,1,49,49
4735,short_grass_1,3197,3145,0,61,9,22,1,49,49
4735,short_grass_1,3198,3145,0,62,9,22,2,49,49
4735,short_grass_1,3199,3145,0,63,9,22,2,49,49
4735,short_grass_1,3200,3145,0,0,9,22,2,50,49
4735,short_grass_1,3201,3145,0,1,9,22,1,50,49
4736,short_grass_2,3202,3145,0,2,9,22,0,50,49
4737,short_grass_3,3203,3145,0,3,9,22,0,50,49
4736,short_grass_2,3204,3145,0,4,9,22,1,50,49
4735,short_grass_1,3205,3145,0,5,9,22,2,50,49
4735,short_grass_1,3206,3145,0,6,9,22,1,50,49
4737,short_grass_3,3207,3145,0,7,9,22,3,50,49
4736,short_grass_2,3208,3145,0,8,9,22,3,50,49
4738,short_grass_4,3209,3145,0,9,9,22,1,50,49
4738,short_grass_4,3210,3145,0,10,9,22,0,50,49
4736,short_grass_2,3211,3145,0,11,9,22,2,50,49
4737,short_grass_3,3212,3145,0,12,9,22,1,50,49
4735,short_grass_1,3213,3145,0,13,9,22,3,50,49
4735,short_grass_1,3214,3145,0,14,9,22,3,50,49
4736,short_grass_2,3215,3145,0,15,9,22,0,50,49
4737,short_grass_3,3216,3145,0,16,9,22,0,50,49
4736,short_grass_2,3217,3145,0,17,9,22,1,50,49
3949,dugupsoil2_brownmud,3223,3145,0,23,9,22,0,50,49
3949,dugupsoil2_brownmud,3224,3145,0,24,9,22,0,50,49
3948,dugupsoil1_brownmud,3225,3145,0,25,9,22,0,50,49
3949,dugupsoil2_brownmud,3226,3145,0,26,9,22,0,50,49
3948,dugupsoil1_brownmud,3227,3145,0,27,9,22,0,50,49
3950,dugupsoil3_brownmud,3228,3145,0,28,9,22,0,50,49
3950,dugupsoil3_brownmud,3229,3145,0,29,9,22,2,50,49
11161,copperrock2,3229,3145,0,29,9,10,1,50,49
3950,dugupsoil3_brownmud,3230,3145,0,30,9,22,2,50,49
11161,copperrock2,3230,3145,0,30,9,10,0,50,49
3949,dugupsoil2_brownmud,3231,3145,0,31,9,22,2,50,49
3948,dugupsoil1_brownmud,3142,3146,0,6,10,22,1,49,49
3948,dugupsoil1_brownmud,3143,3146,0,7,10,22,1,49,49
11372,mithrilrock1,3143,3146,0,7,10,10,0,49,49
3950,dugupsoil3_brownmud,3144,3146,0,8,10,22,1,49,49
3949,dugupsoil2_brownmud,3145,3146,0,9,10,22,2,49,49
3950,dugupsoil3_brownmud,3146,3146,0,10,10,22,2,49,49
3948,dugupsoil1_brownmud,3147,3146,0,11,10,22,3,49,49
11375,adamantiterock2,3147,3146,0,11,10,10,0,49,49
3948,dugupsoil1_brownmud,3148,3146,0,12,10,22,1,49,49
3949,dugupsoil2_brownmud,3149,3146,0,13,10,22,3,49,49
3949,dugupsoil2_brownmud,3150,3146,0,14,10,22,0,49,49
1390,jungle2,3165,3146,0,29,10,10,0,49,49
4735,short_grass_1,3175,3146,0,39,10,22,2,49,49
4736,short_grass_2,3176,3146,0,40,10,22,3,49,49
4737,short_grass_3,3177,3146,0,41,10,22,2,49,49
4737,short_grass_3,3178,3146,0,42,10,22,2,49,49
4736,short_grass_2,3179,3146,0,43,10,22,2,49,49
4735,short_grass_1,3181,3146,0,45,10,22,0,49,49
4735,short_grass_1,3182,3146,0,46,10,22,3,49,49
4735,short_grass_1,3183,3146,0,47,10,22,1,49,49
4736,short_grass_2,3184,3146,0,48,10,22,0,49,49
4737,short_grass_3,3185,3146,0,49,10,22,0,49,49
4736,short_grass_2,3186,3146,0,50,10,22,1,49,49
4735,short_grass_1,3187,3146,0,51,10,22,2,49,49
4735,short_grass_1,3189,3146,0,53,10,22,1,49,49
4735,short_grass_1,3190,3146,0,54,10,22,0,49,49
4735,short_grass_1,3191,3146,0,55,10,22,0,49,49
4735,short_grass_1,3192,3146,0,56,10,22,3,49,49
4735,short_grass_1,3193,3146,0,57,10,22,0,49,49
4735,short_grass_1,3195,3146,0,59,10,22,3,49,49
4736,short_grass_2,3196,3146,0,60,10,22,3,49,49
4738,short_grass_4,3197,3146,0,61,10,22,1,49,49
4737,short_grass_3,3198,3146,0,62,10,22,1,49,49
4735,short_grass_1,3199,3146,0,63,10,22,1,49,49
4735,short_grass_1,3200,3146,0,0,10,22,3,50,49
4735,short_grass_1,3201,3146,0,1,10,22,0,50,49
4735,short_grass_1,3202,3146,0,2,10,22,2,50,49
4735,short_grass_1,3203,3146,0,3,10,22,3,50,49
4735,short_grass_1,3204,3146,0,4,10,22,3,50,49
4735,short_grass_1,3205,3146,0,5,10,22,3,50,49
4735,short_grass_1,3206,3146,0,6,10,22,2,50,49
4737,short_grass_3,3207,3146,0,7,10,22,3,50,49
4738,short_grass_4,3208,3146,0,8,10,22,2,50,49
4738,short_grass_4,3209,3146,0,9,10,22,2,50,49
4738,short_grass_4,3210,3146,0,10,10,22,1,50,49
4738,short_grass_4,3211,3146,0,11,10,22,3,50,49
4737,short_grass_3,3212,3146,0,12,10,22,1,50,49
4735,short_grass_1,3213,3146,0,13,10,22,2,50,49
4735,short_grass_1,3214,3146,0,14,10,22,2,50,49
4735,short_grass_1,3215,3146,0,15,10,22,0,50,49
4736,short_grass_2,3216,3146,0,16,10,22,3,50,49
4737,short_grass_3,3217,3146,0,17,10,22,2,50,49
4736,short_grass_2,3218,3146,0,18,10,22,2,50,49
4735,short_grass_1,3219,3146,0,19,10,22,0,50,49
4735,short_grass_1,3220,3146,0,20,10,22,1,50,49
3949,dugupsoil2_brownmud,3222,3146,0,22,10,22,3,50,49
3950,dugupsoil3_brownmud,3223,3146,0,23,10,22,2,50,49
11361,tinrock2,3223,3146,0,23,10,11,3,50,49
3950,dugupsoil3_brownmud,3224,3146,0,24,10,22,2,50,49
11360,tinrock1,3224,3146,0,24,10,11,1,50,49
3948,dugupsoil1_brownmud,3225,3146,0,25,10,22,3,50,49
3950,dugupsoil3_brownmud,3226,3146,0,26,10,22,3,50,49
2741,mining_site_icon,3227,3146,0,27,10,22,0,50,49
3949,dugupsoil2_brownmud,3228,3146,0,28,10,22,0,50,49
3949,dugupsoil2_brownmud,3229,3146,0,29,10,22,0,50,49
3949,dugupsoil2_brownmud,3230,3146,0,30,10,22,0,50,49
3949,dugupsoil2_brownmud,3231,3146,0,31,10,22,1,50,49
4735,short_grass_1,3233,3146,0,33,10,22,3,50,49
4735,short_grass_1,3234,3146,0,34,10,22,1,50,49
4735,short_grass_1,3235,3146,0,35,10,22,3,50,49
3949,dugupsoil2_brownmud,3142,3147,0,6,11,22,0,49,49
3950,dugupsoil3_brownmud,3143,3147,0,7,11,22,0,49,49
3950,dugupsoil3_brownmud,3144,3147,0,8,11,22,3,49,49
11373,mithrilrock2,3144,3147,0,8,11,10,3,49,49
3950,dugupsoil3_brownmud,3145,3147,0,9,11,22,2,49,49
3949,dugupsoil2_brownmud,3146,3147,0,10,11,22,0,49,49
3948,dugupsoil1_brownmud,3147,3147,0,11,11,22,0,49,49
3948,dugupsoil1_brownmud,3148,3147,0,12,11,22,2,49,49
11374,adamantiterock1,3148,3147,0,12,11,10,3,49,49
3950,dugupsoil3_brownmud,3149,3147,0,13,11,22,1,49,49
3949,dugupsoil2_brownmud,3150,3147,0,14,11,22,1,49,49
4735,short_grass_1,3175,3147,0,39,11,22,1,49,49
4737,short_grass_3,3176,3147,0,40,11,22,3,49,49
4738,short_grass_4,3177,3147,0,41,11,22,3,49,49
4738,short_grass_4,3178,3147,0,42,11,22,1,49,49
4737,short_grass_3,3179,3147,0,43,11,22,1,49,49
4735,short_grass_1,3180,3147,0,44,11,22,1,49,49
4736,short_grass_2,3181,3147,0,45,11,22,3,49,49
4737,short_grass_3,3182,3147,0,46,11,22,2,49,49
4736,short_grass_2,3183,3147,0,47,11,22,2,49,49
4735,short_grass_1,3184,3147,0,48,11,22,0,49,49
4735,short_grass_1,3185,3147,0,49,11,22,0,49,49
4735,short_grass_1,3186,3147,0,50,11,22,2,49,49
4735,short_grass_1,3187,3147,0,51,11,22,3,49,49
4736,short_grass_2,3188,3147,0,52,11,22,3,49,49
4737,short_grass_3,3189,3147,0,53,11,22,2,49,49
4737,short_grass_3,3190,3147,0,54,11,22,2,49,49
4736,short_grass_2,3191,3147,0,55,11,22,2,49,49
4735,short_grass_1,3192,3147,0,56,11,22,2,49,49
1300,fern2,3193,3147,0,57,11,10,0,49,49
4735,short_grass_1,3195,3147,0,59,11,22,0,49,49
4737,short_grass_3,3196,3147,0,60,11,22,3,49,49
4738,short_grass_4,3197,3147,0,61,11,22,3,49,49
4738,short_grass_4,3198,3147,0,62,11,22,1,49,49
4737,short_grass_3,3199,3147,0,63,11,22,1,49,49
4735,short_grass_1,3200,3147,0,0,11,22,0,50,49
4735,short_grass_1,3203,3147,0,3,11,22,3,50,49
4735,short_grass_1,3204,3147,0,4,11,22,3,50,49
4735,short_grass_1,3205,3147,0,5,11,22,0,50,49
4735,short_grass_1,3206,3147,0,6,11,22,3,50,49
4737,short_grass_3,3207,3147,0,7,11,22,3,50,49
4738,short_grass_4,3208,3147,0,8,11,22,3,50,49
4738,short_grass_4,3209,3147,0,9,11,22,3,50,49
4738,short_grass_4,3210,3147,0,10,11,22,0,50,49
4738,short_grass_4,3211,3147,0,11,11,22,2,50,49
4737,short_grass_3,3212,3147,0,12,11,22,1,50,49
4735,short_grass_1,3213,3147,0,13,11,22,0,50,49
4735,short_grass_1,3214,3147,0,14,11,22,1,50,49
4735,short_grass_1,3215,3147,0,15,11,22,2,50,49
4737,short_grass_3,3216,3147,0,16,11,22,3,50,49
4738,short_grass_4,3217,3147,0,17,11,22,3,50,49
4737,short_grass_3,3218,3147,0,18,11,22,1,50,49
4736,short_grass_2,3219,3147,0,19,11,22,0,50,49
3950,dugupsoil3_brownmud,3222,3147,0,22,11,22,2,50,49
11361,tinrock2,3222,3147,0,22,11,11,3,50,49
3948,dugupsoil1_brownmud,3223,3147,0,23,11,22,1,50,49
3949,dugupsoil2_brownmud,3224,3147,0,24,11,22,0,50,49
3950,dugupsoil3_brownmud,3225,3147,0,25,11,22,2,50,49
3949,dugupsoil2_brownmud,3226,3147,0,26,11,22,0,50,49
3948,dugupsoil1_brownmud,3227,3147,0,27,11,22,3,50,49
3950,dugupsoil3_brownmud,3228,3147,0,28,11,22,2,50,49
3948,dugupsoil1_brownmud,3229,3147,0,29,11,22,2,50,49
3950,dugupsoil3_brownmud,3230,3147,0,30,11,22,2,50,49
10943,copperrock1,3230,3147,0,30,11,10,1,50,49
4735,short_grass_1,3232,3147,0,32,11,22,2,50,49
4736,short_grass_2,3233,3147,0,33,11,22,3,50,49
4737,short_grass_3,3234,3147,0,34,11,22,2,50,49
4736,short_grass_2,3235,3147,0,35,11,22,2,50,49
4735,short_grass_1,3236,3147,0,36,11,22,2,50,49
3949,dugupsoil2_brownmud,3143,3148,0,7,12,22,3,49,49
3949,dugupsoil2_brownmud,3144,3148,0,8,12,22,3,49,49
11367,coalrock2,3144,3148,0,8,12,10,1,49,49
3948,dugupsoil1_brownmud,3145,3148,0,9,12,22,3,49,49
3950,dugupsoil3_brownmud,3146,3148,0,10,12,22,0,49,49
3949,dugupsoil2_brownmud,3147,3148,0,11,12,22,2,49,49
3948,dugupsoil1_brownmud,3148,3148,0,12,12,22,3,49,49
3949,dugupsoil2_brownmud,3149,3148,0,13,12,22,2,49,49
4735,short_grass_1,3164,3148,0,28,12,22,0,49,49
4735,short_grass_1,3165,3148,0,29,12,22,2,49,49
4735,short_grass_1,3166,3148,0,30,12,22,1,49,49
4735,short_grass_1,3167,3148,0,31,12,22,0,49,49
4735,short_grass_1,3172,3148,0,36,12,22,3,49,49
4735,short_grass_1,3173,3148,0,37,12,22,2,49,49
4735,short_grass_1,3174,3148,0,38,12,22,2,49,49
4735,short_grass_1,3175,3148,0,39,12,22,0,49,49
4737,short_grass_3,3176,3148,0,40,12,22,3,49,49
4738,short_grass_4,3177,3148,0,41,12,22,0,49,49
4738,short_grass_4,3178,3148,0,42,12,22,1,49,49
4737,short_grass_3,3179,3148,0,43,12,22,1,49,49
1300,fern2,3180,3148,0,44,12,10,0,49,49
4737,short_grass_3,3181,3148,0,45,12,22,3,49,49
4738,short_grass_4,3182,3148,0,46,12,22,0,49,49
4737,short_grass_3,3183,3148,0,47,12,22,1,49,49
4735,short_grass_1,3184,3148,0,48,12,22,3,49,49
4735,short_grass_1,3186,3148,0,50,12,22,0,49,49
4736,short_grass_2,3187,3148,0,51,12,22,3,49,49
4737,short_grass_3,3188,3148,0,52,12,22,3,49,49
4738,short_grass_4,3189,3148,0,53,12,22,1,49,49
4738,short_grass_4,3190,3148,0,54,12,22,2,49,49
4737,short_grass_3,3191,3148,0,55,12,22,1,49,49
4735,short_grass_1,3192,3148,0,56,12,22,1,49,49
4735,short_grass_1,3193,3148,0,57,12,22,1,49,49
4735,short_grass_1,3194,3148,0,58,12,22,2,49,49
4736,short_grass_2,3196,3148,0,60,12,22,0,49,49
4737,short_grass_3,3197,3148,0,61,12,22,0,49,49
4737,short_grass_3,3198,3148,0,62,12,22,0,49,49
4736,short_grass_2,3199,3148,0,63,12,22,1,49,49
4735,short_grass_1,3200,3148,0,0,12,22,0,50,49
4735,short_grass_1,3201,3148,0,1,12,22,2,50,49
4735,short_grass_1,3202,3148,0,2,12,22,3,50,49
4735,short_grass_1,3203,3148,0,3,12,22,0,50,49
4735,short_grass_1,3204,3148,0,4,12,22,1,50,49
4735,short_grass_1,3205,3148,0,5,12,22,1,50,49
4735,short_grass_1,3206,3148,0,6,12,22,0,50,49
4737,short_grass_3,3207,3148,0,7,12,22,3,50,49
4736,short_grass_2,3208,3148,0,8,12,22,0,50,49
4738,short_grass_4,3209,3148,0,9,12,22,0,50,49
4738,short_grass_4,3210,3148,0,10,12,22,1,50,49
4736,short_grass_2,3211,3148,0,11,12,22,1,50,49
4737,short_grass_3,3212,3148,0,12,12,22,1,50,49
4735,short_grass_1,3213,3148,0,13,12,22,3,50,49
4735,short_grass_1,3214,3148,0,14,12,22,1,50,49
4735,short_grass_1,3215,3148,0,15,12,22,3,50,49
4736,short_grass_2,3216,3148,0,16,12,22,0,50,49
4737,short_grass_3,3217,3148,0,17,12,22,0,50,49
4736,short_grass_2,3218,3148,0,18,12,22,1,50,49
4735,short_grass_1,3219,3148,0,19,12,22,1,50,49
3949,dugupsoil2_brownmud,3221,3148,0,21,12,22,1,50,49
3950,dugupsoil3_brownmud,3222,3148,0,22,12,22,3,50,49
11361,tinrock2,3223,3148,0,23,12,11,2,50,49
33154,tutor_mining_icon,3223,3148,0,23,12,22,0,50,49
3950,dugupsoil3_brownmud,3224,3148,0,24,12,22,2,50,49
11360,tinrock1,3225,3148,0,25,12,11,2,50,49
3950,dugupsoil3_brownmud,3226,3148,0,26,12,22,1,50,49
3950,dugupsoil3_brownmud,3227,3148,0,27,12,22,1,50,49
3948,dugupsoil1_brownmud,3228,3148,0,28,12,22,3,50,49
3950,dugupsoil3_brownmud,3229,3148,0,29,12,22,2,50,49
11161,copperrock2,3229,3148,0,29,12,10,0,50,49
3948,dugupsoil1_brownmud,3230,3148,0,30,12,22,0,50,49
4735,short_grass_1,3232,3148,0,32,12,22,3,50,49
4737,short_grass_3,3233,3148,0,33,12,22,3,50,49
4737,short_grass_3,3234,3148,0,34,12,22,1,50,49
4737,short_grass_3,3235,3148,0,35,12,22,1,50,49
4736,short_grass_2,3236,3148,0,36,12,22,2,50,49
4735,short_grass_1,3237,3148,0,37,12,22,0,50,49
3949,dugupsoil2_brownmud,3143,3149,0,7,13,22,0,49,49
3949,dugupsoil2_brownmud,3144,3149,0,8,13,22,2,49,49
3948,dugupsoil1_brownmud,3145,3149,0,9,13,22,0,49,49
11366,coalrock1,3145,3149,0,9,13,11,0,49,49
3949,dugupsoil2_brownmud,3146,3149,0,10,13,22,0,49,49
3948,dugupsoil1_brownmud,3147,3149,0,11,13,22,3,49,49
3949,dugupsoil2_brownmud,3148,3149,0,12,13,22,2,49,49
2741,mining_site_icon,3149,3149,0,13,13,22,0,49,49
4735,short_grass_1,3158,3149,0,22,13,22,3,49,49
4735,short_grass_1,3159,3149,0,23,13,22,0,49,49
4735,short_grass_1,3163,3149,0,27,13,22,1,49,49
4736,short_grass_2,3164,3149,0,28,13,22,3,49,49
4737,short_grass_3,3165,3149,0,29,13,22,2,49,49
4737,short_grass_3,3166,3149,0,30,13,22,2,49,49
4736,short_grass_2,3167,3149,0,31,13,22,2,49,49
4735,short_grass_1,3168,3149,0,32,13,22,3,49,49
4735,short_grass_1,3169,3149,0,33,13,22,0,49,49
4735,short_grass_1,3172,3149,0,36,13,22,0,49,49
4736,short_grass_2,3173,3149,0,37,13,22,3,49,49
4736,short_grass_2,3174,3149,0,38,13,22,2,49,49
4735,short_grass_1,3175,3149,0,39,13,22,1,49,49
4736,short_grass_2,3176,3149,0,40,13,22,0,49,49
4737,short_grass_3,3177,3149,0,41,13,22,0,49,49
4737,short_grass_3,3178,3149,0,42,13,22,0,49,49
4736,short_grass_2,3179,3149,0,43,13,22,1,49,49
4735,short_grass_1,3180,3149,0,44,13,22,2,49,49
4736,short_grass_2,3181,3149,0,45,13,22,0,49,49
4737,short_grass_3,3182,3149,0,46,13,22,0,49,49
4736,short_grass_2,3183,3149,0,47,13,22,1,49,49
4735,short_grass_1,3184,3149,0,48,13,22,2,49,49
4735,short_grass_1,3185,3149,0,49,13,22,1,49,49
4735,short_grass_1,3186,3149,0,50,13,22,0,49,49
4736,short_grass_2,3187,3149,0,51,13,22,3,49,49
4737,short_grass_3,3188,3149,0,52,13,22,3,49,49
4738,short_grass_4,3189,3149,0,53,13,22,2,49,49
4738,short_grass_4,3190,3149,0,54,13,22,0,49,49
4737,short_grass_3,3191,3149,0,55,13,22,1,49,49
4735,short_grass_1,3192,3149,0,56,13,22,2,49,49
4736,short_grass_2,3193,3149,0,57,13,22,3,49,49
4736,short_grass_2,3194,3149,0,58,13,22,2,49,49
4735,short_grass_1,3195,3149,0,59,13,22,1,49,49
4735,short_grass_1,3196,3149,0,60,13,22,1,49,49
4735,short_grass_1,3197,3149,0,61,13,22,2,49,49
4735,short_grass_1,3198,3149,0,62,13,22,3,49,49
4735,short_grass_1,3199,3149,0,63,13,22,2,49,49
4735,short_grass_1,3201,3149,0,1,13,22,1,50,49
4736,short_grass_2,3202,3149,0,2,13,22,3,50,49
4737,short_grass_3,3203,3149,0,3,13,22,2,50,49
4736,short_grass_2,3204,3149,0,4,13,22,2,50,49
4735,short_grass_1,3205,3149,0,5,13,22,3,50,49
4735,short_grass_1,3206,3149,0,6,13,22,1,50,49
4735,short_grass_1,3207,3149,0,7,13,22,2,50,49
4737,short_grass_3,3208,3149,0,8,13,22,0,50,49
4737,short_grass_3,3209,3149,0,9,13,22,0,50,49
4737,short_grass_3,3210,3149,0,10,13,22,0,50,49
4737,short_grass_3,3211,3149,0,11,13,22,0,50,49
4735,short_grass_1,3212,3149,0,12,13,22,2,50,49
4735,short_grass_1,3213,3149,0,13,13,22,1,50,49
1392,plant2,3214,3149,0,14,13,10,0,50,49
4735,short_grass_1,3215,3149,0,15,13,22,3,50,49
4735,short_grass_1,3216,3149,0,16,13,22,2,50,49
4735,short_grass_1,3217,3149,0,17,13,22,2,50,49
4735,short_grass_1,3218,3149,0,18,13,22,0,50,49
4735,short_grass_1,3219,3149,0,19,13,22,2,50,49
18407,bgsound_crickets_slow,3220,3149,0,20,13,22,0,50,49
3949,dugupsoil2_brownmud,3222,3149,0,22,13,22,0,50,49
3949,dugupsoil2_brownmud,3223,3149,0,23,13,22,0,50,49
3950,dugupsoil3_brownmud,3224,3149,0,24,13,22,2,50,49
3950,dugupsoil3_brownmud,3225,3149,0,25,13,22,0,50,49
3948,dugupsoil1_brownmud,3226,3149,0,26,13,22,0,50,49
3949,dugupsoil2_brownmud,3227,3149,0,27,13,22,0,50,49
3949,dugupsoil2_brownmud,3228,3149,0,28,13,22,0,50,49
3948,dugupsoil1_brownmud,3229,3149,0,29,13,22,3,50,49
3949,dugupsoil2_brownmud,3230,3149,0,30,13,22,0,50,49
4735,short_grass_1,3232,3149,0,32,13,22,0,50,49
4736,short_grass_2,3233,3149,0,33,13,22,0,50,49
4737,short_grass_3,3234,3149,0,34,13,22,0,50,49
4737,short_grass_3,3235,3149,0,35,13,22,1,50,49
4735,short_grass_1,3236,3149,0,36,13,22,3,50,49
4735,short_grass_1,3237,3149,0,37,13,22,0,50,49
3949,dugupsoil2_brownmud,3143,3150,0,7,14,22,0,49,49
3948,dugupsoil1_brownmud,3144,3150,0,8,14,22,3,49,49
11367,coalrock2,3144,3150,0,8,14,10,1,49,49
3949,dugupsoil2_brownmud,3145,3150,0,9,14,22,2,49,49
3950,dugupsoil3_brownmud,3146,3150,0,10,14,22,1,49,49
3949,dugupsoil2_brownmud,3147,3150,0,11,14,22,1,49,49
3949,dugupsoil2_brownmud,3148,3150,0,12,14,22,1,49,49
3949,dugupsoil2_brownmud,3149,3150,0,13,14,22,3,49,49
4735,short_grass_1,3156,3150,0,20,14,22,2,49,49
4735,short_grass_1,3157,3150,0,21,14,22,2,49,49
4737,short_grass_3,3158,3150,0,22,14,22,2,49,49
4737,short_grass_3,3159,3150,0,23,14,22,2,49,49
4735,short_grass_1,3160,3150,0,24,14,22,1,49,49
1300,fern2,3163,3150,0,27,14,10,3,49,49
4735,short_grass_1,3163,3150,0,27,14,22,2,49,49
4737,short_grass_3,3164,3150,0,28,14,22,3,49,49
4738,short_grass_4,3165,3150,0,29,14,22,2,49,49
4738,short_grass_4,3166,3150,0,30,14,22,2,49,49
4737,short_grass_3,3167,3150,0,31,14,22,1,49,49
4735,short_grass_1,3168,3150,0,32,14,22,0,49,49
4735,short_grass_1,3170,3150,0,34,14,22,3,49,49
4735,short_grass_1,3172,3150,0,36,14,22,3,49,49
4736,short_grass_2,3173,3150,0,37,14,22,0,49,49
4736,short_grass_2,3174,3150,0,38,14,22,1,49,49
4735,short_grass_1,3175,3150,0,39,14,22,3,49,49
4735,short_grass_1,3176,3150,0,40,14,22,0,49,49
4735,short_grass_1,3177,3150,0,41,14,22,1,49,49
4735,short_grass_1,3178,3150,0,42,14,22,2,49,49
4735,short_grass_1,3179,3150,0,43,14,22,3,49,49
4735,short_grass_1,3180,3150,0,44,14,22,3,49,49
4735,short_grass_1,3181,3150,0,45,14,22,3,49,49
4735,short_grass_1,3182,3150,0,46,14,22,0,49,49
10627,treasure_trail_destination,3184,3150,0,48,14,22,0,49,49
4735,short_grass_1,3185,3150,0,49,14,22,2,49,49
4735,short_grass_1,3186,3150,0,50,14,22,2,49,49
4736,short_grass_2,3187,3150,0,51,14,22,3,49,49
4737,short_grass_3,3188,3150,0,52,14,22,2,49,49
4737,short_grass_3,3189,3150,0,53,14,22,2,49,49
4737,short_grass_3,3190,3150,0,54,14,22,0,49,49
4736,short_grass_2,3191,3150,0,55,14,22,1,49,49
16438,randomsound_woodland_ambience,3192,3150,0,56,14,22,0,49,49
4736,short_grass_2,3193,3150,0,57,14,22,0,49,49
4736,short_grass_2,3194,3150,0,58,14,22,1,49,49
4735,short_grass_1,3195,3150,0,59,14,22,3,49,49
4737,short_grass_3,3196,3150,0,60,14,22,2,49,49
4737,short_grass_3,3197,3150,0,61,14,22,2,49,49
4736,short_grass_2,3198,3150,0,62,14,22,2,49,49
4735,short_grass_1,3199,3150,0,63,14,22,0,49,49
4735,short_grass_1,3201,3150,0,1,14,22,0,50,49
4737,short_grass_3,3202,3150,0,2,14,22,3,50,49
4738,short_grass_4,3203,3150,0,3,14,22,2,50,49
4737,short_grass_3,3204,3150,0,4,14,22,1,50,49
4735,short_grass_1,3205,3150,0,5,14,22,0,50,49
4735,short_grass_1,3206,3150,0,6,14,22,3,50,49
4735,short_grass_1,3207,3150,0,7,14,22,3,50,49
4735,short_grass_1,3208,3150,0,8,14,22,0,50,49
4735,short_grass_1,3209,3150,0,9,14,22,1,50,49
4735,short_grass_1,3210,3150,0,10,14,22,2,50,49
4735,short_grass_1,3212,3150,0,12,14,22,0,50,49
4735,short_grass_1,3213,3150,0,13,14,22,0,50,49
4735,short_grass_1,3214,3150,0,14,14,22,1,50,49
4735,short_grass_1,3215,3150,0,15,14,22,2,50,49
4735,short_grass_1,3216,3150,0,16,14,22,0,50,49
4735,short_grass_1,3217,3150,0,17,14,22,1,50,49
4735,short_grass_1,3218,3150,0,18,14,22,3,50,49
4735,short_grass_1,3219,3150,0,19,14,22,3,50,49
4735,short_grass_1,3220,3150,0,20,14,22,3,50,49
3949,dugupsoil2_brownmud,3223,3150,0,23,14,22,0,50,49
3949,dugupsoil2_brownmud,3224,3150,0,24,14,22,0,50,49
3950,dugupsoil3_brownmud,3225,3150,0,25,14,22,2,50,49
3949,dugupsoil2_brownmud,3226,3150,0,26,14,22,0,50,49
3950,dugupsoil3_brownmud,3227,3150,0,27,14,22,2,50,49
3949,dugupsoil2_brownmud,3228,3150,0,28,14,22,0,50,49
3949,dugupsoil2_brownmud,3229,3150,0,29,14,22,2,50,49
3949,dugupsoil2_brownmud,3230,3150,0,30,14,22,0,50,49
3949,dugupsoil2_brownmud,3231,3150,0,31,14,22,1,50,49
4736,short_grass_2,3234,3150,0,34,14,22,3,50,49
4737,short_grass_3,3235,3150,0,35,14,22,2,50,49
4736,short_grass_2,3236,3150,0,36,14,22,2,50,49
4735,short_grass_1,3237,3150,0,37,14,22,0,50,49
4736,short_grass_2,3238,3150,0,38,14,22,3,50,49
4736,short_grass_2,3239,3150,0,39,14,22,2,50,49
3948,dugupsoil1_brownmud,3143,3151,0,7,15,22,1,49,49
3948,dugupsoil1_brownmud,3144,3151,0,8,15,22,1,49,49
3948,dugupsoil1_brownmud,3145,3151,0,9,15,22,0,49,49
11367,coalrock2,3145,3151,0,9,15,10,0,49,49
3948,dugupsoil1_brownmud,3146,3151,0,10,15,22,0,49,49
11366,coalrock1,3146,3151,0,10,15,10,2,49,49
3949,dugupsoil2_brownmud,3147,3151,0,11,15,22,0,49,49
3949,dugupsoil2_brownmud,3148,3151,0,12,15,22,1,49,49
16411,bgsound_blustery_wind_2_15,3149,3151,0,13,15,22,0,49,49
4735,short_grass_1,3151,3151,0,15,15,22,3,49,49
4735,short_grass_1,3156,3151,0,20,15,22,1,49,49
4737,short_grass_3,3157,3151,0,21,15,22,3,49,49
4738,short_grass_4,3158,3151,0,22,15,22,2,49,49
4738,short_grass_4,3159,3151,0,23,15,22,3,49,49
4737,short_grass_3,3160,3151,0,24,15,22,1,49,49
4735,short_grass_1,3161,3151,0,25,15,22,2,49,49
4735,short_grass_1,3162,3151,0,26,15,22,0,49,49
4735,short_grass_1,3163,3151,0,27,15,22,1,49,49
4736,short_grass_2,3164,3151,0,28,15,22,0,49,49
4737,short_grass_3,3165,3151,0,29,15,22,0,49,49
4737,short_grass_3,3166,3151,0,30,15,22,0,49,49
4736,short_grass_2,3167,3151,0,31,15,22,1,49,49
4735,short_grass_1,3168,3151,0,32,15,22,3,49,49
4735,short_grass_1,3169,3151,0,33,15,22,0,49,49
4735,short_grass_1,3170,3151,0,34,15,22,3,49,49
4735,short_grass_1,3172,3151,0,36,15,22,1,49,49
4735,short_grass_1,3173,3151,0,37,15,22,2,49,49
4735,short_grass_1,3174,3151,0,38,15,22,3,49,49
4735,short_grass_1,3175,3151,0,39,15,22,2,49,49
4736,short_grass_2,3176,3151,0,40,15,22,3,49,49
4737,short_grass_3,3177,3151,0,41,15,22,2,49,49
4737,short_grass_3,3178,3151,0,42,15,22,2,49,49
4736,short_grass_2,3179,3151,0,43,15,22,2,49,49
4735,short_grass_1,3180,3151,0,44,15,22,0,49,49
4735,short_grass_1,3181,3151,0,45,15,22,2,49,49
4737,short_grass_3,3183,3151,0,47,15,22,2,49,49
4737,short_grass_3,3184,3151,0,48,15,22,1,49,49
4735,short_grass_1,3185,3151,0,49,15,22,3,49,49
4735,short_grass_1,3186,3151,0,50,15,22,1,49,49
4737,short_grass_3,3187,3151,0,51,15,22,3,49,49
4738,short_grass_4,3188,3151,0,52,15,22,3,49,49
4738,short_grass_4,3189,3151,0,53,15,22,0,49,49
4737,short_grass_3,3190,3151,0,54,15,22,1,49,49
4736,short_grass_2,3191,3151,0,55,15,22,2,49,49
4735,short_grass_1,3192,3151,0,56,15,22,1,49,49
4735,short_grass_1,3193,3151,0,57,15,22,0,49,49
4735,short_grass_1,3194,3151,0,58,15,22,0,49,49
4737,short_grass_3,3195,3151,0,59,15,22,3,49,49
4738,short_grass_4,3196,3151,0,60,15,22,1,49,49
4738,short_grass_4,3197,3151,0,61,15,22,1,49,49
4737,short_grass_3,3198,3151,0,62,15,22,1,49,49
4735,short_grass_1,3199,3151,0,63,15,22,1,49,49
4735,short_grass_1,3201,3151,0,1,15,22,3,50,49
4736,short_grass_2,3202,3151,0,2,15,22,0,50,49
4737,short_grass_3,3203,3151,0,3,15,22,0,50,49
4736,short_grass_2,3204,3151,0,4,15,22,1,50,49
4735,short_grass_1,3205,3151,0,5,15,22,1,50,49
4735,short_grass_1,3206,3151,0,6,15,22,3,50,49
4736,short_grass_2,3207,3151,0,7,15,22,3,50,49
4737,short_grass_3,3208,3151,0,8,15,22,2,50,49
4736,short_grass_2,3209,3151,0,9,15,22,2,50,49
4735,short_grass_1,3210,3151,0,10,15,22,1,50,49
4735,short_grass_1,3211,3151,0,11,15,22,3,50,49
4736,short_grass_2,3212,3151,0,12,15,22,3,50,49
4737,short_grass_3,3213,3151,0,13,15,22,2,50,49
4736,short_grass_2,3214,3151,0,14,15,22,2,50,49
4735,short_grass_1,3215,3151,0,15,15,22,3,50,49
4735,short_grass_1,3216,3151,0,16,15,22,1,50,49
4735,short_grass_1,3217,3151,0,17,15,22,1,50,49
4735,short_grass_1,3218,3151,0,18,15,22,3,50,49
4736,short_grass_2,3219,3151,0,19,15,22,3,50,49
4737,short_grass_3,3220,3151,0,20,15,22,2,50,49
4737,short_grass_3,3221,3151,0,21,15,22,2,50,49
3949,dugupsoil2_brownmud,3225,3151,0,25,15,22,2,50,49
3949,dugupsoil2_brownmud,3226,3151,0,26,15,22,1,50,49
3949,dugupsoil2_brownmud,3227,3151,0,27,15,22,0,50,49
3949,dugupsoil2_brownmud,3228,3151,0,28,15,22,3,50,49
3949,dugupsoil2_brownmud,3233,3151,0,33,15,22,2,50,49
4738,short_grass_4,3235,3151,0,35,15,22,3,50,49
4737,short_grass_3,3236,3151,0,36,15,22,1,50,49
4735,short_grass_1,3237,3151,0,37,15,22,0,50,49
4736,short_grass_2,3238,3151,0,38,15,22,0,50,49
4736,short_grass_2,3239,3151,0,39,15,22,1,50,49
3949,dugupsoil2_brownmud,3143,3152,0,7,16,22,1,49,49
11366,coalrock1,3144,3152,0,8,16,10,1,49,49
3948,dugupsoil1_brownmud,3145,3152,0,9,16,22,3,49,49
3949,dugupsoil2_brownmud,3146,3152,0,10,16,22,3,49,49
3948,dugupsoil1_brownmud,3147,3152,0,11,16,22,1,49,49
3949,dugupsoil2_brownmud,3148,3152,0,12,16,22,2,49,49
4735,short_grass_1,3150,3152,0,14,16,22,1,49,49
4737,short_grass_3,3151,3152,0,15,16,22,3,49,49
4737,short_grass_3,3152,3152,0,16,16,22,1,49,49
4736,short_grass_2,3154,3152,0,18,16,22,3,49,49
4736,short_grass_2,3155,3152,0,19,16,22,2,49,49
4735,short_grass_1,3156,3152,0,20,16,22,0,49,49
4737,short_grass_3,3157,3152,0,21,16,22,3,49,49
4738,short_grass_4,3158,3152,0,22,16,22,0,49,49
4738,short_grass_4,3159,3152,0,23,16,22,1,49,49
4737,short_grass_3,3160,3152,0,24,16,22,1,49,49
4735,short_grass_1,3161,3152,0,25,16,22,3,49,49
4736,short_grass_2,3162,3152,0,26,16,22,3,49,49
4737,short_grass_3,3163,3152,0,27,16,22,2,49,49
4736,short_grass_2,3164,3152,0,28,16,22,2,49,49
4735,short_grass_1,3165,3152,0,29,16,22,2,49,49
4735,short_grass_1,3166,3152,0,30,16,22,3,49,49
4735,short_grass_1,3167,3152,0,31,16,22,2,49,49
4735,short_grass_1,3168,3152,0,32,16,22,1,49,49
4736,short_grass_2,3169,3152,0,33,16,22,3,49,49
4737,short_grass_3,3170,3152,0,34,16,22,2,49,49
4736,short_grass_2,3171,3152,0,35,16,22,2,49,49
4735,short_grass_1,3172,3152,0,36,16,22,2,49,49
4735,short_grass_1,3174,3152,0,38,16,22,0,49,49
4735,short_grass_1,3175,3152,0,39,16,22,0,49,49
4737,short_grass_3,3176,3152,0,40,16,22,3,49,49
4738,short_grass_4,3177,3152,0,41,16,22,2,49,49
4738,short_grass_4,3178,3152,0,42,16,22,0,49,49
4737,short_grass_3,3179,3152,0,43,16,22,1,49,49
4735,short_grass_1,3180,3152,0,44,16,22,1,49,49
4735,short_grass_1,3181,3152,0,45,16,22,2,49,49
4737,short_grass_3,3183,3152,0,47,16,22,3,49,49
4737,short_grass_3,3184,3152,0,48,16,22,0,49,49
4735,short_grass_1,3186,3152,0,50,16,22,1,49,49
4736,short_grass_2,3187,3152,0,51,16,22,0,49,49
4737,short_grass_3,3188,3152,0,52,16,22,0,49,49
4737,short_grass_3,3189,3152,0,53,16,22,0,49,49
4736,short_grass_2,3190,3152,0,54,16,22,1,49,49
4737,short_grass_3,3191,3152,0,55,16,22,2,49,49
4737,short_grass_3,3192,3152,0,56,16,22,2,49,49
4736,short_grass_2,3193,3152,0,57,16,22,2,49,49
4735,short_grass_1,3194,3152,0,58,16,22,3,49,49
4737,short_grass_3,3195,3152,0,59,16,22,3,49,49
4738,short_grass_4,3196,3152,0,60,16,22,1,49,49
4738,short_grass_4,3197,3152,0,61,16,22,3,49,49
4737,short_grass_3,3198,3152,0,62,16,22,1,49,49
4735,short_grass_1,3199,3152,0,63,16,22,2,49,49
4735,short_grass_1,3200,3152,0,0,16,22,0,50,49
4735,short_grass_1,3201,3152,0,1,16,22,2,50,49
4735,short_grass_1,3202,3152,0,2,16,22,1,50,49
4735,short_grass_1,3203,3152,0,3,16,22,1,50,49
4735,short_grass_1,3204,3152,0,4,16,22,3,50,49
4735,short_grass_1,3205,3152,0,5,16,22,2,50,49
4735,short_grass_1,3206,3152,0,6,16,22,3,50,49
4737,short_grass_3,3207,3152,0,7,16,22,3,50,49
4738,short_grass_4,3208,3152,0,8,16,22,3,50,49
4737,short_grass_3,3209,3152,0,9,16,22,1,50,49
4735,short_grass_1,3210,3152,0,10,16,22,0,50,49
4735,short_grass_1,3211,3152,0,11,16,22,1,50,49
4737,short_grass_3,3212,3152,0,12,16,22,3,50,49
4738,short_grass_4,3213,3152,0,13,16,22,3,50,49
4737,short_grass_3,3214,3152,0,14,16,22,1,50,49
4735,short_grass_1,3215,3152,0,15,16,22,0,50,49
4735,short_grass_1,3216,3152,0,16,16,22,2,50,49
4735,short_grass_1,3217,3152,0,17,16,22,3,50,49
4735,short_grass_1,3218,3152,0,18,16,22,2,50,49
4737,short_grass_3,3219,3152,0,19,16,22,3,50,49
4738,short_grass_4,3220,3152,0,20,16,22,3,50,49
4738,short_grass_4,3221,3152,0,21,16,22,3,50,49
4737,short_grass_3,3222,3152,0,22,16,22,1,50,49
4737,short_grass_3,3230,3152,0,30,16,22,2,50,49
4735,short_grass_1,3231,3152,0,31,16,22,0,50,49
4735,short_grass_1,3232,3152,0,32,16,22,1,50,49
4737,short_grass_3,3235,3152,0,35,16,22,0,50,49
4736,short_grass_2,3236,3152,0,36,16,22,1,50,49
4735,short_grass_1,3237,3152,0,37,16,22,0,50,49
4735,short_grass_1,3238,3152,0,38,16,22,1,50,49
4737,short_grass_3,3239,3152,0,39,16,22,2,50,49
4735,short_grass_1,3240,3152,0,40,16,22,2,50,49
3948,dugupsoil1_brownmud,3144,3153,0,8,17,22,2,49,49
3949,dugupsoil2_brownmud,3145,3153,0,9,17,22,0,49,49
11367,coalrock2,3145,3153,0,9,17,10,3,49,49
3948,dugupsoil1_brownmud,3146,3153,0,10,17,22,3,49,49
3949,dugupsoil2_brownmud,3147,3153,0,11,17,22,1,49,49
4736,short_grass_2,3149,3153,0,13,17,22,2,49,49
4736,short_grass_2,3150,3153,0,14,17,22,1,49,49
4735,short_grass_1,3151,3153,0,15,17,22,0,49,49
4735,short_grass_1,3152,3153,0,16,17,22,3,49,49
4735,short_grass_1,3153,3153,0,17,17,22,2,49,49
4736,short_grass_2,3154,3153,0,18,17,22,0,49,49
4736,short_grass_2,3155,3153,0,19,17,22,1,49,49
4735,short_grass_1,3157,3153,0,21,17,22,3,49,49
4737,short_grass_3,3158,3153,0,22,17,22,0,49,49
4737,short_grass_3,3159,3153,0,23,17,22,0,49,49
4735,short_grass_1,3160,3153,0,24,17,22,0,49,49
4735,short_grass_1,3161,3153,0,25,17,22,1,49,49
4736,short_grass_2,3162,3153,0,26,17,22,0,49,49
4738,short_grass_4,3163,3153,0,27,17,22,0,49,49
4736,short_grass_2,3164,3153,0,28,17,22,1,49,49
4735,short_grass_1,3165,3153,0,29,17,22,0,49,49
4735,short_grass_1,3166,3153,0,30,17,22,3,49,49
4736,short_grass_2,3167,3153,0,31,17,22,3,49,49
4737,short_grass_3,3168,3153,0,32,17,22,2,49,49
4737,short_grass_3,3169,3153,0,33,17,22,2,49,49
4738,short_grass_4,3170,3153,0,34,17,22,0,49,49
4737,short_grass_3,3171,3153,0,35,17,22,1,49,49
4735,short_grass_1,3172,3153,0,36,17,22,1,49,49
4735,short_grass_1,3173,3153,0,37,17,22,1,49,49
4735,short_grass_1,3175,3153,0,39,17,22,3,49,49
4737,short_grass_3,3176,3153,0,40,17,22,3,49,49
4738,short_grass_4,3177,3153,0,41,17,22,1,49,49
4738,short_grass_4,3178,3153,0,42,17,22,3,49,49
4737,short_grass_3,3179,3153,0,43,17,22,1,49,49
4735,short_grass_1,3180,3153,0,44,17,22,2,49,49
4735,short_grass_1,3186,3153,0,50,17,22,0,49,49
4735,short_grass_1,3187,3153,0,51,17,22,2,49,49
4735,short_grass_1,3188,3153,0,52,17,22,3,49,49
4735,short_grass_1,3189,3153,0,53,17,22,0,49,49
4737,short_grass_3,3190,3153,0,54,17,22,3,49,49
4738,short_grass_4,3191,3153,0,55,17,22,2,49,49
4738,short_grass_4,3192,3153,0,56,17,22,1,49,49
4737,short_grass_3,3193,3153,0,57,17,22,1,49,49
4735,short_grass_1,3194,3153,0,58,17,22,3,49,49
4735,short_grass_1,3195,3153,0,59,17,22,0,49,49
4737,short_grass_3,3196,3153,0,60,17,22,0,49,49
4737,short_grass_3,3197,3153,0,61,17,22,0,49,49
4736,short_grass_2,3198,3153,0,62,17,22,1,49,49
4735,short_grass_1,3199,3153,0,63,17,22,3,49,49
4735,short_grass_1,3200,3153,0,0,17,22,3,50,49
4735,short_grass_1,3201,3153,0,1,17,22,1,50,49
4735,short_grass_1,3202,3153,0,2,17,22,2,50,49
4735,short_grass_1,3203,3153,0,3,17,22,2,50,49
4735,short_grass_1,3204,3153,0,4,17,22,1,50,49
4735,short_grass_1,3205,3153,0,5,17,22,2,50,49
4735,short_grass_1,3206,3153,0,6,17,22,3,50,49
4736,short_grass_2,3207,3153,0,7,17,22,0,50,49
4737,short_grass_3,3208,3153,0,8,17,22,0,50,49
4736,short_grass_2,3209,3153,0,9,17,22,1,50,49
4735,short_grass_1,3210,3153,0,10,17,22,1,50,49
4735,short_grass_1,3211,3153,0,11,17,22,3,50,49
4736,short_grass_2,3212,3153,0,12,17,22,0,50,49
4737,short_grass_3,3213,3153,0,13,17,22,0,50,49
4736,short_grass_2,3214,3153,0,14,17,22,1,50,49
4735,short_grass_1,3215,3153,0,15,17,22,0,50,49
4735,short_grass_1,3216,3153,0,16,17,22,3,50,49
4735,short_grass_1,3217,3153,0,17,17,22,0,50,49
4735,short_grass_1,3218,3153,0,18,17,22,1,50,49
4737,short_grass_3,3219,3153,0,19,17,22,3,50,49
4738,short_grass_4,3220,3153,0,20,17,22,2,50,49
4738,short_grass_4,3221,3153,0,21,17,22,0,50,49
4737,short_grass_3,3222,3153,0,22,17,22,1,50,49
4735,short_grass_1,3223,3153,0,23,17,22,2,50,49
4737,short_grass_3,3224,3153,0,24,17,22,0,50,49
4737,short_grass_3,3225,3153,0,25,17,22,0,50,49
4737,short_grass_3,3226,3153,0,26,17,22,0,50,49
4737,short_grass_3,3227,3153,0,27,17,22,0,50,49
4735,short_grass_1,3228,3153,0,28,17,22,2,50,49
4737,short_grass_3,3229,3153,0,29,17,22,3,50,49
4738,short_grass_4,3230,3153,0,30,17,22,3,50,49
4737,short_grass_3,3231,3153,0,31,17,22,1,50,49
4735,short_grass_1,3232,3153,0,32,17,22,2,50,49
3949,dugupsoil2_brownmud,3234,3153,0,34,17,22,3,50,49
4735,short_grass_1,3236,3153,0,36,17,22,3,50,49
4735,short_grass_1,3237,3153,0,37,17,22,2,50,49
29660,mistmyst_hewey_fern,3237,3153,0,37,17,10,0,50,49
4737,short_grass_3,3238,3153,0,38,17,22,3,50,49
4738,short_grass_4,3239,3153,0,39,17,22,2,50,49
4737,short_grass_3,3240,3153,0,40,17,22,1,50,49
4735,short_grass_1,3241,3153,0,41,17,22,2,50,49
2759,fishing_point_icon,3245,3153,0,45,17,22,0,50,49
320,dugupsoil2_light,3263,3153,0,63,17,22,1,50,49
3949,dugupsoil2_brownmud,3145,3154,0,9,18,22,1,49,49
3949,dugupsoil2_brownmud,3146,3154,0,10,18,22,0,49,49
4735,short_grass_1,3148,3154,0,12,18,22,0,49,49
4735,short_grass_1,3149,3154,0,13,18,22,0,49,49
4735,short_grass_1,3150,3154,0,14,18,22,1,49,49
4735,short_grass_1,3151,3154,0,15,18,22,1,49,49
4736,short_grass_2,3152,3154,0,16,18,22,3,49,49
4736,short_grass_2,3153,3154,0,17,18,22,2,49,49
4736,short_grass_2,3154,3154,0,18,18,22,3,49,49
4737,short_grass_3,3155,3154,0,19,18,22,2,49,49
4737,short_grass_3,3156,3154,0,20,18,22,2,49,49
4736,short_grass_2,3157,3154,0,21,18,22,2,49,49
4735,short_grass_1,3158,3154,0,22,18,22,2,49,49
4735,short_grass_1,3159,3154,0,23,18,22,1,49,49
4735,short_grass_1,3160,3154,0,24,18,22,0,49,49
4735,short_grass_1,3161,3154,0,25,18,22,2,49,49
4736,short_grass_2,3162,3154,0,26,18,22,3,49,49
4737,short_grass_3,3163,3154,0,27,18,22,2,49,49
4736,short_grass_2,3164,3154,0,28,18,22,2,49,49
4735,short_grass_1,3165,3154,0,29,18,22,1,49,49
4735,short_grass_1,3166,3154,0,30,18,22,1,49,49
4737,short_grass_3,3167,3154,0,31,18,22,3,49,49
4738,short_grass_4,3168,3154,0,32,18,22,0,49,49
4738,short_grass_4,3169,3154,0,33,18,22,3,49,49
4737,short_grass_3,3170,3154,0,34,18,22,1,49,49
4736,short_grass_2,3171,3154,0,35,18,22,1,49,49
4735,short_grass_1,3172,3154,0,36,18,22,0,49,49
4735,short_grass_1,3174,3154,0,38,18,22,1,49,49
4735,short_grass_1,3175,3154,0,39,18,22,2,49,49
4736,short_grass_2,3176,3154,0,40,18,22,0,49,49
4737,short_grass_3,3177,3154,0,41,18,22,0,49,49
4737,short_grass_3,3178,3154,0,42,18,22,0,49,49
4736,short_grass_2,3179,3154,0,43,18,22,1,49,49
4735,short_grass_1,3180,3154,0,44,18,22,3,49,49
1258,grass_light_2,3183,3154,0,47,18,22,2,49,49
1258,grass_light_2,3184,3154,0,48,18,22,1,49,49
1258,grass_light_2,3185,3154,0,49,18,22,1,49,49
1300,fern2,3187,3154,0,51,18,10,2,49,49
4735,short_grass_1,3188,3154,0,52,18,22,0,49,49
4735,short_grass_1,3189,3154,0,53,18,22,1,49,49
4737,short_grass_3,3190,3154,0,54,18,22,3,49,49
4738,short_grass_4,3191,3154,0,55,18,22,3,49,49
4738,short_grass_4,3192,3154,0,56,18,22,0,49,49
4737,short_grass_3,3193,3154,0,57,18,22,1,49,49
4735,short_grass_1,3194,3154,0,58,18,22,1,49,49
1300,fern2,3195,3154,0,59,18,10,3,49,49
4735,short_grass_1,3196,3154,0,60,18,22,0,49,49
4735,short_grass_1,3197,3154,0,61,18,22,3,49,49
4735,short_grass_1,3198,3154,0,62,18,22,2,49,49
4735,short_grass_1,3199,3154,0,63,18,22,1,49,49
4735,short_grass_1,3201,3154,0,1,18,22,0,50,49
4736,short_grass_2,3202,3154,0,2,18,22,3,50,49
4737,short_grass_3,3203,3154,0,3,18,22,2,50,49
4736,short_grass_2,3204,3154,0,4,18,22,2,50,49
4735,short_grass_1,3205,3154,0,5,18,22,1,50,49
4735,short_grass_1,3206,3154,0,6,18,22,2,50,49
4735,short_grass_1,3207,3154,0,7,18,22,0,50,49
4735,short_grass_1,3208,3154,0,8,18,22,3,50,49
4735,short_grass_1,3209,3154,0,9,18,22,2,50,49
4735,short_grass_1,3210,3154,0,10,18,22,2,50,49
4735,short_grass_1,3211,3154,0,11,18,22,2,50,49
4735,short_grass_1,3212,3154,0,12,18,22,1,50,49
4738,short_grass_4,3213,3154,0,13,18,22,3,50,49
4738,short_grass_4,3214,3154,0,14,18,22,2,50,49
4737,short_grass_3,3215,3154,0,15,18,22,2,50,49
4735,short_grass_1,3216,3154,0,16,18,22,2,50,49
4735,short_grass_1,3217,3154,0,17,18,22,0,50,49
4736,short_grass_2,3219,3154,0,19,18,22,0,50,49
4737,short_grass_3,3220,3154,0,20,18,22,0,50,49
13840,templetrek_leaflessbush,3220,3154,0,20,18,10,2,50,49
4737,short_grass_3,3221,3154,0,21,18,22,0,50,49
4736,short_grass_2,3222,3154,0,22,18,22,3,50,49
4737,short_grass_3,3223,3154,0,23,18,22,2,50,49
4736,short_grass_2,3224,3154,0,24,18,22,2,50,49
4735,short_grass_1,3225,3154,0,25,18,22,0,50,49
5536,short_grass_wall_edge_2,3226,3154,0,26,18,22,3,50,49
5536,short_grass_wall_edge_2,3227,3154,0,27,18,22,2,50,49
4735,short_grass_1,3228,3154,0,28,18,22,1,50,49
4735,short_grass_1,3229,3154,0,29,18,22,2,50,49
4735,short_grass_1,3230,3154,0,30,18,22,1,50,49
4735,short_grass_1,3231,3154,0,31,18,22,2,50,49
4735,short_grass_1,3232,3154,0,32,18,22,3,50,49
4735,short_grass_1,3236,3154,0,36,18,22,1,50,49
4735,short_grass_1,3237,3154,0,37,18,22,3,50,49
4735,short_grass_1,3238,3154,0,38,18,22,0,50,49
4737,short_grass_3,3239,3154,0,39,18,22,0,50,49
4737,short_grass_3,3240,3154,0,40,18,22,2,50,49
4737,short_grass_3,3241,3154,0,41,18,22,2,50,49
4736,short_grass_2,3242,3154,0,42,18,22,2,50,49
4735,short_grass_1,3243,3154,0,43,18,22,3,50,49
321,dugupsoil3_light,3262,3154,0,62,18,22,1,50,49
320,dugupsoil2_light,3263,3154,0,63,18,22,2,50,49
4735,short_grass_1,3146,3155,0,10,19,22,3,49,49
4735,short_grass_1,3147,3155,0,11,19,22,2,49,49
4736,short_grass_2,3148,3155,0,12,19,22,3,49,49
4736,short_grass_2,3149,3155,0,13,19,22,2,49,49
4735,short_grass_1,3150,3155,0,14,19,22,1,49,49
4735,short_grass_1,3151,3155,0,15,19,22,0,49,49
4736,short_grass_2,3152,3155,0,16,19,22,0,49,49
4736,short_grass_2,3153,3155,0,17,19,22,1,49,49
4737,short_grass_3,3154,3155,0,18,19,22,3,49,49
4738,short_grass_4,3155,3155,0,19,19,22,0,49,49
4738,short_grass_4,3156,3155,0,20,19,22,0,49,49
4737,short_grass_3,3157,3155,0,21,19,22,1,49,49
4735,short_grass_1,3158,3155,0,22,19,22,2,49,49
4735,short_grass_1,3159,3155,0,23,19,22,0,49,49
4736,short_grass_2,3160,3155,0,24,19,22,3,49,49
4736,short_grass_2,3161,3155,0,25,19,22,2,49,49
4737,short_grass_3,3162,3155,0,26,19,22,3,49,49
4738,short_grass_4,3163,3155,0,27,19,22,1,49,49
4737,short_grass_3,3164,3155,0,28,19,22,1,49,49
4735,short_grass_1,3166,3155,0,30,19,22,0,49,49
4737,short_grass_3,3167,3155,0,31,19,22,3,49,49
4738,short_grass_4,3168,3155,0,32,19,22,1,49,49
4738,short_grass_4,3169,3155,0,33,19,22,2,49,49
4737,short_grass_3,3170,3155,0,34,19,22,1,49,49
4736,short_grass_2,3171,3155,0,35,19,22,1,49,49
4735,short_grass_1,3172,3155,0,36,19,22,3,49,49
4735,short_grass_1,3175,3155,0,39,19,22,0,49,49
4735,short_grass_1,3176,3155,0,40,19,22,3,49,49
4735,short_grass_1,3177,3155,0,41,19,22,3,49,49
4735,short_grass_1,3178,3155,0,42,19,22,2,49,49
4735,short_grass_1,3179,3155,0,43,19,22,1,49,49
1258,grass_light_2,3181,3155,0,45,19,22,0,49,49
1258,grass_light_2,3182,3155,0,46,19,22,2,49,49
1258,grass_light_2,3183,3155,0,47,19,22,1,49,49
1258,grass_light_2,3184,3155,0,48,19,22,3,49,49
1258,grass_light_2,3185,3155,0,49,19,22,2,49,49
4736,short_grass_2,3190,3155,0,54,19,22,0,49,49
4737,short_grass_3,3191,3155,0,55,19,22,0,49,49
4737,short_grass_3,3192,3155,0,56,19,22,0,49,49
4736,short_grass_2,3193,3155,0,57,19,22,1,49,49
4735,short_grass_1,3194,3155,0,58,19,22,2,49,49
4735,short_grass_1,3195,3155,0,59,19,22,0,49,49
4735,short_grass_1,3201,3155,0,1,19,22,3,50,49
4737,short_grass_3,3202,3155,0,2,19,22,3,50,49
4738,short_grass_4,3203,3155,0,3,19,22,2,50,49
4737,short_grass_3,3204,3155,0,4,19,22,1,50,49
4735,short_grass_1,3205,3155,0,5,19,22,0,50,49
4735,short_grass_1,3206,3155,0,6,19,22,2,50,49
4735,short_grass_1,3207,3155,0,7,19,22,0,50,49
4735,short_grass_1,3208,3155,0,8,19,22,1,50,49
4735,short_grass_1,3209,3155,0,9,19,22,3,50,49
4735,short_grass_1,3210,3155,0,10,19,22,1,50,49
4735,short_grass_1,3211,3155,0,11,19,22,2,50,49
4735,short_grass_1,3212,3155,0,12,19,22,0,50,49
4737,short_grass_3,3213,3155,0,13,19,22,2,50,49
4738,short_grass_4,3214,3155,0,14,19,22,0,50,49
4738,short_grass_4,3215,3155,0,15,19,22,1,50,49
4737,short_grass_3,3216,3155,0,16,19,22,1,50,49
4735,short_grass_1,3217,3155,0,17,19,22,3,50,49
4735,short_grass_1,3218,3155,0,18,19,22,1,50,49
4735,short_grass_1,3219,3155,0,19,19,22,1,50,49
4735,short_grass_1,3220,3155,0,20,19,22,2,50,49
4735,short_grass_1,3221,3155,0,21,19,22,0,50,49
4735,short_grass_1,3222,3155,0,22,19,22,3,50,49
4738,short_grass_4,3223,3155,0,23,19,22,3,50,49
4737,short_grass_3,3224,3155,0,24,19,22,1,50,49
4735,short_grass_1,3225,3155,0,25,19,22,3,50,49
5536,short_grass_wall_edge_2,3226,3155,0,26,19,22,0,50,49
5536,short_grass_wall_edge_2,3227,3155,0,27,19,22,1,50,49
1298,fern,3228,3155,0,28,19,10,0,50,49
4735,short_grass_1,3229,3155,0,29,19,22,3,50,49
4737,short_grass_3,3230,3155,0,30,19,22,2,50,49
4737,short_grass_3,3231,3155,0,31,19,22,2,50,49
4735,short_grass_1,3232,3155,0,32,19,22,2,50,49
4735,short_grass_1,3233,3155,0,33,19,22,2,50,49
42732,quest_start_icon_misthalinmystery,3236,3155,0,36,19,22,0,50,49
4735,short_grass_1,3237,3155,0,37,19,22,0,50,49
29661,mistmyst_abigale_fern,3237,3155,0,37,19,10,0,50,49
4735,short_grass_1,3238,3155,0,38,19,22,1,50,49
4737,short_grass_3,3239,3155,0,39,19,22,3,50,49
4738,short_grass_4,3240,3155,0,40,19,22,3,50,49
4738,short_grass_4,3241,3155,0,41,19,22,0,50,49
4737,short_grass_3,3242,3155,0,42,19,22,1,50,49
4735,short_grass_1,3243,3155,0,43,19,22,0,50,49
320,dugupsoil2_light,3261,3155,0,61,19,22,0,50,49
320,dugupsoil2_light,3262,3155,0,62,19,22,3,50,49
4735,short_grass_1,3146,3156,0,10,20,22,2,49,49
1300,fern2,3147,3156,0,11,20,10,1,49,49
4735,short_grass_1,3147,3156,0,11,20,22,1,49,49
4736,short_grass_2,3148,3156,0,12,20,22,0,49,49
4736,short_grass_2,3149,3156,0,13,20,22,1,49,49
4735,short_grass_1,3150,3156,0,14,20,22,2,49,49
4735,short_grass_1,3151,3156,0,15,20,22,1,49,49
4737,short_grass_3,3152,3156,0,16,20,22,2,49,49
4735,short_grass_1,3153,3156,0,17,20,22,3,49,49
4737,short_grass_3,3154,3156,0,18,20,22,3,49,49
4738,short_grass_4,3155,3156,0,19,20,22,0,49,49
4738,short_grass_4,3156,3156,0,20,20,22,0,49,49
4737,short_grass_3,3157,3156,0,21,20,22,1,49,49
1300,fern2,3158,3156,0,22,20,10,3,49,49
4735,short_grass_1,3159,3156,0,23,20,22,3,49,49
4736,short_grass_2,3160,3156,0,24,20,22,0,49,49
4736,short_grass_2,3161,3156,0,25,20,22,1,49,49
4736,short_grass_2,3162,3156,0,26,20,22,0,49,49
4737,short_grass_3,3163,3156,0,27,20,22,0,49,49
4736,short_grass_2,3164,3156,0,28,20,22,1,49,49
4735,short_grass_1,3165,3156,0,29,20,22,3,49,49
4735,short_grass_1,3166,3156,0,30,20,22,2,49,49
4736,short_grass_2,3167,3156,0,31,20,22,0,49,49
4737,short_grass_3,3168,3156,0,32,20,22,0,49,49
4737,short_grass_3,3169,3156,0,33,20,22,0,49,49
4736,short_grass_2,3170,3156,0,34,20,22,1,49,49
4735,short_grass_1,3171,3156,0,35,20,22,2,49,49
4736,short_grass_2,3174,3156,0,38,20,22,3,49,49
4736,short_grass_2,3175,3156,0,39,20,22,2,49,49
1258,grass_light_2,3181,3156,0,45,20,22,3,49,49
1259,grass_light_3,3182,3156,0,46,20,22,0,49,49
10793,boulder4,3183,3156,0,47,20,10,0,49,49
1259,grass_light_3,3184,3156,0,48,20,22,3,49,49
1258,grass_light_2,3185,3156,0,49,20,22,0,49,49
1258,grass_light_2,3186,3156,0,50,20,22,3,49,49
21742,new_nastyfungus_dark,3186,3156,0,50,20,10,3,49,49
1258,grass_light_2,3187,3156,0,51,20,22,3,49,49
4735,short_grass_1,3189,3156,0,53,20,22,2,49,49
4735,short_grass_1,3190,3156,0,54,20,22,3,49,49
4735,short_grass_1,3192,3156,0,56,20,22,0,49,49
4735,short_grass_1,3193,3156,0,57,20,22,1,49,49
4735,short_grass_1,3194,3156,0,58,20,22,3,49,49
4735,short_grass_1,3195,3156,0,59,20,22,2,49,49
4735,short_grass_1,3201,3156,0,1,20,22,1,50,49
4736,short_grass_2,3202,3156,0,2,20,22,0,50,49
4737,short_grass_3,3203,3156,0,3,20,22,0,50,49
4736,short_grass_2,3204,3156,0,4,20,22,1,50,49
4735,short_grass_1,3205,3156,0,5,20,22,0,50,49
4737,short_grass_3,3206,3156,0,6,20,22,2,50,49
4737,short_grass_3,3207,3156,0,7,20,22,2,50,49
4737,short_grass_3,3208,3156,0,8,20,22,2,50,49
4736,short_grass_2,3209,3156,0,9,20,22,1,50,49
4735,short_grass_1,3210,3156,0,10,20,22,1,50,49
4735,short_grass_1,3211,3156,0,11,20,22,1,50,49
4735,short_grass_1,3212,3156,0,12,20,22,1,50,49
4737,short_grass_3,3213,3156,0,13,20,22,3,50,49
4737,short_grass_3,3214,3156,0,14,20,22,2,50,49
4737,short_grass_3,3215,3156,0,15,20,22,0,50,49
4735,short_grass_1,3216,3156,0,16,20,22,2,50,49
4735,short_grass_1,3217,3156,0,17,20,22,0,50,49
4735,short_grass_1,3218,3156,0,18,20,22,1,50,49
4735,short_grass_1,3221,3156,0,21,20,22,1,50,49
4736,short_grass_2,3222,3156,0,22,20,22,0,50,49
4737,short_grass_3,3223,3156,0,23,20,22,0,50,49
4736,short_grass_2,3224,3156,0,24,20,22,1,50,49
1299,fern1,3225,3156,0,25,20,10,0,50,49
4735,short_grass_1,3227,3156,0,27,20,22,3,50,49
4735,short_grass_1,3228,3156,0,28,20,22,0,50,49
4737,short_grass_3,3229,3156,0,29,20,22,3,50,49
4738,short_grass_4,3230,3156,0,30,20,22,2,50,49
4738,short_grass_4,3231,3156,0,31,20,22,0,50,49
4736,short_grass_2,3232,3156,0,32,20,22,2,50,49
4735,short_grass_1,3233,3156,0,33,20,22,2,50,49
4735,short_grass_1,3234,3156,0,34,20,22,2,50,49
4735,short_grass_1,3238,3156,0,38,20,22,3,50,49
4737,short_grass_3,3239,3156,0,39,20,22,0,50,49
4738,short_grass_4,3240,3156,0,40,20,22,1,50,49
4738,short_grass_4,3241,3156,0,41,20,22,1,50,49
4737,short_grass_3,3242,3156,0,42,20,22,1,50,49
4735,short_grass_1,3243,3156,0,43,20,22,2,50,49
15675,aide_barrel_fish,3244,3156,0,44,20,10,0,50,49
674,net,3245,3156,0,45,20,11,3,50,49
320,dugupsoil2_light,3260,3156,0,60,20,22,2,50,49
320,dugupsoil2_light,3261,3156,0,61,20,22,1,50,49
4735,short_grass_1,3146,3157,0,10,21,22,1,49,49
4735,short_grass_1,3147,3157,0,11,21,22,3,49,49
4735,short_grass_1,3148,3157,0,12,21,22,0,49,49
4735,short_grass_1,3149,3157,0,13,21,22,3,49,49
4736,short_grass_2,3150,3157,0,14,21,22,3,49,49
4736,short_grass_2,3151,3157,0,15,21,22,2,49,49
4737,short_grass_3,3152,3157,0,16,21,22,0,49,49
4735,short_grass_1,3153,3157,0,17,21,22,0,49,49
4736,short_grass_2,3154,3157,0,18,21,22,0,49,49
4737,short_grass_3,3155,3157,0,19,21,22,0,49,49
4737,short_grass_3,3156,3157,0,20,21,22,0,49,49
4736,short_grass_2,3157,3157,0,21,21,22,1,49,49
4735,short_grass_1,3158,3157,0,22,21,22,3,49,49
4735,short_grass_1,3160,3157,0,24,21,22,2,49,49
4735,short_grass_1,3161,3157,0,25,21,22,0,49,49
4735,short_grass_1,3162,3157,0,26,21,22,0,49,49
4736,short_grass_2,3163,3157,0,27,21,22,3,49,49
4737,short_grass_3,3164,3157,0,28,21,22,2,49,49
4737,short_grass_3,3165,3157,0,29,21,22,2,49,49
4736,short_grass_2,3166,3157,0,30,21,22,2,49,49
4735,short_grass_1,3167,3157,0,31,21,22,1,49,49
4735,short_grass_1,3168,3157,0,32,21,22,2,49,49
4735,short_grass_1,3170,3157,0,34,21,22,3,49,49
4735,short_grass_1,3171,3157,0,35,21,22,0,49,49
4735,short_grass_1,3172,3157,0,36,21,22,1,49,49
4735,short_grass_1,3173,3157,0,37,21,22,0,49,49
4736,short_grass_2,3174,3157,0,38,21,22,0,49,49
4736,short_grass_2,3175,3157,0,39,21,22,1,49,49
1257,grass_light_1,3179,3157,0,43,21,22,3,49,49
1258,grass_light_2,3181,3157,0,45,21,22,0,49,49
10790,boulder1,3183,3157,0,47,21,10,0,49,49
1259,grass_light_3,3184,3157,0,48,21,22,2,49,49
1258,grass_light_2,3185,3157,0,49,21,22,2,49,49
10791,boulder2,3185,3157,0,49,21,10,3,49,49
1258,grass_light_2,3186,3157,0,50,21,22,1,49,49
1258,grass_light_2,3187,3157,0,51,21,22,2,49,49
1258,grass_light_2,3188,3157,0,52,21,22,2,49,49
21742,new_nastyfungus_dark,3189,3157,0,53,21,10,1,49,49
1257,grass_light_1,3191,3157,0,55,21,22,2,49,49
1257,grass_light_1,3192,3157,0,56,21,22,3,49,49
1257,grass_light_1,3193,3157,0,57,21,22,3,49,49
1257,grass_light_1,3194,3157,0,58,21,22,0,49,49
1257,grass_light_1,3197,3157,0,61,21,22,3,49,49
4735,short_grass_1,3200,3157,0,0,21,22,0,50,49
4735,short_grass_1,3201,3157,0,1,21,22,0,50,49
4735,short_grass_1,3202,3157,0,2,21,22,1,50,49
4735,short_grass_1,3203,3157,0,3,21,22,2,50,49
4735,short_grass_1,3204,3157,0,4,21,22,3,50,49
4735,short_grass_1,3205,3157,0,5,21,22,2,50,49
4737,short_grass_3,3206,3157,0,6,21,22,3,50,49
4738,short_grass_4,3207,3157,0,7,21,22,1,50,49
4738,short_grass_4,3208,3157,0,8,21,22,1,50,49
4737,short_grass_3,3209,3157,0,9,21,22,1,50,49
4735,short_grass_1,3210,3157,0,10,21,22,1,50,49
4735,short_grass_1,3211,3157,0,11,21,22,1,50,49
1300,fern2,3212,3157,0,12,21,10,0,50,49
4735,short_grass_1,3212,3157,0,12,21,22,1,50,49
4735,short_grass_1,3213,3157,0,13,21,22,1,50,49
4735,short_grass_1,3214,3157,0,14,21,22,2,50,49
4735,short_grass_1,3215,3157,0,15,21,22,0,50,49
4735,short_grass_1,3216,3157,0,16,21,22,1,50,49
4735,short_grass_1,3217,3157,0,17,21,22,1,50,49
4735,short_grass_1,3218,3157,0,18,21,22,1,50,49
4735,short_grass_1,3222,3157,0,22,21,22,2,50,49
4735,short_grass_1,3223,3157,0,23,21,22,3,50,49
4735,short_grass_1,3227,3157,0,27,21,22,2,50,49
4737,short_grass_3,3228,3157,0,28,21,22,3,50,49
4738,short_grass_4,3229,3157,0,29,21,22,2,50,49
4738,short_grass_4,3230,3157,0,30,21,22,2,50,49
4738,short_grass_4,3231,3157,0,31,21,22,2,50,49
4737,short_grass_3,3232,3157,0,32,21,22,1,50,49
4735,short_grass_1,3233,3157,0,33,21,22,1,50,49
4735,short_grass_1,3234,3157,0,34,21,22,0,50,49
4735,short_grass_1,3235,3157,0,35,21,22,2,50,49
3949,dugupsoil2_brownmud,3237,3157,0,37,21,22,0,50,49
4735,short_grass_1,3239,3157,0,39,21,22,1,50,49
4737,short_grass_3,3240,3157,0,40,21,22,0,50,49
4737,short_grass_3,3241,3157,0,41,21,22,0,50,49
4736,short_grass_2,3242,3157,0,42,21,22,1,50,49
4735,short_grass_1,3243,3157,0,43,21,22,1,50,49
33155,tutor_fishing_icon,3244,3157,0,44,21,22,0,50,49
320,dugupsoil2_light,3260,3157,0,60,21,22,3,50,49
4735,short_grass_1,3146,3158,0,10,22,22,3,49,49
4735,short_grass_1,3147,3158,0,11,22,22,0,49,49
4735,short_grass_1,3148,3158,0,12,22,22,2,49,49
4735,short_grass_1,3149,3158,0,13,22,22,1,49,49
4736,short_grass_2,3150,3158,0,14,22,22,0,49,49
4736,short_grass_2,3151,3158,0,15,22,22,1,49,49
4735,short_grass_1,3152,3158,0,16,22,22,2,49,49
4735,short_grass_1,3153,3158,0,17,22,22,1,49,49
4735,short_grass_1,3154,3158,0,18,22,22,3,49,49
4736,short_grass_2,3155,3158,0,19,22,22,3,49,49
4737,short_grass_3,3156,3158,0,20,22,22,2,49,49
4737,short_grass_3,3157,3158,0,21,22,22,2,49,49
4737,short_grass_3,3158,3158,0,22,22,22,2,49,49
4735,short_grass_1,3159,3158,0,23,22,22,2,49,49
4735,short_grass_1,3160,3158,0,24,22,22,1,49,49
4735,short_grass_1,3162,3158,0,26,22,22,1,49,49
4737,short_grass_3,3163,3158,0,27,22,22,3,49,49
4738,short_grass_4,3164,3158,0,28,22,22,0,49,49
4738,short_grass_4,3165,3158,0,29,22,22,3,49,49
4737,short_grass_3,3166,3158,0,30,22,22,1,49,49
4735,short_grass_1,3167,3158,0,31,22,22,1,49,49
4735,short_grass_1,3169,3158,0,33,22,22,1,49,49
4736,short_grass_2,3170,3158,0,34,22,22,1,49,49
4736,short_grass_2,3171,3158,0,35,22,22,3,49,49
4737,short_grass_3,3172,3158,0,36,22,22,2,49,49
1299,fern1,3173,3158,0,37,22,10,2,49,49
4736,short_grass_2,3173,3158,0,37,22,22,2,49,49
4735,short_grass_1,3174,3158,0,38,22,22,3,49,49
1257,grass_light_1,3177,3158,0,41,22,22,2,49,49
1257,grass_light_1,3178,3158,0,42,22,22,1,49,49
10791,boulder2,3179,3158,0,43,22,10,0,49,49
1259,grass_light_3,3180,3158,0,44,22,22,3,49,49
1259,grass_light_3,3181,3158,0,45,22,22,0,49,49
10792,boulder3,3181,3158,0,45,22,10,0,49,49
21742,new_nastyfungus_dark,3187,3158,0,51,22,10,2,49,49
1258,grass_light_2,3188,3158,0,52,22,22,1,49,49
1257,grass_light_1,3190,3158,0,54,22,22,1,49,49
1257,grass_light_1,3191,3158,0,55,22,22,2,49,49
1257,grass_light_1,3192,3158,0,56,22,22,0,49,49
1258,grass_light_2,3193,3158,0,57,22,22,3,49,49
1257,grass_light_1,3194,3158,0,58,22,22,1,49,49
1258,grass_light_2,3195,3158,0,59,22,22,2,49,49
1259,grass_light_3,3196,3158,0,60,22,22,2,49,49
1257,grass_light_1,3197,3158,0,61,22,22,3,49,49
1257,grass_light_1,3198,3158,0,62,22,22,3,49,49
1257,grass_light_1,3199,3158,0,63,22,22,0,49,49
4735,short_grass_1,3200,3158,0,0,22,22,3,50,49
4737,short_grass_3,3201,3158,0,1,22,22,2,50,49
4737,short_grass_3,3202,3158,0,2,22,22,2,50,49
4735,short_grass_1,3203,3158,0,3,22,22,3,50,49
4735,short_grass_1,3204,3158,0,4,22,22,3,50,49
4735,short_grass_1,3205,3158,0,5,22,22,0,50,49
4737,short_grass_3,3206,3158,0,6,22,22,3,50,49
4738,short_grass_4,3207,3158,0,7,22,22,0,50,49
4738,short_grass_4,3208,3158,0,8,22,22,1,50,49
4737,short_grass_3,3209,3158,0,9,22,22,1,50,49
4735,short_grass_1,3210,3158,0,10,22,22,0,50,49
4735,short_grass_1,3211,3158,0,11,22,22,1,50,49
4735,short_grass_1,3214,3158,0,14,22,22,1,50,49
4735,short_grass_1,3215,3158,0,15,22,22,1,50,49
1244,small_grass_stones,3223,3158,0,23,22,22,3,50,49
4738,short_grass_4,3228,3158,0,28,22,22,1,50,49
4737,short_grass_3,3229,3158,0,29,22,22,0,50,49
4737,short_grass_3,3230,3158,0,30,22,22,0,50,49
4737,short_grass_3,3231,3158,0,31,22,22,0,50,49
1300,fern2,3232,3158,0,32,22,10,0,50,49
4735,short_grass_1,3233,3158,0,33,22,22,1,50,49
4735,short_grass_1,3234,3158,0,34,22,22,2,50,49
4737,short_grass_3,3235,3158,0,35,22,22,2,50,49
4735,short_grass_1,3236,3158,0,36,22,22,2,50,49
3949,dugupsoil2_brownmud,3237,3158,0,37,22,22,1,50,49
4735,short_grass_1,3239,3158,0,39,22,22,1,50,49
4735,short_grass_1,3240,3158,0,40,22,22,1,50,49
4735,short_grass_1,3241,3158,0,41,22,22,1,50,49
4735,short_grass_1,3242,3158,0,42,22,22,2,50,49
3949,dugupsoil2_brownmud,3244,3158,0,44,22,22,2,50,49
321,dugupsoil3_light,3259,3158,0,59,22,22,1,50,49
320,dugupsoil2_light,3260,3158,0,60,22,22,0,50,49
4735,short_grass_1,3145,3159,0,9,23,22,1,49,49
4735,short_grass_1,3146,3159,0,10,23,22,2,49,49
4735,short_grass_1,3147,3159,0,11,23,22,2,49,49
4735,short_grass_1,3148,3159,0,12,23,22,1,49,49
4735,short_grass_1,3149,3159,0,13,23,22,2,49,49
4735,short_grass_1,3150,3159,0,14,23,22,0,49,49
1300,fern2,3151,3159,0,15,23,10,0,49,49
4736,short_grass_2,3152,3159,0,16,23,22,3,49,49
4736,short_grass_2,3153,3159,0,17,23,22,2,49,49
4735,short_grass_1,3154,3159,0,18,23,22,3,49,49
4737,short_grass_3,3155,3159,0,19,23,22,3,49,49
4738,short_grass_4,3156,3159,0,20,23,22,1,49,49
4738,short_grass_4,3157,3159,0,21,23,22,3,49,49
4738,short_grass_4,3158,3159,0,22,23,22,0,49,49
4735,short_grass_1,3159,3159,0,23,23,22,1,49,49
4735,short_grass_1,3160,3159,0,24,23,22,0,49,49
4735,short_grass_1,3162,3159,0,26,23,22,2,49,49
4737,short_grass_3,3163,3159,0,27,23,22,3,49,49
4738,short_grass_4,3164,3159,0,28,23,22,1,49,49
4738,short_grass_4,3165,3159,0,29,23,22,2,49,49
4737,short_grass_3,3166,3159,0,30,23,22,1,49,49
4735,short_grass_1,3167,3159,0,31,23,22,0,49,49
4735,short_grass_1,3169,3159,0,33,23,22,3,49,49
4736,short_grass_2,3170,3159,0,34,23,22,2,49,49
4737,short_grass_3,3171,3159,0,35,23,22,3,49,49
4738,short_grass_4,3172,3159,0,36,23,22,3,49,49
4737,short_grass_3,3173,3159,0,37,23,22,1,49,49
4735,short_grass_1,3174,3159,0,38,23,22,2,49,49
1257,grass_light_1,3178,3159,0,42,23,22,0,49,49
1258,grass_light_2,3180,3159,0,44,23,22,2,49,49
10791,boulder2,3183,3159,0,47,23,10,2,49,49
10793,boulder4,3185,3159,0,49,23,10,1,49,49
1257,grass_light_1,3190,3159,0,54,23,22,2,49,49
1257,grass_light_1,3191,3159,0,55,23,22,3,49,49
1258,grass_light_2,3192,3159,0,56,23,22,2,49,49
1259,grass_light_3,3193,3159,0,57,23,22,0,49,49
1258,grass_light_2,3194,3159,0,58,23,22,0,49,49
1258,grass_light_2,3195,3159,0,59,23,22,0,49,49
1259,grass_light_3,3196,3159,0,60,23,22,3,49,49
1258,grass_light_2,3197,3159,0,61,23,22,1,49,49
1257,grass_light_1,3198,3159,0,62,23,22,1,49,49
4737,short_grass_3,3200,3159,0,0,23,22,3,50,49
4738,short_grass_4,3201,3159,0,1,23,22,2,50,49
4738,short_grass_4,3202,3159,0,2,23,22,3,50,49
4737,short_grass_3,3203,3159,0,3,23,22,1,50,49
4735,short_grass_1,3204,3159,0,4,23,22,1,50,49
4735,short_grass_1,3205,3159,0,5,23,22,1,50,49
4735,short_grass_1,3206,3159,0,6,23,22,0,50,49
4737,short_grass_3,3207,3159,0,7,23,22,0,50,49
4737,short_grass_3,3208,3159,0,8,23,22,0,50,49
4735,short_grass_1,3209,3159,0,9,23,22,3,50,49
4735,short_grass_1,3210,3159,0,10,23,22,0,50,49
1253,grass_1,3229,3159,0,29,23,22,2,50,49
1253,grass_1,3230,3159,0,30,23,22,2,50,49
4738,short_grass_4,3231,3159,0,31,23,22,3,50,49
4735,short_grass_1,3232,3159,0,32,23,22,3,50,49
4735,short_grass_1,3233,3159,0,33,23,22,0,50,49
1162,bullrushes,3234,3159,0,34,23,10,1,50,49
4737,short_grass_3,3234,3159,0,34,23,22,3,50,49
4738,short_grass_4,3235,3159,0,35,23,22,0,50,49
4737,short_grass_3,3236,3159,0,36,23,22,1,50,49
4735,short_grass_1,3239,3159,0,39,23,22,3,50,49
4735,short_grass_1,3240,3159,0,40,23,22,3,50,49
4735,short_grass_1,3241,3159,0,41,23,22,1,50,49
3949,dugupsoil2_brownmud,3243,3159,0,43,23,22,1,50,49
674,net,3244,3159,0,44,23,11,0,50,49
16446,randomsound_coastal_ambience,3252,3159,0,52,23,22,0,50,49
320,dugupsoil2_light,3258,3159,0,58,23,22,2,50,49
320,dugupsoil2_light,3259,3159,0,59,23,22,1,50,49
1304,jungletree2_karamja,3261,3159,0,61,23,10,1,50,49
4735,short_grass_1,3146,3160,0,10,24,22,0,49,49
4735,short_grass_1,3147,3160,0,11,24,22,1,49,49
4736,short_grass_2,3148,3160,0,12,24,22,3,49,49
4737,short_grass_3,3149,3160,0,13,24,22,2,49,49
4736,short_grass_2,3150,3160,0,14,24,22,2,49,49
4735,short_grass_1,3151,3160,0,15,24,22,3,49,49
4736,short_grass_2,3152,3160,0,16,24,22,0,49,49
4736,short_grass_2,3153,3160,0,17,24,22,1,49,49
4735,short_grass_1,3154,3160,0,18,24,22,0,49,49
4737,short_grass_3,3155,3160,0,19,24,22,3,49,49
4738,short_grass_4,3156,3160,0,20,24,22,1,49,49
4738,short_grass_4,3157,3160,0,21,24,22,2,49,49
4736,short_grass_2,3158,3160,0,22,24,22,2,49,49
4735,short_grass_1,3159,3160,0,23,24,22,0,49,49
4735,short_grass_1,3160,3160,0,24,24,22,3,49,49
4735,short_grass_1,3162,3160,0,26,24,22,3,49,49
4736,short_grass_2,3163,3160,0,27,24,22,0,49,49
4737,short_grass_3,3164,3160,0,28,24,22,0,49,49
4737,short_grass_3,3165,3160,0,29,24,22,0,49,49
4736,short_grass_2,3166,3160,0,30,24,22,1,49,49
4735,short_grass_1,3167,3160,0,31,24,22,3,49,49
4735,short_grass_1,3169,3160,0,33,24,22,2,49,49
4735,short_grass_1,3170,3160,0,34,24,22,0,49,49
4736,short_grass_2,3171,3160,0,35,24,22,0,49,49
4737,short_grass_3,3172,3160,0,36,24,22,0,49,49
4736,short_grass_2,3173,3160,0,37,24,22,1,49,49
4735,short_grass_1,3174,3160,0,38,24,22,1,49,49
1257,grass_light_1,3176,3160,0,40,24,22,0,49,49
10793,boulder4,3178,3160,0,42,24,10,3,49,49
1257,grass_light_1,3179,3160,0,43,24,22,2,49,49
10790,boulder1,3180,3160,0,44,24,10,3,49,49
1257,grass_light_1,3191,3160,0,55,24,22,2,49,49
1257,grass_light_1,3192,3160,0,56,24,22,2,49,49
1258,grass_light_2,3193,3160,0,57,24,22,0,49,49
1257,grass_light_1,3194,3160,0,58,24,22,2,49,49
1259,grass_light_3,3195,3160,0,59,24,22,3,49,49
1258,grass_light_2,3196,3160,0,60,24,22,2,49,49
1257,grass_light_1,3198,3160,0,62,24,22,2,49,49
4735,short_grass_1,3200,3160,0,0,24,22,2,50,49
4737,short_grass_3,3201,3160,0,1,24,22,0,50,49
4737,short_grass_3,3202,3160,0,2,24,22,0,50,49
4737,short_grass_3,3203,3160,0,3,24,22,0,50,49
4735,short_grass_1,3204,3160,0,4,24,22,2,50,49
4735,short_grass_1,3205,3160,0,5,24,22,1,50,49
4735,short_grass_1,3206,3160,0,6,24,22,2,50,49
4735,short_grass_1,3207,3160,0,7,24,22,3,50,49
4735,short_grass_1,3208,3160,0,8,24,22,1,50,49
4735,short_grass_1,3209,3160,0,9,24,22,3,50,49
13840,templetrek_leaflessbush,3209,3160,0,9,24,10,3,50,49
4735,short_grass_1,3210,3160,0,10,24,22,1,50,49
1298,fern,3229,3160,0,29,24,10,3,50,49
1253,grass_1,3230,3160,0,30,24,22,2,50,49
1253,grass_1,3231,3160,0,31,24,22,1,50,49
1162,bullrushes,3232,3160,0,32,24,10,2,50,49
4735,short_grass_1,3233,3160,0,33,24,22,3,50,49
4735,short_grass_1,3234,3160,0,34,24,22,3,50,49
4737,short_grass_3,3235,3160,0,35,24,22,0,50,49
4735,short_grass_1,3236,3160,0,36,24,22,0,50,49
3949,dugupsoil2_brownmud,3238,3160,0,38,24,22,0,50,49
3949,dugupsoil2_brownmud,3239,3160,0,39,24,22,0,50,49
3949,dugupsoil2_brownmud,3240,3160,0,40,24,22,2,50,49
3949,dugupsoil2_brownmud,3241,3160,0,41,24,22,3,50,49
320,dugupsoil2_light,3258,3160,0,58,24,22,3,50,49
1304,jungletree2_karamja,3260,3160,0,60,24,10,0,50,49
4736,short_grass_2,3145,3161,0,9,25,22,3,49,49
4736,short_grass_2,3146,3161,0,10,25,22,2,49,49
4735,short_grass_1,3147,3161,0,11,25,22,0,49,49
4737,short_grass_3,3148,3161,0,12,25,22,3,49,49
4738,short_grass_4,3149,3161,0,13,25,22,1,49,49
4737,short_grass_3,3150,3161,0,14,25,22,1,49,49
4736,short_grass_2,3151,3161,0,15,25,22,3,49,49
4737,short_grass_3,3152,3161,0,16,25,22,2,49,49
4737,short_grass_3,3153,3161,0,17,25,22,2,49,49
4736,short_grass_2,3154,3161,0,18,25,22,2,49,49
4736,short_grass_2,3155,3161,0,19,25,22,0,49,49
4737,short_grass_3,3156,3161,0,20,25,22,2,49,49
4737,short_grass_3,3157,3161,0,21,25,22,2,49,49
4737,short_grass_3,3158,3161,0,22,25,22,2,49,49
4737,short_grass_3,3159,3161,0,23,25,22,2,49,49
4736,short_grass_2,3161,3161,0,25,25,22,1,49,49
4736,short_grass_2,3162,3161,0,26,25,22,0,49,49
4735,short_grass_1,3163,3161,0,27,25,22,0,49,49
4735,short_grass_1,3164,3161,0,28,25,22,2,49,49
4735,short_grass_1,3165,3161,0,29,25,22,1,49,49
4735,short_grass_1,3166,3161,0,30,25,22,2,49,49
1300,fern2,3167,3161,0,31,25,10,0,49,49
13840,templetrek_leaflessbush,3170,3161,0,34,25,10,3,49,49
4735,short_grass_1,3171,3161,0,35,25,22,2,49,49
4735,short_grass_1,3172,3161,0,36,25,22,3,49,49
4735,short_grass_1,3173,3161,0,37,25,22,0,49,49
1257,grass_light_1,3174,3161,0,38,25,22,1,49,49
1257,grass_light_1,3175,3161,0,39,25,22,1,49,49
21742,new_nastyfungus_dark,3175,3161,0,39,25,10,2,49,49
1258,grass_light_2,3176,3161,0,40,25,22,1,49,49
1257,grass_light_1,3177,3161,0,41,25,22,1,49,49
10793,boulder4,3182,3161,0,46,25,10,2,49,49
34795,runetemple_pillar_old1,3184,3161,0,48,25,10,0,49,49
34796,runetemple_pillar_old2,3186,3161,0,50,25,10,3,49,49
1365,deadtree2_swamp,3188,3161,0,52,25,10,1,49,49
34788,runetemple_standingstone_old,3189,3161,0,53,25,10,0,49,49
1257,grass_light_1,3192,3161,0,56,25,22,1,49,49
1257,grass_light_1,3193,3161,0,57,25,22,0,49,49
1257,grass_light_1,3194,3161,0,58,25,22,3,49,49
1258,grass_light_2,3195,3161,0,59,25,22,3,49,49
1257,grass_light_1,3196,3161,0,60,25,22,3,49,49
1257,grass_light_1,3197,3161,0,61,25,22,3,49,49
4735,short_grass_1,3201,3161,0,1,25,22,1,50,49
4735,short_grass_1,3202,3161,0,2,25,22,0,50,49
4735,short_grass_1,3203,3161,0,3,25,22,3,50,49
4735,short_grass_1,3204,3161,0,4,25,22,3,50,49
1300,fern2,3205,3161,0,5,25,10,3,50,49
4735,short_grass_1,3205,3161,0,5,25,22,2,50,49
4735,short_grass_1,3206,3161,0,6,25,22,0,50,49
4735,short_grass_1,3207,3161,0,7,25,22,1,50,49
16437,randomsound_exotic_birds,3208,3161,0,8,25,22,0,50,49
4735,short_grass_1,3209,3161,0,9,25,22,2,50,49
1300,fern2,3213,3161,0,13,25,10,2,50,49
1253,grass_1,3231,3161,0,31,25,22,1,50,49
1253,grass_1,3232,3161,0,32,25,22,1,50,49
4736,short_grass_2,3233,3161,0,33,25,22,3,50,49
4736,short_grass_2,3234,3161,0,34,25,22,2,50,49
4735,short_grass_1,3235,3161,0,35,25,22,3,50,49
1300,fern2,3236,3161,0,36,25,10,1,50,49
4735,short_grass_1,3237,3161,0,37,25,22,2,50,49
3949,dugupsoil2_brownmud,3239,3161,0,39,25,22,1,50,49
3948,dugupsoil1_brownmud,3240,3161,0,40,25,22,2,50,49
4735,short_grass_1,3242,3161,0,42,25,22,0,50,49
4735,short_grass_1,3243,3161,0,43,25,22,1,50,49
4735,short_grass_1,3244,3161,0,44,25,22,2,50,49
320,dugupsoil2_light,3257,3161,0,57,25,22,1,50,49
320,dugupsoil2_light,3258,3161,0,58,25,22,0,50,49
1304,jungletree2_karamja,3260,3161,0,60,25,10,3,50,49
1304,jungletree2_karamja,3261,3161,0,61,25,10,0,50,49
4736,short_grass_2,3145,3162,0,9,26,22,0,49,49
4736,short_grass_2,3146,3162,0,10,26,22,1,49,49
4735,short_grass_1,3147,3162,0,11,26,22,3,49,49
4737,short_grass_3,3148,3162,0,12,26,22,3,49,49
4738,short_grass_4,3149,3162,0,13,26,22,0,49,49
4737,short_grass_3,3150,3162,0,14,26,22,1,49,49
4737,short_grass_3,3151,3162,0,15,26,22,3,49,49
4738,short_grass_4,3152,3162,0,16,26,22,0,49,49
4738,short_grass_4,3153,3162,0,17,26,22,0,49,49
4737,short_grass_3,3154,3162,0,18,26,22,1,49,49
4737,short_grass_3,3155,3162,0,19,26,22,3,49,49
4738,short_grass_4,3156,3162,0,20,26,22,1,49,49
4738,short_grass_4,3157,3162,0,21,26,22,3,49,49
4738,short_grass_4,3158,3162,0,22,26,22,2,49,49
4737,short_grass_3,3159,3162,0,23,26,22,1,49,49
4736,short_grass_2,3161,3162,0,25,26,22,2,49,49
4736,short_grass_2,3162,3162,0,26,26,22,3,49,49
4735,short_grass_1,3164,3162,0,28,26,22,1,49,49
4735,short_grass_1,3165,3162,0,29,26,22,3,49,49
4735,short_grass_1,3166,3162,0,30,26,22,2,49,49
1257,grass_light_1,3173,3162,0,37,26,22,2,49,49
1257,grass_light_1,3174,3162,0,38,26,22,3,49,49
1257,grass_light_1,3175,3162,0,39,26,22,3,49,49
1257,grass_light_1,3176,3162,0,40,26,22,3,49,49
1257,grass_light_1,3177,3162,0,41,26,22,2,49,49
34788,runetemple_standingstone_old,3181,3162,0,45,26,10,3,49,49
1272,grass_1_swamp,3183,3162,0,47,26,22,1,49,49
1272,grass_1_swamp,3185,3162,0,49,26,22,3,49,49
1257,grass_light_1,3194,3162,0,58,26,22,1,49,49
1257,grass_light_1,3196,3162,0,60,26,22,1,49,49
4735,short_grass_1,3202,3162,0,2,26,22,3,50,49
4736,short_grass_2,3203,3162,0,3,26,22,3,50,49
4737,short_grass_3,3204,3162,0,4,26,22,2,50,49
4737,short_grass_3,3205,3162,0,5,26,22,2,50,49
4736,short_grass_2,3206,3162,0,6,26,22,2,50,49
4735,short_grass_1,3207,3162,0,7,26,22,2,50,49
1253,grass_1,3231,3162,0,31,26,22,1,50,49
1253,grass_1,3232,3162,0,32,26,22,0,50,49
4736,short_grass_2,3233,3162,0,33,26,22,0,50,49
4736,short_grass_2,3234,3162,0,34,26,22,1,50,49
4735,short_grass_1,3235,3162,0,35,26,22,1,50,49
4735,short_grass_1,3236,3162,0,36,26,22,1,50,49
4735,short_grass_1,3237,3162,0,37,26,22,2,50,49
4735,short_grass_1,3238,3162,0,38,26,22,2,50,49
3949,dugupsoil2_brownmud,3240,3162,0,40,26,22,1,50,49
4735,short_grass_1,3242,3162,0,42,26,22,3,50,49
4735,short_grass_1,3243,3162,0,43,26,22,2,50,49
4735,short_grass_1,3244,3162,0,44,26,22,2,50,49
1390,jungle2,3245,3162,0,45,26,10,2,50,49
320,dugupsoil2_light,3257,3162,0,57,26,22,2,50,49
320,dugupsoil2_light,3258,3162,0,58,26,22,3,50,49
1304,jungletree2_karamja,3259,3162,0,59,26,10,0,50,49
1304,jungletree2_karamja,3260,3162,0,60,26,10,2,50,49
4735,short_grass_1,3145,3163,0,9,27,22,1,49,49
4735,short_grass_1,3146,3163,0,10,27,22,2,49,49
4735,short_grass_1,3147,3163,0,11,27,22,2,49,49
4736,short_grass_2,3148,3163,0,12,27,22,0,49,49
4737,short_grass_3,3149,3163,0,13,27,22,0,49,49
4736,short_grass_2,3150,3163,0,14,27,22,1,49,49
4737,short_grass_3,3151,3163,0,15,27,22,3,49,49
4738,short_grass_4,3152,3163,0,16,27,22,0,49,49
4738,short_grass_4,3153,3163,0,17,27,22,0,49,49
4737,short_grass_3,3154,3163,0,18,27,22,1,49,49
4737,short_grass_3,3155,3163,0,19,27,22,3,49,49
4738,short_grass_4,3156,3163,0,20,27,22,3,49,49
4738,short_grass_4,3157,3163,0,21,27,22,2,49,49
4737,short_grass_3,3158,3163,0,22,27,22,1,49,49
4736,short_grass_2,3159,3163,0,23,27,22,1,49,49
1257,grass_light_1,3172,3163,0,36,27,22,0,49,49
1258,grass_light_2,3173,3163,0,37,27,22,1,49,49
1259,grass_light_3,3174,3163,0,38,27,22,1,49,49
1257,grass_light_1,3175,3163,0,39,27,22,0,49,49
1257,grass_light_1,3176,3163,0,40,27,22,3,49,49
1369,medplant_swamp,3179,3163,0,43,27,10,0,49,49
1272,grass_1_swamp,3182,3163,0,46,27,22,0,49,49
1272,grass_1_swamp,3183,3163,0,47,27,22,1,49,49
1273,grass_2_swamp,3184,3163,0,48,27,22,3,49,49
1273,grass_2_swamp,3185,3163,0,49,27,22,0,49,49
1275,grass_4_swamp,3186,3163,0,50,27,22,1,49,49
1365,deadtree2_swamp,3186,3163,0,50,27,10,2,49,49
1369,medplant_swamp,3187,3163,0,51,27,10,3,49,49
4735,short_grass_1,3201,3163,0,1,27,22,0,50,49
4735,short_grass_1,3202,3163,0,2,27,22,2,50,49
4737,short_grass_3,3203,3163,0,3,27,22,3,50,49
4738,short_grass_4,3204,3163,0,4,27,22,0,50,49
4738,short_grass_4,3205,3163,0,5,27,22,0,50,49
4737,short_grass_3,3206,3163,0,6,27,22,1,50,49
4735,short_grass_1,3207,3163,0,7,27,22,3,50,49
1300,fern2,3218,3163,0,18,27,10,3,50,49
1253,grass_1,3232,3163,0,32,27,22,0,50,49
1253,grass_1,3233,3163,0,33,27,22,0,50,49
1244,small_grass_stones,3234,3163,0,34,27,22,0,50,49
4735,short_grass_1,3235,3163,0,35,27,22,3,50,49
4737,short_grass_3,3236,3163,0,36,27,22,2,50,49
4735,short_grass_1,3237,3163,0,37,27,22,2,50,49
4735,short_grass_1,3238,3163,0,38,27,22,3,50,49
4735,short_grass_1,3241,3163,0,41,27,22,3,50,49
4735,short_grass_1,3242,3163,0,42,27,22,0,50,49
4735,short_grass_1,3243,3163,0,43,27,22,1,50,49
320,dugupsoil2_light,3256,3163,0,56,27,22,2,50,49
320,dugupsoil2_light,3258,3163,0,58,27,22,0,50,49
4736,short_grass_2,3144,3164,0,8,28,22,3,49,49
4737,short_grass_3,3145,3164,0,9,28,22,2,49,49
4736,short_grass_2,3146,3164,0,10,28,22,2,49,49
4735,short_grass_1,3147,3164,0,11,28,22,0,49,49
4735,short_grass_1,3148,3164,0,12,28,22,3,49,49
4735,short_grass_1,3149,3164,0,13,28,22,1,49,49
4735,short_grass_1,3150,3164,0,14,28,22,0,49,49
4736,short_grass_2,3151,3164,0,15,28,22,0,49,49
4737,short_grass_3,3152,3164,0,16,28,22,0,49,49
4737,short_grass_3,3153,3164,0,17,28,22,0,49,49
4736,short_grass_2,3154,3164,0,18,28,22,1,49,49
4736,short_grass_2,3155,3164,0,19,28,22,0,49,49
4737,short_grass_3,3156,3164,0,20,28,22,0,49,49
4737,short_grass_3,3157,3164,0,21,28,22,0,49,49
4736,short_grass_2,3158,3164,0,22,28,22,1,49,49
4735,short_grass_1,3159,3164,0,23,28,22,3,49,49
1257,grass_light_1,3165,3164,0,29,28,22,3,49,49
1257,grass_light_1,3166,3164,0,30,28,22,0,49,49
1257,grass_light_1,3167,3164,0,31,28,22,0,49,49
1257,grass_light_1,3168,3164,0,32,28,22,1,49,49
1257,grass_light_1,3171,3164,0,35,28,22,1,49,49
1257,grass_light_1,3172,3164,0,36,28,22,2,49,49
1257,grass_light_1,3173,3164,0,37,28,22,3,49,49
1257,grass_light_1,3174,3164,0,38,28,22,2,49,49
1257,grass_light_1,3175,3164,0,39,28,22,0,49,49
1275,grass_4_swamp,3182,3164,0,46,28,22,0,49,49
1273,grass_2_swamp,3183,3164,0,47,28,22,2,49,49
34815,watertemple_ruined,3184,3164,0,48,28,10,0,49,49
1272,grass_1_swamp,3187,3164,0,51,28,22,2,49,49
2382,swamp_digdugupsoil2,3190,3164,0,54,28,22,0,49,49
34799,runetemple_pillar_ol45,3190,3164,0,54,28,10,2,49,49
4735,short_grass_1,3201,3164,0,1,28,22,1,50,49
4735,short_grass_1,3202,3164,0,2,28,22,1,50,49
4736,short_grass_2,3203,3164,0,3,28,22,0,50,49
4737,short_grass_3,3204,3164,0,4,28,22,0,50,49
4737,short_grass_3,3205,3164,0,5,28,22,0,50,49
4736,short_grass_2,3206,3164,0,6,28,22,1,50,49
4735,short_grass_1,3207,3164,0,7,28,22,0,50,49
1298,fern,3214,3164,0,14,28,10,3,50,49
2383,swamp_digdugupsoil3,3217,3164,0,17,28,22,2,50,49
2382,swamp_digdugupsoil2,3218,3164,0,18,28,22,2,50,49
2383,swamp_digdugupsoil3,3219,3164,0,19,28,22,3,50,49
2382,swamp_digdugupsoil2,3220,3164,0,20,28,22,0,50,49
1298,fern,3228,3164,0,28,28,10,3,50,49
1253,grass_1,3232,3164,0,32,28,22,0,50,49
13840,templetrek_leaflessbush,3233,3164,0,33,28,10,3,50,49
4737,short_grass_3,3235,3164,0,35,28,22,3,50,49
4738,short_grass_4,3236,3164,0,36,28,22,3,50,49
4737,short_grass_3,3237,3164,0,37,28,22,1,50,49
3949,dugupsoil2_brownmud,3239,3164,0,39,28,22,3,50,49
4735,short_grass_1,3241,3164,0,41,28,22,0,50,49
4738,short_grass_4,3242,3164,0,42,28,22,2,50,49
4735,short_grass_1,3243,3164,0,43,28,22,0,50,49
321,dugupsoil3_light,3256,3164,0,56,28,22,1,50,49
1390,jungle2,3257,3164,0,57,28,11,1,50,49
320,dugupsoil2_light,3258,3164,0,58,28,22,1,50,49
1304,jungletree2_karamja,3259,3164,0,59,28,10,3,50,49
4737,short_grass_3,3144,3165,0,8,29,22,3,49,49
4738,short_grass_4,3145,3165,0,9,29,22,1,49,49
4737,short_grass_3,3146,3165,0,10,29,22,1,49,49
4735,short_grass_1,3147,3165,0,11,29,22,0,49,49
4736,short_grass_2,3148,3165,0,12,29,22,2,49,49
4736,short_grass_2,3149,3165,0,13,29,22,2,49,49
4735,short_grass_1,3150,3165,0,14,29,22,2,49,49
16438,randomsound_woodland_ambience,3151,3165,0,15,29,22,0,49,49
4736,short_grass_2,3152,3165,0,16,29,22,3,49,49
4736,short_grass_2,3153,3165,0,17,29,22,2,49,49
4735,short_grass_1,3154,3165,0,18,29,22,1,49,49
4735,short_grass_1,3155,3165,0,19,29,22,0,49,49
4735,short_grass_1,3156,3165,0,20,29,22,1,49,49
4735,short_grass_1,3157,3165,0,21,29,22,2,49,49
4735,short_grass_1,3158,3165,0,22,29,22,3,49,49
1299,fern1,3159,3165,0,23,29,10,2,49,49
1258,grass_light_2,3163,3165,0,27,29,22,0,49,49
1258,grass_light_2,3164,3165,0,28,29,22,3,49,49
1258,grass_light_2,3165,3165,0,29,29,22,2,49,49
1257,grass_light_1,3166,3165,0,30,29,22,2,49,49
1257,grass_light_1,3167,3165,0,31,29,22,0,49,49
1257,grass_light_1,3171,3165,0,35,29,22,0,49,49
1257,grass_light_1,3172,3165,0,36,29,22,3,49,49
1257,grass_light_1,3173,3165,0,37,29,22,2,49,49
1272,grass_1_swamp,3181,3165,0,45,29,22,3,49,49
1273,grass_2_swamp,3182,3165,0,46,29,22,3,49,49
1274,grass_3_swamp,3183,3165,0,47,29,22,0,49,49
1272,grass_1_swamp,3187,3165,0,51,29,22,1,49,49
1366,swamp_roots_1,3187,3165,0,51,29,10,3,49,49
1272,grass_1_swamp,3188,3165,0,52,29,22,0,49,49
2382,swamp_digdugupsoil2,3189,3165,0,53,29,22,1,49,49
2381,swamp_digdugupsoil1,3190,3165,0,54,29,22,3,49,49
1365,deadtree2_swamp,3191,3165,0,55,29,10,0,49,49
2382,swamp_digdugupsoil2,3191,3165,0,55,29,22,3,49,49
1365,deadtree2_swamp,3195,3165,0,59,29,10,2,49,49
4736,short_grass_2,3200,3165,0,0,29,22,3,50,49
4737,short_grass_3,3201,3165,0,1,29,22,2,50,49
4736,short_grass_2,3202,3165,0,2,29,22,2,50,49
4736,short_grass_2,3203,3165,0,3,29,22,3,50,49
4736,short_grass_2,3204,3165,0,4,29,22,2,50,49
4736,short_grass_2,3205,3165,0,5,29,22,3,50,49
4737,short_grass_3,3206,3165,0,6,29,22,2,50,49
4736,short_grass_2,3207,3165,0,7,29,22,2,50,49
2382,swamp_digdugupsoil2,3216,3165,0,16,29,22,0,50,49
2382,swamp_digdugupsoil2,3217,3165,0,17,29,22,1,50,49
1363,large_swamp_root,3218,3165,0,18,29,10,1,50,49
2382,swamp_digdugupsoil2,3220,3165,0,20,29,22,0,50,49
2382,swamp_digdugupsoil2,3221,3165,0,21,29,22,2,50,49
1363,large_swamp_root,3224,3165,0,24,29,10,0,50,49
1253,grass_1,3232,3165,0,32,29,22,3,50,49
4735,short_grass_1,3235,3165,0,35,29,22,1,50,49
4737,short_grass_3,3236,3165,0,36,29,22,0,50,49
3949,dugupsoil2_brownmud,3238,3165,0,38,29,22,2,50,49
4735,short_grass_1,3240,3165,0,40,29,22,3,50,49
4738,short_grass_4,3241,3165,0,41,29,22,2,50,49
4735,short_grass_1,3242,3165,0,42,29,22,0,50,49
4735,short_grass_1,3243,3165,0,43,29,22,0,50,49
320,dugupsoil2_light,3245,3165,0,45,29,22,1,50,49
320,dugupsoil2_light,3246,3165,0,46,29,22,3,50,49
320,dugupsoil2_light,3256,3165,0,56,29,22,3,50,49
320,dugupsoil2_light,3258,3165,0,58,29,22,2,50,49
4736,short_grass_2,3144,3166,0,8,30,22,0,49,49
4737,short_grass_3,3145,3166,0,9,30,22,0,49,49
4736,short_grass_2,3146,3166,0,10,30,22,1,49,49
4735,short_grass_1,3147,3166,0,11,30,22,2,49,49
4736,short_grass_2,3148,3166,0,12,30,22,0,49,49
4736,short_grass_2,3149,3166,0,13,30,22,1,49,49
4735,short_grass_1,3150,3166,0,14,30,22,1,49,49
4737,short_grass_3,3151,3166,0,15,30,22,2,49,49
4736,short_grass_2,3152,3166,0,16,30,22,0,49,49
4736,short_grass_2,3153,3166,0,17,30,22,1,49,49
4735,short_grass_1,3154,3166,0,18,30,22,2,49,49
4735,short_grass_1,3156,3166,0,20,30,22,1,49,49
4735,short_grass_1,3157,3166,0,21,30,22,2,49,49
1257,grass_light_1,3161,3166,0,25,30,22,2,49,49
1258,grass_light_2,3162,3166,0,26,30,22,0,49,49
1259,grass_light_3,3163,3166,0,27,30,22,2,49,49
1258,grass_light_2,3164,3166,0,28,30,22,2,49,49
1257,grass_light_1,3165,3166,0,29,30,22,3,49,49
1257,grass_light_1,3166,3166,0,30,30,22,1,49,49
1365,deadtree2_swamp,3180,3166,0,44,30,10,3,49,49
1272,grass_1_swamp,3181,3166,0,45,30,22,2,49,49
34796,runetemple_pillar_old2,3181,3166,0,45,30,10,1,49,49
1273,grass_2_swamp,3182,3166,0,46,30,22,2,49,49
1275,grass_4_swamp,3183,3166,0,47,30,22,0,49,49
1272,grass_1_swamp,3186,3166,0,50,30,22,0,49,49
1273,grass_2_swamp,3187,3166,0,51,30,22,1,49,49
34796,runetemple_pillar_old2,3189,3166,0,53,30,10,2,49,49
2382,swamp_digdugupsoil2,3190,3166,0,54,30,22,2,49,49
2382,swamp_digdugupsoil2,3191,3166,0,55,30,22,2,49,49
4737,short_grass_3,3200,3166,0,0,30,22,3,50,49
4738,short_grass_4,3201,3166,0,1,30,22,1,50,49
5534,short_grass_4_wall_edge,3202,3166,0,2,30,22,1,50,49
10372,farming_shed_wall,3202,3166,0,2,30,0,1,50,49
10366,farming_shed_roof,3202,3166,1,2,30,18,1,50,49
5533,short_grass_3_wall_edge,3203,3166,0,3,30,22,1,50,49
10373,farming_shed_wall_window,3203,3166,0,3,30,0,1,50,49
10366,farming_shed_roof,3203,3166,1,3,30,18,1,50,49
5533,short_grass_3_wall_edge,3204,3166,0,4,30,22,1,50,49
10372,farming_shed_wall,3204,3166,0,4,30,0,1,50,49
10366,farming_shed_roof,3204,3166,1,4,30,18,1,50,49
5534,short_grass_4_wall_edge,3205,3166,0,5,30,22,1,50,49
10372,farming_shed_wall,3205,3166,0,5,30,0,1,50,49
10366,farming_shed_roof,3205,3166,1,5,30,18,1,50,49
4738,short_grass_4,3206,3166,0,6,30,22,0,50,49
4737,short_grass_3,3207,3166,0,7,30,22,1,50,49
2382,swamp_digdugupsoil2,3215,3166,0,15,30,22,3,50,49
2382,swamp_digdugupsoil2,3216,3166,0,16,30,22,2,50,49
2382,swamp_digdugupsoil2,3221,3166,0,21,30,22,0,50,49
1367,swamp_roots_2,3223,3166,0,23,30,10,2,50,49
1368,swamp_roots_3,3227,3166,0,27,30,10,1,50,49
1367,swamp_roots_2,3228,3166,0,28,30,10,3,50,49
2382,swamp_digdugupsoil2,3228,3166,0,28,30,22,3,50,49
1253,grass_1,3232,3166,0,32,30,22,2,50,49
4735,short_grass_1,3234,3166,0,34,30,22,2,50,49
4735,short_grass_1,3235,3166,0,35,30,22,3,50,49
4735,short_grass_1,3236,3166,0,36,30,22,0,50,49
3949,dugupsoil2_brownmud,3238,3166,0,38,30,22,0,50,49
4735,short_grass_1,3239,3166,0,39,30,22,2,50,49
4738,short_grass_4,3240,3166,0,40,30,22,3,50,49
4738,short_grass_4,3241,3166,0,41,30,22,2,50,49
4738,short_grass_4,3242,3166,0,42,30,22,1,50,49
320,dugupsoil2_light,3245,3166,0,45,30,22,0,50,49
321,dugupsoil3_light,3246,3166,0,46,30,22,1,50,49
320,dugupsoil2_light,3256,3166,0,56,30,22,0,50,49
4735,short_grass_1,3144,3167,0,8,31,22,1,49,49
4735,short_grass_1,3145,3167,0,9,31,22,2,49,49
4735,short_grass_1,3146,3167,0,10,31,22,3,49,49
4735,short_grass_1,3147,3167,0,11,31,22,1,49,49
4735,short_grass_1,3148,3167,0,12,31,22,3,49,49
4735,short_grass_1,3149,3167,0,13,31,22,0,49,49
4737,short_grass_3,3150,3167,0,14,31,22,3,49,49
4738,short_grass_4,3151,3167,0,15,31,22,1,49,49
4737,short_grass_3,3152,3167,0,16,31,22,1,49,49
4735,short_grass_1,3153,3167,0,17,31,22,3,49,49
4736,short_grass_2,3154,3167,0,18,31,22,3,49,49
4737,short_grass_3,3155,3167,0,19,31,22,2,49,49
4736,short_grass_2,3156,3167,0,20,31,22,2,49,49
4735,short_grass_1,3157,3167,0,21,31,22,1,49,49
1257,grass_light_1,3160,3167,0,24,31,22,0,49,49
1258,grass_light_2,3161,3167,0,25,31,22,0,49,49
1258,grass_light_2,3162,3167,0,26,31,22,2,49,49
1258,grass_light_2,3163,3167,0,27,31,22,3,49,49
1257,grass_light_1,3164,3167,0,28,31,22,0,49,49
1257,grass_light_1,3165,3167,0,29,31,22,2,49,49
1257,grass_light_1,3166,3167,0,30,31,22,0,49,49
1272,grass_1_swamp,3177,3167,0,41,31,22,0,49,49
1272,grass_1_swamp,3178,3167,0,42,31,22,3,49,49
1272,grass_1_swamp,3179,3167,0,43,31,22,3,49,49
1273,grass_2_swamp,3180,3167,0,44,31,22,1,49,49
1272,grass_1_swamp,3181,3167,0,45,31,22,0,49,49
1272,grass_1_swamp,3182,3167,0,46,31,22,0,49,49
2381,swamp_digdugupsoil1,3183,3167,0,47,31,22,0,49,49
1275,grass_4_swamp,3184,3167,0,48,31,22,3,49,49
1273,grass_2_swamp,3185,3167,0,49,31,22,0,49,49
1366,swamp_roots_1,3185,3167,0,49,31,10,2,49,49
1275,grass_4_swamp,3186,3167,0,50,31,22,2,49,49
1272,grass_1_swamp,3187,3167,0,51,31,22,3,49,49
1272,grass_1_swamp,3188,3167,0,52,31,22,3,49,49
2382,swamp_digdugupsoil2,3189,3167,0,53,31,22,1,49,49
1272,grass_1_swamp,3191,3167,0,55,31,22,1,49,49
1272,grass_1_swamp,3192,3167,0,56,31,22,2,49,49
1365,deadtree2_swamp,3192,3167,0,56,31,10,3,49,49
1272,grass_1_swamp,3193,3167,0,57,31,22,1,49,49
4736,short_grass_2,3200,3167,0,0,31,22,0,50,49
5533,short_grass_3_wall_edge,3201,3167,0,1,31,22,2,50,49
10372,farming_shed_wall,3201,3167,0,1,31,0,2,50,49
10367,farming_shed_roof_edge,3201,3167,1,1,31,18,2,50,49
10371,farming_shed_barrel,3202,3167,0,2,31,10,1,50,49
10364,farming_shed_roof1,3202,3167,1,2,31,12,1,50,49
4342,viking_dugupsoil_brown_1,3203,3167,0,3,31,22,1,50,49
7512,farming_shop_sacks,3203,3167,0,3,31,10,2,50,49
10364,farming_shed_roof1,3203,3167,1,3,31,12,1,50,49
7506,farming_shelves_empty,3204,3167,0,4,31,10,3,50,49
10364,farming_shed_roof1,3204,3167,1,4,31,12,1,50,49
10371,farming_shed_barrel,3205,3167,0,5,31,10,1,50,49
10364,farming_shed_roof1,3205,3167,1,5,31,12,1,50,49
5534,short_grass_4_wall_edge,3206,3167,0,6,31,22,0,50,49
10372,farming_shed_wall,3206,3167,0,6,31,0,0,50,49
10370,farming_shed_roof_edge_mirror,3206,3167,1,6,31,18,0,50,49
4736,short_grass_2,3207,3167,0,7,31,22,1,50,49
1367,swamp_roots_2,3215,3167,0,15,31,10,3,50,49
16439,randomsound_swamp_ambience,3223,3167,0,23,31,22,0,50,49
1369,medplant_swamp,3227,3167,0,27,31,10,2,50,49
2382,swamp_digdugupsoil2,3228,3167,0,28,31,22,0,50,49
1253,grass_1,3232,3167,0,32,31,22,2,50,49
1253,grass_1,3233,3167,0,33,31,22,1,50,49
4735,short_grass_1,3234,3167,0,34,31,22,1,50,49
4735,short_grass_1,3235,3167,0,35,31,22,2,50,49
4735,short_grass_1,3236,3167,0,36,31,22,1,50,49
3949,dugupsoil2_brownmud,3238,3167,0,38,31,22,3,50,49
4735,short_grass_1,3240,3167,0,40,31,22,1,50,49
4738,short_grass_4,3241,3167,0,41,31,22,0,50,49
4735,short_grass_1,3242,3167,0,42,31,22,0,50,49
1301,jungletree1,3244,3167,0,44,31,10,2,50,49
320,dugupsoil2_light,3246,3167,0,46,31,22,0,50,49
320,dugupsoil2_light,3256,3167,0,56,31,22,1,50,49
320,dugupsoil2_light,3257,3167,0,57,31,22,0,50,49
4736,short_grass_2,3143,3168,0,7,32,22,1,49,49
4736,short_grass_2,3144,3168,0,8,32,22,0,49,49
4735,short_grass_1,3145,3168,0,9,32,22,0,49,49
4736,short_grass_2,3146,3168,0,10,32,22,3,49,49
4736,short_grass_2,3147,3168,0,11,32,22,2,49,49
4737,short_grass_3,3148,3168,0,12,32,22,2,49,49
4737,short_grass_3,3149,3168,0,13,32,22,1,49,49
4736,short_grass_2,3150,3168,0,14,32,22,0,49,49
4737,short_grass_3,3151,3168,0,15,32,22,0,49,49
4736,short_grass_2,3152,3168,0,16,32,22,1,49,49
4735,short_grass_1,3153,3168,0,17,32,22,3,49,49
4737,short_grass_3,3154,3168,0,18,32,22,3,49,49
1300,fern2,3155,3168,0,19,32,10,2,49,49
4738,short_grass_4,3155,3168,0,19,32,22,2,49,49
4737,short_grass_3,3156,3168,0,20,32,22,1,49,49
4735,short_grass_1,3157,3168,0,21,32,22,0,49,49
1257,grass_light_1,3159,3168,0,23,32,22,1,49,49
1257,grass_light_1,3160,3168,0,24,32,22,0,49,49
1258,grass_light_2,3161,3168,0,25,32,22,2,49,49
1257,grass_light_1,3162,3168,0,26,32,22,1,49,49
1257,grass_light_1,3163,3168,0,27,32,22,3,49,49
1257,grass_light_1,3164,3168,0,28,32,22,3,49,49
1257,grass_light_1,3165,3168,0,29,32,22,1,49,49
1273,grass_2_swamp,3167,3168,0,31,32,22,1,49,49
1273,grass_2_swamp,3168,3168,0,32,32,22,0,49,49
1273,grass_2_swamp,3169,3168,0,33,32,22,3,49,49
1369,medplant_swamp,3176,3168,0,40,32,10,0,49,49
1272,grass_1_swamp,3177,3168,0,41,32,22,2,49,49
1273,grass_2_swamp,3178,3168,0,42,32,22,3,49,49
1273,grass_2_swamp,3179,3168,0,43,32,22,2,49,49
1272,grass_1_swamp,3180,3168,0,44,32,22,2,49,49
1272,grass_1_swamp,3181,3168,0,45,32,22,1,49,49
1272,grass_1_swamp,3182,3168,0,46,32,22,1,49,49
1272,grass_1_swamp,3183,3168,0,47,32,22,1,49,49
1369,medplant_swamp,3183,3168,0,47,32,10,2,49,49
1272,grass_1_swamp,3184,3168,0,48,32,22,2,49,49
1273,grass_2_swamp,3185,3168,0,49,32,22,3,49,49
1272,grass_1_swamp,3186,3168,0,50,32,22,1,49,49
34797,runetemple_pillar_old3,3186,3168,0,50,32,10,1,49,49
1366,swamp_roots_1,3187,3168,0,51,32,10,0,49,49
1272,grass_1_swamp,3189,3168,0,53,32,22,2,49,49
1272,grass_1_swamp,3190,3168,0,54,32,22,0,49,49
1369,medplant_swamp,3190,3168,0,54,32,10,2,49,49
1272,grass_1_swamp,3191,3168,0,55,32,22,3,49,49
1272,grass_1_swamp,3192,3168,0,56,32,22,3,49,49
1272,grass_1_swamp,3193,3168,0,57,32,22,0,49,49
1272,grass_1_swamp,3194,3168,0,58,32,22,0,49,49
5536,short_grass_wall_edge_2,3201,3168,0,1,32,22,0,50,49
10373,farming_shed_wall_window,3201,3168,0,1,32,0,2,50,49
10368,farming_shed_roof_edge_2,3201,3168,1,1,32,18,2,50,49
4343,viking_dugupsoil_brown_2,3202,3168,0,2,32,22,1,50,49
10365,farming_shed_roof2,3202,3168,1,2,32,12,1,50,49
4343,viking_dugupsoil_brown_2,3203,3168,0,3,32,22,2,50,49
10365,farming_shed_roof2,3203,3168,1,3,32,12,1,50,49
4343,viking_dugupsoil_brown_2,3204,3168,0,4,32,22,3,50,49
10365,farming_shed_roof2,3204,3168,1,4,32,12,1,50,49
4344,viking_dugupsoil_brown_3,3205,3168,0,5,32,22,0,50,49
7512,farming_shop_sacks,3205,3168,0,5,32,10,1,50,49
10365,farming_shed_roof2,3205,3168,1,5,32,12,1,50,49
5533,short_grass_3_wall_edge,3206,3168,0,6,32,22,0,50,49
10372,farming_shed_wall,3206,3168,0,6,32,0,0,50,49
10369,farming_shed_roof_edge_2_mirror,3206,3168,1,6,32,18,0,50,49
4736,short_grass_2,3207,3168,0,7,32,22,2,50,49
1364,swamp_root,3216,3168,0,16,32,10,0,50,49
1369,medplant_swamp,3222,3168,0,22,32,10,1,50,49
1366,swamp_roots_1,3225,3168,0,25,32,10,3,50,49
2383,swamp_digdugupsoil3,3228,3168,0,28,32,22,3,50,49
2382,swamp_digdugupsoil2,3229,3168,0,29,32,22,3,50,49
1253,grass_1,3233,3168,0,33,32,22,0,50,49
4735,short_grass_1,3234,3168,0,34,32,22,2,50,49
4737,short_grass_3,3235,3168,0,35,32,22,2,50,49
4737,short_grass_3,3236,3168,0,36,32,22,2,50,49
4735,short_grass_1,3237,3168,0,37,32,22,2,50,49
3949,dugupsoil2_brownmud,3239,3168,0,39,32,22,0,50,49
1162,bullrushes,3240,3168,0,40,32,10,0,50,49
4735,short_grass_1,3241,3168,0,41,32,22,2,50,49
4735,short_grass_1,3242,3168,0,42,32,22,0,50,49
319,dugupsoil1_light,3246,3168,0,46,32,22,1,50,49
320,dugupsoil2_light,3256,3168,0,56,32,22,2,50,49
320,dugupsoil2_light,3257,3168,0,57,32,22,1,50,49
4736,short_grass_2,3143,3169,0,7,33,22,2,49,49
4736,short_grass_2,3144,3169,0,8,33,22,3,49,49
4735,short_grass_1,3145,3169,0,9,33,22,3,49,49
4736,short_grass_2,3146,3169,0,10,33,22,0,49,49
4736,short_grass_2,3147,3169,0,11,33,22,1,49,49
4737,short_grass_3,3148,3169,0,12,33,22,3,49,49
4737,short_grass_3,3149,3169,0,13,33,22,0,49,49
4735,short_grass_1,3150,3169,0,14,33,22,3,49,49
4735,short_grass_1,3152,3169,0,16,33,22,3,49,49
1299,fern1,3153,3169,0,17,33,10,3,49,49
4736,short_grass_2,3154,3169,0,18,33,22,0,49,49
4737,short_grass_3,3155,3169,0,19,33,22,0,49,49
4736,short_grass_2,3156,3169,0,20,33,22,1,49,49
4735,short_grass_1,3157,3169,0,21,33,22,2,49,49
13840,templetrek_leaflessbush,3158,3169,0,22,33,10,3,49,49
1257,grass_light_1,3159,3169,0,23,33,22,0,49,49
1257,grass_light_1,3160,3169,0,24,33,22,3,49,49
1257,grass_light_1,3161,3169,0,25,33,22,1,49,49
1257,grass_light_1,3162,3169,0,26,33,22,1,49,49
1273,grass_2_swamp,3166,3169,0,30,33,22,2,49,49
1273,grass_2_swamp,3167,3169,0,31,33,22,0,49,49
2382,swamp_digdugupsoil2,3175,3169,0,39,33,22,1,49,49
1272,grass_1_swamp,3178,3169,0,42,33,22,1,49,49
1366,swamp_roots_1,3179,3169,0,43,33,10,2,49,49
1369,medplant_swamp,3180,3169,0,44,33,10,3,49,49
1272,grass_1_swamp,3182,3169,0,46,33,22,3,49,49
1272,grass_1_swamp,3183,3169,0,47,33,22,2,49,49
1272,grass_1_swamp,3184,3169,0,48,33,22,3,49,49
1367,swamp_roots_2,3186,3169,0,50,33,10,2,49,49
1272,grass_1_swamp,3188,3169,0,52,33,22,1,49,49
1272,grass_1_swamp,3189,3169,0,53,33,22,0,49,49
1272,grass_1_swamp,3190,3169,0,54,33,22,3,49,49
1272,grass_1_swamp,3191,3169,0,55,33,22,0,49,49
1273,grass_2_swamp,3192,3169,0,56,33,22,3,49,49
1273,grass_2_swamp,3193,3169,0,57,33,22,2,49,49
1272,grass_1_swamp,3194,3169,0,58,33,22,3,49,49
1272,grass_1_swamp,3195,3169,0,59,33,22,2,49,49
1365,deadtree2_swamp,3195,3169,0,59,33,10,1,49,49
10369,farming_shed_roof_edge_2_mirror,3201,3169,1,1,33,18,2,50,49
2406,zanarisdoor,3202,3169,0,2,33,0,0,50,49
4343,viking_dugupsoil_brown_2,3202,3169,0,2,33,22,0,50,49
10365,farming_shed_roof2,3202,3169,1,2,33,12,3,50,49
4343,viking_dugupsoil_brown_2,3203,3169,0,3,33,22,3,50,49
10365,farming_shed_roof2,3203,3169,1,3,33,12,3,50,49
10371,farming_shed_barrel,3204,3169,0,4,33,10,1,50,49
10365,farming_shed_roof2,3204,3169,1,4,33,12,3,50,49
7514,farming_crate,3205,3169,0,5,33,10,2,50,49
10365,farming_shed_roof2,3205,3169,1,5,33,12,3,50,49
5534,short_grass_4_wall_edge,3206,3169,0,6,33,22,0,50,49
10372,farming_shed_wall,3206,3169,0,6,33,0,0,50,49
37435,hw19_slimey_sink,3206,3169,0,6,33,10,2,50,49
10368,farming_shed_roof_edge_2,3206,3169,1,6,33,18,0,50,49
4736,short_grass_2,3207,3169,0,7,33,22,1,50,49
1366,swamp_roots_1,3214,3169,0,14,33,10,2,50,49
2382,swamp_digdugupsoil2,3226,3169,0,26,33,22,0,50,49
2382,swamp_digdugupsoil2,3227,3169,0,27,33,22,2,50,49
2382,swamp_digdugupsoil2,3228,3169,0,28,33,22,2,50,49
1253,grass_1,3232,3169,0,32,33,22,3,50,49
1253,grass_1,3233,3169,0,33,33,22,3,50,49
4737,short_grass_3,3234,3169,0,34,33,22,3,50,49
4738,short_grass_4,3235,3169,0,35,33,22,0,50,49
4738,short_grass_4,3236,3169,0,36,33,22,1,50,49
4737,short_grass_3,3237,3169,0,37,33,22,1,50,49
4735,short_grass_1,3238,3169,0,38,33,22,2,50,49
3949,dugupsoil2_brownmud,3239,3169,0,39,33,22,0,50,49
4735,short_grass_1,3241,3169,0,41,33,22,3,50,49
4735,short_grass_1,3242,3169,0,42,33,22,1,50,49
4735,short_grass_1,3243,3169,0,43,33,22,2,50,49
1259,grass_light_3,3244,3169,0,44,33,22,2,50,49
320,dugupsoil2_light,3246,3169,0,46,33,22,1,50,49
320,dugupsoil2_light,3255,3169,0,55,33,22,2,50,49
320,dugupsoil2_light,3257,3169,0,57,33,22,3,50,49
4735,short_grass_1,3142,3170,0,6,34,22,3,49,49
4735,short_grass_1,3143,3170,0,7,34,22,2,49,49
4735,short_grass_1,3144,3170,0,8,34,22,3,49,49
4735,short_grass_1,3145,3170,0,9,34,22,1,49,49
4735,short_grass_1,3146,3170,0,10,34,22,0,49,49
4735,short_grass_1,3148,3170,0,12,34,22,1,49,49
4735,short_grass_1,3149,3170,0,13,34,22,0,49,49
4736,short_grass_2,3150,3170,0,14,34,22,3,49,49
4737,short_grass_3,3151,3170,0,15,34,22,2,49,49
4736,short_grass_2,3152,3170,0,16,34,22,2,49,49
4735,short_grass_1,3154,3170,0,18,34,22,3,49,49
4736,short_grass_2,3155,3170,0,19,34,22,3,49,49
4737,short_grass_3,3156,3170,0,20,34,22,2,49,49
4736,short_grass_2,3157,3170,0,21,34,22,2,49,49
1257,grass_light_1,3159,3170,0,23,34,22,3,49,49
1257,grass_light_1,3160,3170,0,24,34,22,2,49,49
1257,grass_light_1,3161,3170,0,25,34,22,2,49,49
1273,grass_2_swamp,3166,3170,0,30,34,22,3,49,49
1273,grass_2_swamp,3167,3170,0,31,34,22,2,49,49
185,dugupsoil2_upass,3169,3170,0,33,34,22,0,49,49
185,dugupsoil2_upass,3170,3170,0,34,34,22,1,49,49
2382,swamp_digdugupsoil2,3175,3170,0,39,34,22,2,49,49
2382,swamp_digdugupsoil2,3176,3170,0,40,34,22,3,49,49
2382,swamp_digdugupsoil2,3177,3170,0,41,34,22,2,49,49
1367,swamp_roots_2,3179,3170,0,43,34,10,2,49,49
1366,swamp_roots_1,3182,3170,0,46,34,10,1,49,49
1272,grass_1_swamp,3183,3170,0,47,34,22,2,49,49
1272,grass_1_swamp,3184,3170,0,48,34,22,3,49,49
1363,large_swamp_root,3188,3170,0,52,34,10,1,49,49
1272,grass_1_swamp,3192,3170,0,56,34,22,0,49,49
1272,grass_1_swamp,3193,3170,0,57,34,22,1,49,49
1272,grass_1_swamp,3194,3170,0,58,34,22,0,49,49
1369,medplant_swamp,3194,3170,0,58,34,10,1,49,49
1272,grass_1_swamp,3195,3170,0,59,34,22,0,49,49
5536,short_grass_wall_edge_2,3201,3170,0,1,34,22,3,50,49
10372,farming_shed_wall,3201,3170,0,1,34,0,2,50,49
10370,farming_shed_roof_edge_mirror,3201,3170,1,1,34,18,2,50,49
10364,farming_shed_roof1,3202,3170,1,2,34,12,3,50,49
4342,viking_dugupsoil_brown_1,3203,3170,0,3,34,22,3,50,49
10375,farming_shed_tools,3203,3170,0,3,34,10,0,50,49
10364,farming_shed_roof1,3203,3170,1,3,34,12,3,50,49
7514,farming_crate,3204,3170,0,4,34,10,3,50,49
10364,farming_shed_roof1,3204,3170,1,4,34,12,3,50,49
10374,farming_crates,3205,3170,0,5,34,10,3,50,49
10364,farming_shed_roof1,3205,3170,1,5,34,12,3,50,49
5533,short_grass_3_wall_edge,3206,3170,0,6,34,22,0,50,49
10372,farming_shed_wall,3206,3170,0,6,34,0,0,50,49
10367,farming_shed_roof_edge,3206,3170,1,6,34,18,0,50,49
1364,swamp_root,3219,3170,0,19,34,10,0,50,49
1272,grass_1_swamp,3222,3170,0,22,34,22,0,50,49
1272,grass_1_swamp,3223,3170,0,23,34,22,2,50,49
1368,swamp_roots_3,3225,3170,0,25,34,10,3,50,49
1253,grass_1,3232,3170,0,32,34,22,1,50,49
4735,short_grass_1,3233,3170,0,33,34,22,3,50,49
4737,short_grass_3,3234,3170,0,34,34,22,3,50,49
4738,short_grass_4,3235,3170,0,35,34,22,3,50,49
4738,short_grass_4,3236,3170,0,36,34,22,0,50,49
4737,short_grass_3,3237,3170,0,37,34,22,1,50,49
3949,dugupsoil2_brownmud,3239,3170,0,39,34,22,3,50,49
4738,short_grass_4,3241,3170,0,41,34,22,1,50,49
4735,short_grass_1,3242,3170,0,42,34,22,0,50,49
4735,short_grass_1,3243,3170,0,43,34,22,2,50,49
1260,grass_light_4,3244,3170,0,44,34,22,2,50,49
1259,grass_light_3,3245,3170,0,45,34,22,1,50,49
320,dugupsoil2_light,3255,3170,0,55,34,22,3,50,49
1304,jungletree2_karamja,3256,3170,0,56,34,10,2,50,49
4735,short_grass_1,3142,3171,0,6,35,22,2,49,49
4736,short_grass_2,3143,3171,0,7,35,22,0,49,49
4737,short_grass_3,3144,3171,0,8,35,22,3,49,49
4737,short_grass_3,3145,3171,0,9,35,22,3,49,49
4737,short_grass_3,3146,3171,0,10,35,22,2,49,49
4735,short_grass_1,3148,3171,0,12,35,22,3,49,49
4737,short_grass_3,3149,3171,0,13,35,22,0,49,49
4737,short_grass_3,3150,3171,0,14,35,22,3,49,49
4738,short_grass_4,3151,3171,0,15,35,22,1,49,49
4737,short_grass_3,3152,3171,0,16,35,22,1,49,49
4735,short_grass_1,3153,3171,0,17,35,22,3,49,49
4737,short_grass_3,3155,3171,0,19,35,22,3,49,49
4738,short_grass_4,3156,3171,0,20,35,22,2,49,49
4737,short_grass_3,3157,3171,0,21,35,22,1,49,49
1246,full_twig,3158,3171,0,22,35,22,2,49,49
1257,grass_light_1,3159,3171,0,23,35,22,1,49,49
1273,grass_2_swamp,3165,3171,0,29,35,22,0,49,49
1273,grass_2_swamp,3166,3171,0,30,35,22,3,49,49
185,dugupsoil2_upass,3168,3171,0,32,35,22,2,49,49
15566,goblin_caves_warningsign,3168,3171,0,32,35,11,2,49,49
184,dugupsoil1_upass,3169,3171,0,33,35,22,1,49,49
185,dugupsoil2_upass,3170,3171,0,34,35,22,2,49,49
1171,nastyfungus_dark,3170,3171,0,34,35,10,3,49,49
185,dugupsoil2_upass,3171,3171,0,35,35,22,3,49,49
2382,swamp_digdugupsoil2,3174,3171,0,38,35,22,3,49,49
2382,swamp_digdugupsoil2,3175,3171,0,39,35,22,3,49,49
2383,swamp_digdugupsoil3,3176,3171,0,40,35,22,0,49,49
2382,swamp_digdugupsoil2,3177,3171,0,41,35,22,1,49,49
2382,swamp_digdugupsoil2,3178,3171,0,42,35,22,3,49,49
1366,swamp_roots_1,3179,3171,0,43,35,10,3,49,49
1369,medplant_swamp,3182,3171,0,46,35,10,2,49,49
16439,randomsound_swamp_ambience,3189,3171,0,53,35,22,0,49,49
1272,grass_1_swamp,3193,3171,0,57,35,22,0,49,49
1272,grass_1_swamp,3194,3171,0,58,35,22,1,49,49
1272,grass_1_swamp,3195,3171,0,59,35,22,3,49,49
28958,hh_easy001,3201,3171,0,1,35,10,0,50,49
5533,short_grass_3_wall_edge,3202,3171,0,2,35,22,3,50,49
10372,farming_shed_wall,3202,3171,0,2,35,0,3,50,49
10366,farming_shed_roof,3202,3171,1,2,35,18,3,50,49
5534,short_grass_4_wall_edge,3203,3171,0,3,35,22,3,50,49
10372,farming_shed_wall,3203,3171,0,3,35,0,3,50,49
10366,farming_shed_roof,3203,3171,1,3,35,18,3,50,49
5534,short_grass_4_wall_edge,3204,3171,0,4,35,22,3,50,49
10373,farming_shed_wall_window,3204,3171,0,4,35,0,3,50,49
10366,farming_shed_roof,3204,3171,1,4,35,18,3,50,49
5533,short_grass_3_wall_edge,3205,3171,0,5,35,22,3,50,49
10372,farming_shed_wall,3205,3171,0,5,35,0,3,50,49
10366,farming_shed_roof,3205,3171,1,5,35,18,3,50,49
4736,short_grass_2,3206,3171,0,6,35,22,1,50,49
1162,bullrushes,3208,3171,0,8,35,10,1,50,49
1367,swamp_roots_2,3210,3171,0,10,35,10,1,50,49
2382,swamp_digdugupsoil2,3212,3171,0,12,35,22,0,50,49
1366,swamp_roots_1,3217,3171,0,17,35,10,3,50,49
1368,swamp_roots_3,3218,3171,0,18,35,10,0,50,49
1367,swamp_roots_2,3220,3171,0,20,35,10,0,50,49
1272,grass_1_swamp,3221,3171,0,21,35,22,1,50,49
1273,grass_2_swamp,3222,3171,0,22,35,22,0,50,49
1272,grass_1_swamp,3223,3171,0,23,35,22,1,50,49
1366,swamp_roots_1,3224,3171,0,24,35,10,2,50,49
1367,swamp_roots_2,3225,3171,0,25,35,10,2,50,49
1253,grass_1,3231,3171,0,31,35,22,1,50,49
1253,grass_1,3232,3171,0,32,35,22,1,50,49
4735,short_grass_1,3233,3171,0,33,35,22,2,50,49
4735,short_grass_1,3234,3171,0,34,35,22,2,50,49
4737,short_grass_3,3235,3171,0,35,35,22,0,50,49
4737,short_grass_3,3236,3171,0,36,35,22,0,50,49
4735,short_grass_1,3240,3171,0,40,35,22,2,50,49
4735,short_grass_1,3241,3171,0,41,35,22,3,50,49
4735,short_grass_1,3242,3171,0,42,35,22,2,50,49
4735,short_grass_1,3243,3171,0,43,35,22,0,50,49
1259,grass_light_3,3244,3171,0,44,35,22,0,50,49
320,dugupsoil2_light,3246,3171,0,46,35,22,2,50,49
320,dugupsoil2_light,3255,3171,0,55,35,22,0,50,49
4735,short_grass_1,3141,3172,0,5,36,22,0,49,49
4736,short_grass_2,3142,3172,0,6,36,22,1,49,49
5536,short_grass_wall_edge_2,3143,3172,0,7,36,22,3,49,49
10372,farming_shed_wall,3143,3172,0,7,36,1,1,49,49
5536,short_grass_wall_edge_2,3144,3172,0,8,36,22,3,49,49
10372,farming_shed_wall,3144,3172,0,8,36,0,1,49,49
24161,fai_falador_ivy_medium,3144,3172,0,8,36,5,1,49,49
10366,farming_shed_roof,3144,3172,1,8,36,18,1,49,49
5536,short_grass_wall_edge_2,3145,3172,0,9,36,22,2,49,49
10372,farming_shed_wall,3145,3172,0,9,36,0,1,49,49
50941,aide_shutterwindow_offsetz1,3145,3172,0,9,36,5,1,49,49
10366,farming_shed_roof,3145,3172,1,9,36,18,1,49,49
1184,jungle1,3146,3172,0,10,36,10,2,49,49
5536,short_grass_wall_edge_2,3146,3172,0,10,36,22,3,49,49
10372,farming_shed_wall,3146,3172,0,10,36,0,1,49,49
15694,aide_lantern,3146,3172,0,10,36,5,1,49,49
10366,farming_shed_roof,3146,3172,1,10,36,18,1,49,49
15056,farming_shed_poordoor,3147,3172,0,11,36,0,1,49,49
10366,farming_shed_roof,3147,3172,1,11,36,18,1,49,49
5536,short_grass_wall_edge_2,3148,3172,0,12,36,22,2,49,49
10372,farming_shed_wall,3148,3172,0,12,36,0,1,49,49
24160,fai_falador_ivy_large,3148,3172,0,12,36,5,1,49,49
10366,farming_shed_roof,3148,3172,1,12,36,18,1,49,49
5536,short_grass_wall_edge_2,3149,3172,0,13,36,22,3,49,49
10372,farming_shed_wall,3149,3172,0,13,36,0,1,49,49
50941,aide_shutterwindow_offsetz1,3149,3172,0,13,36,5,1,49,49
10366,farming_shed_roof,3149,3172,1,13,36,18,1,49,49
5536,short_grass_wall_edge_2,3150,3172,0,14,36,22,2,49,49
10372,farming_shed_wall,3150,3172,0,14,36,0,1,49,49
24161,fai_falador_ivy_medium,3150,3172,0,14,36,5,1,49,49
10366,farming_shed_roof,3150,3172,1,14,36,18,1,49,49
5536,short_grass_wall_edge_2,3151,3172,0,15,36,22,3,49,49
10372,farming_shed_wall,3151,3172,0,15,36,0,1,49,49
24161,fai_falador_ivy_medium,3151,3172,0,15,36,5,1,49,49
10366,farming_shed_roof,3151,3172,1,15,36,18,1,49,49
5536,short_grass_wall_edge_2,3152,3172,0,16,36,22,2,49,49
10372,farming_shed_wall,3152,3172,0,16,36,1,0,49,49
4738,short_grass_4,3153,3172,0,17,36,22,2,49,49
4737,short_grass_3,3154,3172,0,18,36,22,2,49,49
4736,short_grass_2,3155,3172,0,19,36,22,0,49,49
4737,short_grass_3,3156,3172,0,20,36,22,0,49,49
4736,short_grass_2,3157,3172,0,21,36,22,1,49,49
21743,new_nastyfungus_small_dark,3158,3172,0,22,36,10,0,49,49
1247,broken_twig,3159,3172,0,23,36,22,3,49,49
4735,short_grass_1,3160,3172,0,24,36,22,2,49,49
1273,grass_2_swamp,3165,3172,0,29,36,22,2,49,49
185,dugupsoil2_upass,3167,3172,0,31,36,22,0,49,49
185,dugupsoil2_upass,3168,3172,0,32,36,22,3,49,49
5947,goblin_cave_entrance,3169,3172,0,33,36,10,0,49,49
14108,dungeonentrance_icon_clickable,3169,3172,0,33,36,22,0,49,49
184,dugupsoil1_upass,3170,3172,0,34,36,22,3,49,49
184,dugupsoil1_upass,3171,3172,0,35,36,22,0,49,49
1282,deadtree1,3171,3172,0,35,36,10,1,49,49
185,dugupsoil2_upass,3172,3172,0,36,36,22,3,49,49
2382,swamp_digdugupsoil2,3175,3172,0,39,36,22,0,49,49
2382,swamp_digdugupsoil2,3176,3172,0,40,36,22,2,49,49
2382,swamp_digdugupsoil2,3177,3172,0,41,36,22,0,49,49
2382,swamp_digdugupsoil2,3178,3172,0,42,36,22,0,49,49
2382,swamp_digdugupsoil2,3179,3172,0,43,36,22,2,49,49
1366,swamp_roots_1,3187,3172,0,51,36,10,1,49,49
684,swampbubbles,3191,3172,0,55,36,10,2,49,49
1272,grass_1_swamp,3194,3172,0,58,36,22,3,49,49
1272,grass_1_swamp,3195,3172,0,59,36,22,2,49,49
4736,short_grass_2,3203,3172,0,3,36,22,0,50,49
4736,short_grass_2,3204,3172,0,4,36,22,1,50,49
1162,bullrushes,3208,3172,0,8,36,10,3,50,49
1363,large_swamp_root,3210,3172,0,10,36,10,0,50,49
1367,swamp_roots_2,3217,3172,0,17,36,10,2,50,49
1369,medplant_swamp,3218,3172,0,18,36,10,1,50,49
1272,grass_1_swamp,3221,3172,0,21,36,22,2,50,49
1272,grass_1_swamp,3222,3172,0,22,36,22,3,50,49
1272,grass_1_swamp,3224,3172,0,24,36,22,0,50,49
1244,small_grass_stones,3226,3172,0,26,36,22,3,50,49
1253,grass_1,3230,3172,0,30,36,22,2,50,49
1253,grass_1,3231,3172,0,31,36,22,3,50,49
1253,grass_1,3232,3172,0,32,36,22,1,50,49
4736,short_grass_2,3233,3172,0,33,36,22,3,50,49
4737,short_grass_3,3234,3172,0,34,36,22,2,50,49
4736,short_grass_2,3235,3172,0,35,36,22,2,50,49
4735,short_grass_1,3236,3172,0,36,36,22,3,50,49
3949,dugupsoil2_brownmud,3238,3172,0,38,36,22,2,50,49
4735,short_grass_1,3239,3172,0,39,36,22,3,50,49
4735,short_grass_1,3240,3172,0,40,36,22,2,50,49
4735,short_grass_1,3241,3172,0,41,36,22,3,50,49
4735,short_grass_1,3242,3172,0,42,36,22,0,50,49
4735,short_grass_1,3243,3172,0,43,36,22,1,50,49
4735,short_grass_1,3244,3172,0,44,36,22,3,50,49
4735,short_grass_1,3245,3172,0,45,36,22,2,50,49
320,dugupsoil2_light,3246,3172,0,46,36,22,3,50,49
320,dugupsoil2_light,3247,3172,0,47,36,22,0,50,49
320,dugupsoil2_light,3255,3172,0,55,36,22,1,50,49
4735,short_grass_1,3141,3173,0,5,37,22,1,49,49
4736,short_grass_2,3142,3173,0,6,37,22,2,49,49
5536,short_grass_wall_edge_2,3143,3173,0,7,37,22,0,49,49
10372,farming_shed_wall,3143,3173,0,7,37,0,2,49,49
24162,fai_falador_ivy_small,3143,3173,0,7,37,5,2,49,49
10367,farming_shed_roof_edge,3143,3173,1,7,37,18,2,49,49
15685,aide_cookingshelves,3144,3173,0,8,37,10,3,49,49
15689,aide_torch,3144,3173,0,8,37,4,0,49,49
10364,farming_shed_roof1,3144,3173,1,8,37,12,1,49,49
1838,shutterwindow,3145,3173,0,9,37,4,3,49,49
15674,aide_barrel,3145,3173,0,9,37,10,0,49,49
10364,farming_shed_roof1,3145,3173,1,9,37,12,1,49,49
15689,aide_torch,3146,3173,0,10,37,4,3,49,49
10364,farming_shed_roof1,3146,3173,1,10,37,12,1,49,49
10364,farming_shed_roof1,3147,3173,1,11,37,12,1,49,49
15689,aide_torch,3148,3173,0,12,37,4,3,49,49
10364,farming_shed_roof1,3148,3173,1,12,37,12,1,49,49
1838,shutterwindow,3149,3173,0,13,37,4,3,49,49
10364,farming_shed_roof1,3149,3173,1,13,37,12,1,49,49
15683,aide_normal_bed,3150,3173,0,14,37,10,2,49,49
10364,farming_shed_roof1,3150,3173,1,14,37,12,1,49,49
15689,aide_torch,3151,3173,0,15,37,4,2,49,49
10364,farming_shed_roof1,3151,3173,1,15,37,12,1,49,49
5536,short_grass_wall_edge_2,3152,3173,0,16,37,22,1,49,49
10372,farming_shed_wall,3152,3173,0,16,37,0,0,49,49
24160,fai_falador_ivy_large,3152,3173,0,16,37,5,0,49,49
10370,farming_shed_roof_edge_mirror,3152,3173,1,16,37,18,0,49,49
4737,short_grass_3,3153,3173,0,17,37,22,3,49,49
21743,new_nastyfungus_small_dark,3153,3173,0,17,37,10,3,49,49
4738,short_grass_4,3154,3173,0,18,37,22,3,49,49
4737,short_grass_3,3155,3173,0,19,37,22,1,49,49
1247,broken_twig,3156,3173,0,20,37,22,2,49,49
1286,deadtree2,3156,3173,0,20,37,10,3,49,49
4735,short_grass_1,3157,3173,0,21,37,22,2,49,49
1247,broken_twig,3158,3173,0,22,37,22,1,49,49
4735,short_grass_1,3159,3173,0,23,37,22,2,49,49
1273,grass_2_swamp,3165,3173,0,29,37,22,1,49,49
185,dugupsoil2_upass,3167,3173,0,31,37,22,1,49,49
1171,nastyfungus_dark,3167,3173,0,31,37,10,1,49,49
184,dugupsoil1_upass,3168,3173,0,32,37,22,0,49,49
15566,goblin_caves_warningsign,3168,3173,0,32,37,11,3,49,49
184,dugupsoil1_upass,3169,3173,0,33,37,22,3,49,49
185,dugupsoil2_upass,3170,3173,0,34,37,22,0,49,49
185,dugupsoil2_upass,3171,3173,0,35,37,22,1,49,49
185,dugupsoil2_upass,3172,3173,0,36,37,22,2,49,49
185,dugupsoil2_upass,3173,3173,0,37,37,22,1,49,49
1171,nastyfungus_dark,3173,3173,0,37,37,10,2,49,49
16424,bgsound_cave_bubbling_10,3174,3173,0,38,37,22,0,49,49
2382,swamp_digdugupsoil2,3176,3173,0,40,37,22,1,49,49
2382,swamp_digdugupsoil2,3178,3173,0,42,37,22,0,49,49
2382,swamp_digdugupsoil2,3179,3173,0,43,37,22,1,49,49
2382,swamp_digdugupsoil2,3180,3173,0,44,37,22,2,49,49
1363,large_swamp_root,3183,3173,0,47,37,10,2,49,49
1369,medplant_swamp,3187,3173,0,51,37,10,3,49,49
1364,swamp_root,3190,3173,0,54,37,10,2,49,49
1369,medplant_swamp,3192,3173,0,56,37,10,2,49,49
1246,full_twig,3205,3173,0,5,37,22,2,50,49
2383,swamp_digdugupsoil3,3212,3173,0,12,37,22,0,50,49
2382,swamp_digdugupsoil2,3213,3173,0,13,37,22,2,50,49
2383,swamp_digdugupsoil3,3218,3173,0,18,37,22,0,50,49
1365,deadtree2_swamp,3223,3173,0,23,37,10,0,50,49
1253,grass_1,3230,3173,0,30,37,22,2,50,49
1253,grass_1,3231,3173,0,31,37,22,0,50,49
1253,grass_1,3232,3173,0,32,37,22,0,50,49
4737,short_grass_3,3233,3173,0,33,37,22,3,50,49
4738,short_grass_4,3234,3173,0,34,37,22,1,50,49
4737,short_grass_3,3235,3173,0,35,37,22,1,50,49
4735,short_grass_1,3236,3173,0,36,37,22,0,50,49
3949,dugupsoil2_brownmud,3238,3173,0,38,37,22,3,50,49
4735,short_grass_1,3240,3173,0,40,37,22,2,50,49
4735,short_grass_1,3241,3173,0,41,37,22,1,50,49
4737,short_grass_3,3242,3173,0,42,37,22,2,50,49
4735,short_grass_1,3243,3173,0,43,37,22,0,50,49
1257,grass_light_1,3244,3173,0,44,37,22,3,50,49
1258,grass_light_2,3245,3173,0,45,37,22,3,50,49
320,dugupsoil2_light,3247,3173,0,47,37,22,1,50,49
320,dugupsoil2_light,3255,3173,0,55,37,22,2,50,49
320,dugupsoil2_light,3256,3173,0,56,37,22,3,50,49
4735,short_grass_1,3141,3174,0,5,38,22,3,49,49
1300,fern2,3142,3174,0,6,38,10,3,49,49
4737,short_grass_3,3142,3174,0,6,38,22,0,49,49
5536,short_grass_wall_edge_2,3143,3174,0,7,38,22,3,49,49
10372,farming_shed_wall,3143,3174,0,7,38,0,2,49,49
57659,aide_shutterwindow_offsetx1,3143,3174,0,7,38,5,2,49,49
10368,farming_shed_roof_edge_2,3143,3174,1,7,38,18,2,49,49
1838,shutterwindow,3144,3174,0,8,38,4,0,49,49
10365,farming_shed_roof2,3144,3174,1,8,38,12,1,49,49
15687,aide_poorrug_corner,3145,3174,0,9,38,22,3,49,49
10365,farming_shed_roof2,3145,3174,1,9,38,12,1,49,49
15688,aide_poorrug_side,3146,3174,0,10,38,22,2,49,49
10365,farming_shed_roof2,3146,3174,1,10,38,12,1,49,49
15688,aide_poorrug_side,3147,3174,0,11,38,22,2,49,49
10365,farming_shed_roof2,3147,3174,1,11,38,12,1,49,49
15688,aide_poorrug_side,3148,3174,0,12,38,22,2,49,49
10365,farming_shed_roof2,3148,3174,1,12,38,12,1,49,49
15687,aide_poorrug_corner,3149,3174,0,13,38,22,2,49,49
10365,farming_shed_roof2,3149,3174,1,13,38,12,1,49,49
10365,farming_shed_roof2,3150,3174,1,14,38,12,1,49,49
1838,shutterwindow,3151,3174,0,15,38,4,2,49,49
10365,farming_shed_roof2,3151,3174,1,15,38,12,1,49,49
5536,short_grass_wall_edge_2,3152,3174,0,16,38,22,2,49,49
10372,farming_shed_wall,3152,3174,0,16,38,0,0,49,49
57660,aide_shutterwindow_offsetx2,3152,3174,0,16,38,5,0,49,49
10369,farming_shed_roof_edge_2_mirror,3152,3174,1,16,38,18,0,49,49
1247,broken_twig,3153,3174,0,17,38,22,2,49,49
21743,new_nastyfungus_small_dark,3153,3174,0,17,38,10,2,49,49
4737,short_grass_3,3154,3174,0,18,38,22,0,49,49
21743,new_nastyfungus_small_dark,3154,3174,0,18,38,10,1,49,49
4735,short_grass_1,3155,3174,0,19,38,22,2,49,49
1247,broken_twig,3156,3174,0,20,38,22,0,49,49
4737,short_grass_3,3157,3174,0,21,38,22,2,49,49
4735,short_grass_1,3158,3174,0,22,38,22,2,49,49
185,dugupsoil2_upass,3166,3174,0,30,38,22,3,49,49
185,dugupsoil2_upass,3167,3174,0,31,38,22,2,49,49
184,dugupsoil1_upass,3168,3174,0,32,38,22,1,49,49
185,dugupsoil2_upass,3169,3174,0,33,38,22,1,49,49
185,dugupsoil2_upass,3170,3174,0,34,38,22,3,49,49
1273,grass_2_swamp,3171,3174,0,35,38,22,1,49,49
185,dugupsoil2_upass,3173,3174,0,37,38,22,0,49,49
2382,swamp_digdugupsoil2,3176,3174,0,40,38,22,3,49,49
1369,medplant_swamp,3177,3174,0,41,38,10,3,49,49
2382,swamp_digdugupsoil2,3178,3174,0,42,38,22,1,49,49
2382,swamp_digdugupsoil2,3179,3174,0,43,38,22,1,49,49
2383,swamp_digdugupsoil3,3180,3174,0,44,38,22,1,49,49
1366,swamp_roots_1,3186,3174,0,50,38,10,2,49,49
1366,swamp_roots_1,3188,3174,0,52,38,10,1,49,49
684,swampbubbles,3189,3174,0,53,38,10,3,49,49
1162,bullrushes,3209,3174,0,9,38,10,1,50,49
2382,swamp_digdugupsoil2,3212,3174,0,12,38,22,3,50,49
2382,swamp_digdugupsoil2,3213,3174,0,13,38,22,2,50,49
1365,deadtree2_swamp,3215,3174,0,15,38,10,0,50,49
1253,grass_1,3230,3174,0,30,38,22,1,50,49
1253,grass_1,3231,3174,0,31,38,22,3,50,49
1253,grass_1,3232,3174,0,32,38,22,2,50,49
4736,short_grass_2,3233,3174,0,33,38,22,0,50,49
4737,short_grass_3,3234,3174,0,34,38,22,0,50,49
4736,short_grass_2,3235,3174,0,35,38,22,1,50,49
4735,short_grass_1,3236,3174,0,36,38,22,1,50,49
4735,short_grass_1,3237,3174,0,37,38,22,0,50,49
3949,dugupsoil2_brownmud,3239,3174,0,39,38,22,2,50,49
4737,short_grass_3,3241,3174,0,41,38,22,3,50,49
4738,short_grass_4,3242,3174,0,42,38,22,2,50,49
4737,short_grass_3,3243,3174,0,43,38,22,1,50,49
1257,grass_light_1,3244,3174,0,44,38,22,3,50,49
320,dugupsoil2_light,3246,3174,0,46,38,22,2,50,49
319,dugupsoil1_light,3247,3174,0,47,38,22,1,50,49
319,dugupsoil1_light,3255,3174,0,55,38,22,1,50,49
320,dugupsoil2_light,3256,3174,0,56,38,22,0,50,49
4735,short_grass_1,3141,3175,0,5,39,22,2,49,49
4735,short_grass_1,3142,3175,0,6,39,22,3,49,49
5536,short_grass_wall_edge_2,3143,3175,0,7,39,22,0,49,49
10372,farming_shed_wall,3143,3175,0,7,39,0,2,49,49
24163,fai_falador_ivy_medium_mirror,3143,3175,0,7,39,5,2,49,49
15055,farming_shed_roof_mid_edge2,3143,3175,1,7,39,18,2,49,49
15691,aide_painting_elf,3144,3175,0,8,39,4,0,49,49
15054,farming_shed_roof_mid2,3144,3175,1,8,39,17,1,49,49
15687,aide_poorrug_corner,3145,3175,0,9,39,22,0,49,49
15054,farming_shed_roof_mid2,3145,3175,1,9,39,17,1,49,49
15688,aide_poorrug_side,3146,3175,0,10,39,22,0,49,49
15054,farming_shed_roof_mid2,3146,3175,1,10,39,17,1,49,49
15688,aide_poorrug_side,3147,3175,0,11,39,22,0,49,49
15054,farming_shed_roof_mid2,3147,3175,1,11,39,17,1,49,49
15688,aide_poorrug_side,3148,3175,0,12,39,22,0,49,49
15054,farming_shed_roof_mid2,3148,3175,1,12,39,17,1,49,49
15687,aide_poorrug_corner,3149,3175,0,13,39,22,1,49,49
15054,farming_shed_roof_mid2,3149,3175,1,13,39,17,1,49,49
15054,farming_shed_roof_mid2,3150,3175,1,14,39,17,1,49,49
15690,aide_painting_king,3151,3175,0,15,39,4,2,49,49
15054,farming_shed_roof_mid2,3151,3175,1,15,39,17,1,49,49
5536,short_grass_wall_edge_2,3152,3175,0,16,39,22,2,49,49
10372,farming_shed_wall,3152,3175,0,16,39,0,0,49,49
24161,fai_falador_ivy_medium,3152,3175,0,16,39,5,0,49,49
15055,farming_shed_roof_mid_edge2,3152,3175,1,16,39,18,0,49,49
4736,short_grass_2,3153,3175,0,17,39,22,3,49,49
21742,new_nastyfungus_dark,3153,3175,0,17,39,10,0,49,49
4737,short_grass_3,3154,3175,0,18,39,22,2,49,49
21743,new_nastyfungus_small_dark,3154,3175,0,18,39,10,1,49,49
4736,short_grass_2,3155,3175,0,19,39,22,2,49,49
4736,short_grass_2,3156,3175,0,20,39,22,2,49,49
1246,full_twig,3157,3175,0,21,39,22,1,49,49
1286,deadtree2,3158,3175,0,22,39,10,2,49,49
1247,broken_twig,3159,3175,0,23,39,22,3,49,49
185,dugupsoil2_upass,3168,3175,0,32,39,22,0,49,49
1273,grass_2_swamp,3171,3175,0,35,39,22,2,49,49
2382,swamp_digdugupsoil2,3173,3175,0,37,39,22,2,49,49
2382,swamp_digdugupsoil2,3174,3175,0,38,39,22,1,49,49
2382,swamp_digdugupsoil2,3179,3175,0,43,39,22,0,49,49
2382,swamp_digdugupsoil2,3180,3175,0,44,39,22,3,49,49
1368,swamp_roots_3,3186,3175,0,50,39,10,3,49,49
1273,grass_2_swamp,3194,3175,0,58,39,22,2,49,49
1364,swamp_root,3209,3175,0,9,39,10,3,50,49
1367,swamp_roots_2,3211,3175,0,11,39,10,1,50,49
2382,swamp_digdugupsoil2,3212,3175,0,12,39,22,1,50,49
2382,swamp_digdugupsoil2,3213,3175,0,13,39,22,3,50,49
2382,swamp_digdugupsoil2,3224,3175,0,24,39,22,0,50,49
2383,swamp_digdugupsoil3,3225,3175,0,25,39,22,0,50,49
1369,medplant_swamp,3228,3175,0,28,39,10,3,50,49
1253,grass_1,3231,3175,0,31,39,22,0,50,49
1253,grass_1,3234,3175,0,34,39,22,0,50,49
1253,grass_1,3235,3175,0,35,39,22,3,50,49
4735,short_grass_1,3236,3175,0,36,39,22,0,50,49
4736,short_grass_2,3237,3175,0,37,39,22,3,50,49
4737,short_grass_3,3238,3175,0,38,39,22,2,50,49
3949,dugupsoil2_brownmud,3240,3175,0,40,39,22,2,50,49
4735,short_grass_1,3241,3175,0,41,39,22,2,50,49
4737,short_grass_3,3242,3175,0,42,39,22,0,50,49
1257,grass_light_1,3243,3175,0,43,39,22,3,50,49
1257,grass_light_1,3244,3175,0,44,39,22,3,50,49
1257,grass_light_1,3245,3175,0,45,39,22,0,50,49
320,dugupsoil2_light,3246,3175,0,46,39,22,0,50,49
320,dugupsoil2_light,3247,3175,0,47,39,22,3,50,49
320,dugupsoil2_light,3256,3175,0,56,39,22,1,50,49
1304,jungletree2_karamja,3259,3175,0,59,39,10,1,50,49
4738,short_grass_4,3142,3176,0,6,40,22,3,49,49
5536,short_grass_wall_edge_2,3143,3176,0,7,40,22,3,49,49
10372,farming_shed_wall,3143,3176,0,7,40,0,2,49,49
57659,aide_shutterwindow_offsetx1,3143,3176,0,7,40,5,2,49,49
10369,farming_shed_roof_edge_2_mirror,3143,3176,1,7,40,18,2,49,49
1838,shutterwindow,3144,3176,0,8,40,4,0,49,49
15693,aide_small_crates,3144,3176,0,8,40,10,2,49,49
10365,farming_shed_roof2,3144,3176,1,8,40,12,3,49,49
10365,farming_shed_roof2,3145,3176,1,9,40,12,3,49,49
10365,farming_shed_roof2,3146,3176,1,10,40,12,3,49,49
15682,aide_chair,3147,3176,0,11,40,11,2,49,49
10365,farming_shed_roof2,3147,3176,1,11,40,12,3,49,49
10365,farming_shed_roof2,3148,3176,1,12,40,12,3,49,49
10365,farming_shed_roof2,3149,3176,1,13,40,12,3,49,49
10365,farming_shed_roof2,3150,3176,1,14,40,12,3,49,49
1838,shutterwindow,3151,3176,0,15,40,4,2,49,49
15681,aide_rockingchair,3151,3176,0,15,40,11,0,49,49
10365,farming_shed_roof2,3151,3176,1,15,40,12,3,49,49
5536,short_grass_wall_edge_2,3152,3176,0,16,40,22,1,49,49
10372,farming_shed_wall,3152,3176,0,16,40,0,0,49,49
57660,aide_shutterwindow_offsetx2,3152,3176,0,16,40,5,0,49,49
10368,farming_shed_roof_edge_2,3152,3176,1,16,40,18,0,49,49
4737,short_grass_3,3153,3176,0,17,40,22,3,49,49
21743,new_nastyfungus_small_dark,3153,3176,0,17,40,10,1,49,49
1286,deadtree2,3154,3176,0,18,40,10,0,49,49
4738,short_grass_4,3154,3176,0,18,40,22,1,49,49
1300,fern2,3155,3176,0,19,40,10,1,49,49
4737,short_grass_3,3155,3176,0,19,40,22,1,49,49
4736,short_grass_2,3156,3176,0,20,40,22,1,49,49
4735,short_grass_1,3157,3176,0,21,40,22,2,49,49
1247,broken_twig,3158,3176,0,22,40,22,2,49,49
1167,mushroom2_dark,3159,3176,0,23,40,10,3,49,49
2757,candle_store_icon,3170,3176,0,34,40,22,0,49,49
2382,swamp_digdugupsoil2,3171,3176,0,35,40,22,1,49,49
2382,swamp_digdugupsoil2,3172,3176,0,36,40,22,3,49,49
2382,swamp_digdugupsoil2,3173,3176,0,37,40,22,3,49,49
2382,swamp_digdugupsoil2,3174,3176,0,38,40,22,0,49,49
2382,swamp_digdugupsoil2,3175,3176,0,39,40,22,1,49,49
1364,swamp_root,3187,3176,0,51,40,10,0,49,49
1272,grass_1_swamp,3193,3176,0,57,40,22,2,49,49
1369,medplant_swamp,3211,3176,0,11,40,10,2,50,49
2382,swamp_digdugupsoil2,3217,3176,0,17,40,22,0,50,49
2382,swamp_digdugupsoil2,3221,3176,0,21,40,22,0,50,49
2382,swamp_digdugupsoil2,3222,3176,0,22,40,22,2,50,49
1363,large_swamp_root,3223,3176,0,23,40,10,2,50,49
2383,swamp_digdugupsoil3,3223,3176,0,23,40,22,2,50,49
2382,swamp_digdugupsoil2,3227,3176,0,27,40,22,3,50,49
1253,grass_1,3235,3176,0,35,40,22,2,50,49
1253,grass_1,3236,3176,0,36,40,22,1,50,49
4737,short_grass_3,3237,3176,0,37,40,22,3,50,49
4738,short_grass_4,3238,3176,0,38,40,22,0,50,49
4735,short_grass_1,3242,3176,0,42,40,22,1,50,49
1257,grass_light_1,3243,3176,0,43,40,22,3,50,49
1257,grass_light_1,3244,3176,0,44,40,22,2,50,49
1390,jungle2,3244,3176,0,44,40,10,3,50,49
1257,grass_light_1,3245,3176,0,45,40,22,1,50,49
320,dugupsoil2_light,3246,3176,0,46,40,22,1,50,49
320,dugupsoil2_light,3247,3176,0,47,40,22,2,50,49
320,dugupsoil2_light,3256,3176,0,56,40,22,2,50,49
321,dugupsoil3_light,3257,3176,0,57,40,22,1,50,49
4737,short_grass_3,3142,3177,0,6,41,22,1,49,49
5536,short_grass_wall_edge_2,3143,3177,0,7,41,22,0,49,49
10372,farming_shed_wall,3143,3177,0,7,41,0,2,49,49
24162,fai_falador_ivy_small,3143,3177,0,7,41,5,2,49,49
10370,farming_shed_roof_edge_mirror,3143,3177,1,7,41,18,2,49,49
15689,aide_torch,3144,3177,0,8,41,4,0,49,49
15692,aide_crates_stacked,3144,3177,0,8,41,10,0,49,49
10364,farming_shed_roof1,3144,3177,1,8,41,12,3,49,49
1838,shutterwindow,3145,3177,0,9,41,4,1,49,49
15693,aide_small_crates,3145,3177,0,9,41,10,1,49,49
10364,farming_shed_roof1,3145,3177,1,9,41,12,3,49,49
9523,sarim_bookcase2,3146,3177,0,10,41,10,1,49,49
10364,farming_shed_roof1,3146,3177,1,10,41,12,3,49,49
15684,aide_wooden_table,3147,3177,0,11,41,10,3,49,49
15689,aide_torch,3147,3177,0,11,41,4,1,49,49
10364,farming_shed_roof1,3147,3177,1,11,41,12,3,49,49
15689,aide_torch,3148,3177,0,12,41,4,1,49,49
10364,farming_shed_roof1,3148,3177,1,12,41,12,3,49,49
9523,sarim_bookcase2,3149,3177,0,13,41,10,1,49,49
10364,farming_shed_roof1,3149,3177,1,13,41,12,3,49,49
1838,shutterwindow,3150,3177,0,14,41,4,1,49,49
10364,farming_shed_roof1,3150,3177,1,14,41,12,3,49,49
15689,aide_torch,3151,3177,0,15,41,4,2,49,49
10364,farming_shed_roof1,3151,3177,1,15,41,12,3,49,49
5536,short_grass_wall_edge_2,3152,3177,0,16,41,22,2,49,49
10372,farming_shed_wall,3152,3177,0,16,41,0,0,49,49
24160,fai_falador_ivy_large,3152,3177,0,16,41,5,0,49,49
10367,farming_shed_roof_edge,3152,3177,1,16,41,18,0,49,49
1286,deadtree2,3153,3177,0,17,41,10,1,49,49
4736,short_grass_2,3153,3177,0,17,41,22,0,49,49
4737,short_grass_3,3154,3177,0,18,41,22,0,49,49
4736,short_grass_2,3155,3177,0,19,41,22,1,49,49
4737,short_grass_3,3156,3177,0,20,41,22,2,49,49
4737,short_grass_3,3157,3177,0,21,41,22,1,49,49
4735,short_grass_1,3158,3177,0,22,41,22,2,49,49
1247,broken_twig,3159,3177,0,23,41,22,1,49,49
1273,grass_2_swamp,3167,3177,0,31,41,22,1,49,49
1167,mushroom2_dark,3168,3177,0,32,41,10,0,49,49
1273,grass_2_swamp,3169,3177,0,33,41,22,0,49,49
2382,swamp_digdugupsoil2,3171,3177,0,35,41,22,3,49,49
2382,swamp_digdugupsoil2,3172,3177,0,36,41,22,0,49,49
2382,swamp_digdugupsoil2,3173,3177,0,37,41,22,2,49,49
2383,swamp_digdugupsoil3,3174,3177,0,38,41,22,0,49,49
2382,swamp_digdugupsoil2,3175,3177,0,39,41,22,2,49,49
1364,swamp_root,3176,3177,0,40,41,10,2,49,49
1367,swamp_roots_2,3179,3177,0,43,41,10,3,49,49
1272,grass_1_swamp,3182,3177,0,46,41,22,1,49,49
1272,grass_1_swamp,3183,3177,0,47,41,22,1,49,49
1272,grass_1_swamp,3184,3177,0,48,41,22,1,49,49
1162,bullrushes,3185,3177,0,49,41,10,0,49,49
1162,bullrushes,3190,3177,0,54,41,10,1,49,49
1162,bullrushes,3192,3177,0,56,41,10,0,49,49
2382,swamp_digdugupsoil2,3192,3177,0,56,41,22,1,49,49
1272,grass_1_swamp,3193,3177,0,57,41,22,2,49,49
1369,medplant_swamp,3207,3177,0,7,41,10,3,50,49
1367,swamp_roots_2,3209,3177,0,9,41,10,0,50,49
1368,swamp_roots_3,3210,3177,0,10,41,10,2,50,49
2382,swamp_digdugupsoil2,3216,3177,0,16,41,22,2,50,49
2383,swamp_digdugupsoil3,3217,3177,0,17,41,22,1,50,49
2382,swamp_digdugupsoil2,3218,3177,0,18,41,22,0,50,49
2382,swamp_digdugupsoil2,3221,3177,0,21,41,22,3,50,49
1162,bullrushes,3222,3177,0,22,41,11,1,50,49
2383,swamp_digdugupsoil3,3222,3177,0,22,41,22,1,50,49
1366,swamp_roots_1,3225,3177,0,25,41,10,1,50,49
1366,swamp_roots_1,3226,3177,0,26,41,10,2,50,49
1162,bullrushes,3228,3177,0,28,41,10,1,50,49
1253,grass_1,3236,3177,0,36,41,22,0,50,49
4736,short_grass_2,3237,3177,0,37,41,22,0,50,49
4737,short_grass_3,3238,3177,0,38,41,22,0,50,49
1244,small_grass_stones,3239,3177,0,39,41,22,0,50,49
3949,dugupsoil2_brownmud,3241,3177,0,41,41,22,1,50,49
1257,grass_light_1,3243,3177,0,43,41,22,2,50,49
1257,grass_light_1,3244,3177,0,44,41,22,1,50,49
4735,short_grass_1,3245,3177,0,45,41,22,0,50,49
320,dugupsoil2_light,3247,3177,0,47,41,22,3,50,49
320,dugupsoil2_light,3257,3177,0,57,41,22,3,50,49
4735,short_grass_1,3142,3178,0,6,42,22,0,49,49
5536,short_grass_wall_edge_2,3143,3178,0,7,42,22,0,49,49
10372,farming_shed_wall,3143,3178,0,7,42,1,2,49,49
5536,short_grass_wall_edge_2,3144,3178,0,8,42,22,1,49,49
10372,farming_shed_wall,3144,3178,0,8,42,0,3,49,49
24160,fai_falador_ivy_large,3144,3178,0,8,42,5,3,49,49
10366,farming_shed_roof,3144,3178,1,8,42,18,3,49,49
5536,short_grass_wall_edge_2,3145,3178,0,9,42,22,0,49,49
10372,farming_shed_wall,3145,3178,0,9,42,0,3,49,49
57658,aide_shutterwindow_offsetz2,3145,3178,0,9,42,5,3,49,49
10366,farming_shed_roof,3145,3178,1,9,42,18,3,49,49
5536,short_grass_wall_edge_2,3146,3178,0,10,42,22,1,49,49
10372,farming_shed_wall,3146,3178,0,10,42,0,3,49,49
24161,fai_falador_ivy_medium,3146,3178,0,10,42,5,3,49,49
10366,farming_shed_roof,3146,3178,1,10,42,18,3,49,49
5536,short_grass_wall_edge_2,3147,3178,0,11,42,22,0,49,49
10372,farming_shed_wall,3147,3178,0,11,42,0,3,49,49
24163,fai_falador_ivy_medium_mirror,3147,3178,0,11,42,5,3,49,49
10366,farming_shed_roof,3147,3178,1,11,42,18,3,49,49
5536,short_grass_wall_edge_2,3148,3178,0,12,42,22,1,49,49
10372,farming_shed_wall,3148,3178,0,12,42,0,3,49,49
24160,fai_falador_ivy_large,3148,3178,0,12,42,5,3,49,49
10366,farming_shed_roof,3148,3178,1,12,42,18,3,49,49
5536,short_grass_wall_edge_2,3149,3178,0,13,42,22,0,49,49
10372,farming_shed_wall,3149,3178,0,13,42,0,3,49,49
24163,fai_falador_ivy_medium_mirror,3149,3178,0,13,42,5,3,49,49
10366,farming_shed_roof,3149,3178,1,13,42,18,3,49,49
5536,short_grass_wall_edge_2,3150,3178,0,14,42,22,1,49,49
10372,farming_shed_wall,3150,3178,0,14,42,0,3,49,49
21743,new_nastyfungus_small_dark,3150,3178,0,14,42,10,3,49,49
57658,aide_shutterwindow_offsetz2,3150,3178,0,14,42,5,3,49,49
10366,farming_shed_roof,3150,3178,1,14,42,18,3,49,49
5536,short_grass_wall_edge_2,3151,3178,0,15,42,22,0,49,49
10372,farming_shed_wall,3151,3178,0,15,42,0,3,49,49
21743,new_nastyfungus_small_dark,3151,3178,0,15,42,10,1,49,49
24161,fai_falador_ivy_medium,3151,3178,0,15,42,5,3,49,49
10366,farming_shed_roof,3151,3178,1,15,42,18,3,49,49
5536,short_grass_wall_edge_2,3152,3178,0,16,42,22,1,49,49
10372,farming_shed_wall,3152,3178,0,16,42,1,3,49,49
1247,broken_twig,3153,3178,0,17,42,22,0,49,49
1247,broken_twig,3154,3178,0,18,42,22,0,49,49
4735,short_grass_1,3155,3178,0,19,42,22,2,49,49
4737,short_grass_3,3156,3178,0,20,42,22,3,49,49
4737,short_grass_3,3157,3178,0,21,42,22,0,49,49
1273,grass_2_swamp,3166,3178,0,30,42,22,2,49,49
1167,mushroom2_dark,3167,3178,0,31,42,10,2,49,49
1273,grass_2_swamp,3167,3178,0,31,42,22,1,49,49
1273,grass_2_swamp,3168,3178,0,32,42,22,0,49,49
1273,grass_2_swamp,3169,3178,0,33,42,22,3,49,49
2382,swamp_digdugupsoil2,3170,3178,0,34,42,22,0,49,49
2383,swamp_digdugupsoil3,3171,3178,0,35,42,22,0,49,49
2382,swamp_digdugupsoil2,3172,3178,0,36,42,22,3,49,49
2382,swamp_digdugupsoil2,3173,3178,0,37,42,22,0,49,49
2382,swamp_digdugupsoil2,3174,3178,0,38,42,22,3,49,49
1363,large_swamp_root,3179,3178,0,43,42,10,0,49,49
1167,mushroom2_dark,3183,3178,0,47,42,10,2,49,49
1272,grass_1_swamp,3183,3178,0,47,42,22,0,49,49
1272,grass_1_swamp,3184,3178,0,48,42,22,2,49,49
1272,grass_1_swamp,3185,3178,0,49,42,22,0,49,49
1162,bullrushes,3186,3178,0,50,42,10,0,49,49
1162,bullrushes,3188,3178,0,52,42,10,0,49,49
1162,bullrushes,3190,3178,0,54,42,10,2,49,49
2382,swamp_digdugupsoil2,3191,3178,0,55,42,22,2,49,49
2382,swamp_digdugupsoil2,3192,3178,0,56,42,22,3,49,49
1369,medplant_swamp,3194,3178,0,58,42,10,2,49,49
1369,medplant_swamp,3203,3178,0,3,42,10,0,50,49
2382,swamp_digdugupsoil2,3204,3178,0,4,42,22,1,50,49
1368,swamp_roots_3,3207,3178,0,7,42,10,3,50,49
1367,swamp_roots_2,3208,3178,0,8,42,10,2,50,49
1367,swamp_roots_2,3211,3178,0,11,42,10,3,50,49
2382,swamp_digdugupsoil2,3217,3178,0,17,42,22,1,50,49
10632,treasure_trail_destination_diag,3218,3178,0,18,42,22,1,50,49
1162,bullrushes,3221,3178,0,21,42,11,0,50,49
2382,swamp_digdugupsoil2,3221,3178,0,21,42,22,2,50,49
1162,bullrushes,3222,3178,0,22,42,10,1,50,49
1367,swamp_roots_2,3226,3178,0,26,42,10,1,50,49
684,swampbubbles,3230,3178,0,30,42,10,0,50,49
1253,grass_1,3237,3178,0,37,42,22,3,50,49
4735,short_grass_1,3238,3178,0,38,42,22,0,50,49
4735,short_grass_1,3239,3178,0,39,42,22,3,50,49
4735,short_grass_1,3240,3178,0,40,42,22,2,50,49
3949,dugupsoil2_brownmud,3241,3178,0,41,42,22,2,50,49
4735,short_grass_1,3243,3178,0,43,42,22,2,50,49
1257,grass_light_1,3244,3178,0,44,42,22,1,50,49
4735,short_grass_1,3245,3178,0,45,42,22,3,50,49
4735,short_grass_1,3246,3178,0,46,42,22,0,50,49
320,dugupsoil2_light,3248,3178,0,48,42,22,0,50,49
16400,bgsound_running_water,3252,3178,0,52,42,22,0,50,49
320,dugupsoil2_light,3257,3178,0,57,42,22,0,50,49
320,dugupsoil2_light,3258,3178,0,58,42,22,1,50,49
17036,xbows_jungletree_basic,3260,3178,0,60,42,10,2,50,49
4735,short_grass_1,3142,3179,0,6,43,22,1,49,49
4738,short_grass_4,3143,3179,0,7,43,22,2,49,49
4735,short_grass_1,3144,3179,0,8,43,22,2,49,49
4735,short_grass_1,3145,3179,0,9,43,22,3,49,49
4736,short_grass_2,3146,3179,0,10,43,22,3,49,49
4736,short_grass_2,3147,3179,0,11,43,22,2,49,49
4737,short_grass_3,3148,3179,0,12,43,22,1,49,49
4735,short_grass_1,3149,3179,0,13,43,22,3,49,49
4738,short_grass_4,3150,3179,0,14,43,22,0,49,49
21742,new_nastyfungus_dark,3150,3179,0,14,43,10,0,49,49
4737,short_grass_3,3151,3179,0,15,43,22,0,49,49
4735,short_grass_1,3152,3179,0,16,43,22,2,49,49
4736,short_grass_2,3153,3179,0,17,43,22,3,49,49
1286,deadtree2,3154,3179,0,18,43,10,3,49,49
4737,short_grass_3,3154,3179,0,18,43,22,2,49,49
4736,short_grass_2,3155,3179,0,19,43,22,2,49,49
13840,templetrek_leaflessbush,3156,3179,0,20,43,10,0,49,49
1369,medplant_swamp,3161,3179,0,25,43,10,0,49,49
1273,grass_2_swamp,3166,3179,0,30,43,22,3,49,49
1273,grass_2_swamp,3167,3179,0,31,43,22,2,49,49
1273,grass_2_swamp,3168,3179,0,32,43,22,3,49,49
2382,swamp_digdugupsoil2,3171,3179,0,35,43,22,1,49,49
2382,swamp_digdugupsoil2,3172,3179,0,36,43,22,2,49,49
2382,swamp_digdugupsoil2,3173,3179,0,37,43,22,0,49,49
2382,swamp_digdugupsoil2,3175,3179,0,39,43,22,1,49,49
1272,grass_1_swamp,3183,3179,0,47,43,22,2,49,49
1273,grass_2_swamp,3184,3179,0,48,43,22,0,49,49
1272,grass_1_swamp,3185,3179,0,49,43,22,2,49,49
1272,grass_1_swamp,3186,3179,0,50,43,22,3,49,49
2382,swamp_digdugupsoil2,3188,3179,0,52,43,22,2,49,49
1162,bullrushes,3189,3179,0,53,43,10,3,49,49
2382,swamp_digdugupsoil2,3189,3179,0,53,43,22,1,49,49
2382,swamp_digdugupsoil2,3190,3179,0,54,43,22,1,49,49
2382,swamp_digdugupsoil2,3191,3179,0,55,43,22,0,49,49
2382,swamp_digdugupsoil2,3202,3179,0,2,43,22,3,50,49
2383,swamp_digdugupsoil3,3203,3179,0,3,43,22,2,50,49
1366,swamp_roots_1,3213,3179,0,13,43,10,2,50,49
1162,bullrushes,3222,3179,0,22,43,11,3,50,49
684,swampbubbles,3224,3179,0,24,43,10,0,50,49
1366,swamp_roots_1,3227,3179,0,27,43,10,2,50,49
2383,swamp_digdugupsoil3,3235,3179,0,35,43,22,0,50,49
1253,grass_1,3237,3179,0,37,43,22,1,50,49
1253,grass_1,3238,3179,0,38,43,22,2,50,49
4735,short_grass_1,3239,3179,0,39,43,22,2,50,49
3949,dugupsoil2_brownmud,3241,3179,0,41,43,22,3,50,49
4736,short_grass_2,3243,3179,0,43,43,22,3,50,49
4737,short_grass_3,3244,3179,0,44,43,22,2,50,49
17039,xbows_yewtree_basic,3244,3179,0,44,43,10,0,50,49
4736,short_grass_2,3245,3179,0,45,43,22,2,50,49
17030,agility_shortcut_icon,3246,3179,0,46,43,22,0,50,49
17079,xbows_inv_floor,3247,3179,0,47,43,10,0,50,49
319,dugupsoil1_light,3248,3179,0,48,43,22,1,50,49
17079,xbows_inv_floor,3248,3179,0,48,43,10,0,50,49
17079,xbows_inv_floor,3249,3179,0,49,43,10,0,50,49
17079,xbows_inv_floor,3250,3179,0,50,43,10,0,50,49
17079,xbows_inv_floor,3251,3179,0,51,43,10,0,50,49
17068,xbows_raft_br,3252,3179,0,52,43,22,0,50,49
17071,xbows_raft_bl,3253,3179,0,53,43,22,0,50,49
17079,xbows_inv_floor,3254,3179,0,54,43,10,0,50,49
17079,xbows_inv_floor,3255,3179,0,55,43,10,0,50,49
17079,xbows_inv_floor,3256,3179,0,56,43,10,0,50,49
17079,xbows_inv_floor,3257,3179,0,57,43,10,0,50,49
17079,xbows_inv_floor,3258,3179,0,58,43,10,0,50,49
17030,agility_shortcut_icon,3259,3179,0,59,43,22,0,50,49
1304,jungletree2_karamja,3261,3179,0,61,43,10,3,50,49
4736,short_grass_2,3143,3180,0,7,44,22,3,49,49
4737,short_grass_3,3144,3180,0,8,44,22,2,49,49
1300,fern2,3145,3180,0,9,44,10,1,49,49
4737,short_grass_3,3145,3180,0,9,44,22,2,49,49
4736,short_grass_2,3146,3180,0,10,44,22,2,49,49
4736,short_grass_2,3147,3180,0,11,44,22,1,49,49
4735,short_grass_1,3148,3180,0,12,44,22,2,49,49
4736,short_grass_2,3149,3180,0,13,44,22,3,49,49
4737,short_grass_3,3150,3180,0,14,44,22,2,49,49
4736,short_grass_2,3151,3180,0,15,44,22,2,49,49
1257,grass_light_1,3152,3180,0,16,44,22,0,49,49
4737,short_grass_3,3153,3180,0,17,44,22,3,49,49
4738,short_grass_4,3154,3180,0,18,44,22,1,49,49
4737,short_grass_3,3155,3180,0,19,44,22,1,49,49
1273,grass_2_swamp,3165,3180,0,29,44,22,1,49,49
1273,grass_2_swamp,3166,3180,0,30,44,22,2,49,49
1368,swamp_roots_3,3168,3180,0,32,44,10,1,49,49
1368,swamp_roots_3,3170,3180,0,34,44,10,0,49,49
1366,swamp_roots_1,3171,3180,0,35,44,10,3,49,49
2382,swamp_digdugupsoil2,3174,3180,0,38,44,22,2,49,49
1369,medplant_swamp,3175,3180,0,39,44,10,0,49,49
2382,swamp_digdugupsoil2,3175,3180,0,39,44,22,0,49,49
684,swampbubbles,3178,3180,0,42,44,10,2,49,49
2382,swamp_digdugupsoil2,3182,3180,0,46,44,22,3,49,49
1272,grass_1_swamp,3186,3180,0,50,44,22,2,49,49
2382,swamp_digdugupsoil2,3188,3180,0,52,44,22,3,49,49
2383,swamp_digdugupsoil3,3189,3180,0,53,44,22,3,49,49
2382,swamp_digdugupsoil2,3190,3180,0,54,44,22,0,49,49
2383,swamp_digdugupsoil3,3191,3180,0,55,44,22,2,49,49
2382,swamp_digdugupsoil2,3192,3180,0,56,44,22,3,49,49
2382,swamp_digdugupsoil2,3201,3180,0,1,44,22,0,50,49
16439,randomsound_swamp_ambience,3202,3180,0,2,44,22,0,50,49
1177,waterlily3,3204,3180,0,4,44,10,3,50,49
684,swampbubbles,3205,3180,0,5,44,10,1,50,49
1175,waterlily1,3206,3180,0,6,44,10,2,50,49
1367,swamp_roots_2,3208,3180,0,8,44,10,3,50,49
1368,swamp_roots_3,3211,3180,0,11,44,10,2,50,49
1369,medplant_swamp,3219,3180,0,19,44,10,0,50,49
1368,swamp_roots_3,3224,3180,0,24,44,10,0,50,49
1369,medplant_swamp,3226,3180,0,26,44,10,2,50,49
1253,grass_1,3237,3180,0,37,44,22,3,50,49
4735,short_grass_1,3238,3180,0,38,44,22,3,50,49
4735,short_grass_1,3239,3180,0,39,44,22,1,50,49
3949,dugupsoil2_brownmud,3241,3180,0,41,44,22,2,50,49
4735,short_grass_1,3242,3180,0,42,44,22,3,50,49
4737,short_grass_3,3243,3180,0,43,44,22,3,50,49
4738,short_grass_4,3244,3180,0,44,44,22,3,50,49
4737,short_grass_3,3245,3180,0,45,44,22,1,50,49
1259,grass_light_3,3246,3180,0,46,44,22,0,50,49
320,dugupsoil2_light,3247,3180,0,47,44,22,2,50,49
320,dugupsoil2_light,3248,3180,0,48,44,22,1,50,49
17069,xbows_raft_tr,3252,3180,0,52,44,22,0,50,49
17070,xbows_raft_tl,3253,3180,0,53,44,22,0,50,49
320,dugupsoil2_light,3258,3180,0,58,44,22,3,50,49
1304,jungletree2_karamja,3260,3180,0,60,44,10,0,50,49
4736,short_grass_2,3142,3181,0,6,45,22,3,49,49
4737,short_grass_3,3143,3181,0,7,45,22,3,49,49
4738,short_grass_4,3144,3181,0,8,45,22,1,49,49
4738,short_grass_4,3145,3181,0,9,45,22,2,49,49
4737,short_grass_3,3146,3181,0,10,45,22,1,49,49
4736,short_grass_2,3147,3181,0,11,45,22,2,49,49
4737,short_grass_3,3149,3181,0,13,45,22,3,49,49
4738,short_grass_4,3150,3181,0,14,45,22,2,49,49
4737,short_grass_3,3151,3181,0,15,45,22,1,49,49
1257,grass_light_1,3152,3181,0,16,45,22,2,49,49
1286,deadtree2,3152,3181,0,16,45,10,2,49,49
4736,short_grass_2,3153,3181,0,17,45,22,0,49,49
4737,short_grass_3,3154,3181,0,18,45,22,0,49,49
4736,short_grass_2,3155,3181,0,19,45,22,1,49,49
4735,short_grass_1,3156,3181,0,20,45,22,2,49,49
1273,grass_2_swamp,3164,3181,0,28,45,22,3,49,49
1368,swamp_roots_3,3166,3181,0,30,45,10,2,49,49
1368,swamp_roots_3,3167,3181,0,31,45,10,3,49,49
1369,medplant_swamp,3168,3181,0,32,45,10,3,49,49
1367,swamp_roots_2,3170,3181,0,34,45,10,3,49,49
1369,medplant_swamp,3171,3181,0,35,45,10,2,49,49
2382,swamp_digdugupsoil2,3175,3181,0,39,45,22,3,49,49
2382,swamp_digdugupsoil2,3176,3181,0,40,45,22,3,49,49
684,swampbubbles,3179,3181,0,43,45,10,3,49,49
684,swampbubbles,3180,3181,0,44,45,10,0,49,49
2382,swamp_digdugupsoil2,3181,3181,0,45,45,22,3,49,49
2382,swamp_digdugupsoil2,3182,3181,0,46,45,22,1,49,49
1299,fern1,3183,3181,0,47,45,10,3,49,49
1273,grass_2_swamp,3186,3181,0,50,45,22,0,49,49
1272,grass_1_swamp,3187,3181,0,51,45,22,0,49,49
2382,swamp_digdugupsoil2,3189,3181,0,53,45,22,2,49,49
2382,swamp_digdugupsoil2,3190,3181,0,54,45,22,1,49,49
2382,swamp_digdugupsoil2,3191,3181,0,55,45,22,3,49,49
2382,swamp_digdugupsoil2,3192,3181,0,56,45,22,1,49,49
2382,swamp_digdugupsoil2,3193,3181,0,57,45,22,2,49,49
2382,swamp_digdugupsoil2,3194,3181,0,58,45,22,2,49,49
2382,swamp_digdugupsoil2,3201,3181,0,1,45,22,2,50,49
1367,swamp_roots_2,3203,3181,0,3,45,10,0,50,49
684,swampbubbles,3210,3181,0,10,45,10,2,50,49
1273,grass_2_swamp,3222,3181,0,22,45,22,0,50,49
1367,swamp_roots_2,3230,3181,0,30,45,10,3,50,49
18408,bgsound_toad_slow,3233,3181,0,33,45,22,0,50,49
1253,grass_1,3237,3181,0,37,45,22,2,50,49
1253,grass_1,3238,3181,0,38,45,22,3,50,49
4735,short_grass_1,3239,3181,0,39,45,22,0,50,49
3949,dugupsoil2_brownmud,3241,3181,0,41,45,22,0,50,49
4736,short_grass_2,3243,3181,0,43,45,22,0,50,49
4737,short_grass_3,3244,3181,0,44,45,22,0,50,49
4736,short_grass_2,3245,3181,0,45,45,22,1,50,49
1258,grass_light_2,3246,3181,0,46,45,22,3,50,49
320,dugupsoil2_light,3247,3181,0,47,45,22,3,50,49
320,dugupsoil2_light,3248,3181,0,48,45,22,2,50,49
320,dugupsoil2_light,3258,3181,0,58,45,22,0,50,49
4736,short_grass_2,3142,3182,0,6,46,22,0,49,49
4737,short_grass_3,3143,3182,0,7,46,22,3,49,49
4738,short_grass_4,3144,3182,0,8,46,22,0,49,49
4738,short_grass_4,3145,3182,0,9,46,22,3,49,49
4737,short_grass_3,3146,3182,0,10,46,22,1,49,49
4736,short_grass_2,3147,3182,0,11,46,22,1,49,49
4735,short_grass_1,3148,3182,0,12,46,22,2,49,49
4736,short_grass_2,3149,3182,0,13,46,22,0,49,49
4737,short_grass_3,3150,3182,0,14,46,22,0,49,49
4736,short_grass_2,3151,3182,0,15,46,22,1,49,49
4735,short_grass_1,3152,3182,0,16,46,22,2,49,49
4737,short_grass_3,3153,3182,0,17,46,22,2,49,49
4735,short_grass_1,3154,3182,0,18,46,22,2,49,49
4735,short_grass_1,3155,3182,0,19,46,22,2,49,49
4735,short_grass_1,3156,3182,0,20,46,22,2,49,49
1367,swamp_roots_2,3165,3182,0,29,46,10,2,49,49
1366,swamp_roots_1,3170,3182,0,34,46,10,2,49,49
1368,swamp_roots_3,3171,3182,0,35,46,10,0,49,49
2382,swamp_digdugupsoil2,3173,3182,0,37,46,22,0,49,49
2382,swamp_digdugupsoil2,3174,3182,0,38,46,22,0,49,49
2383,swamp_digdugupsoil3,3175,3182,0,39,46,22,3,49,49
2382,swamp_digdugupsoil2,3176,3182,0,40,46,22,3,49,49
1366,swamp_roots_1,3177,3182,0,41,46,10,1,49,49
1366,swamp_roots_1,3178,3182,0,42,46,10,3,49,49
684,swampbubbles,3179,3182,0,43,46,10,1,49,49
1300,fern2,3180,3182,0,44,46,10,1,49,49
2382,swamp_digdugupsoil2,3181,3182,0,45,46,22,0,49,49
2382,swamp_digdugupsoil2,3182,3182,0,46,46,22,0,49,49
1273,grass_2_swamp,3186,3182,0,50,46,22,3,49,49
1162,bullrushes,3190,3182,0,54,46,10,2,49,49
2382,swamp_digdugupsoil2,3192,3182,0,56,46,22,0,49,49
2382,swamp_digdugupsoil2,3193,3182,0,57,46,22,0,49,49
2382,swamp_digdugupsoil2,3194,3182,0,58,46,22,1,49,49
2382,swamp_digdugupsoil2,3195,3182,0,59,46,22,0,49,49
1369,medplant_swamp,3196,3182,0,60,46,10,1,49,49
2383,swamp_digdugupsoil3,3201,3182,0,1,46,22,3,50,49
1366,swamp_roots_1,3202,3182,0,2,46,10,3,50,49
1364,swamp_root,3203,3182,0,3,46,10,3,50,49
1368,swamp_roots_3,3205,3182,0,5,46,10,2,50,49
1176,waterlily2,3206,3182,0,6,46,10,0,50,49
1177,waterlily3,3208,3182,0,8,46,10,2,50,49
2382,swamp_digdugupsoil2,3212,3182,0,12,46,22,2,50,49
16424,bgsound_cave_bubbling_10,3216,3182,0,16,46,22,0,50,49
1273,grass_2_swamp,3221,3182,0,21,46,22,0,50,49
1273,grass_2_swamp,3222,3182,0,22,46,22,1,50,49
1369,medplant_swamp,3224,3182,0,24,46,10,1,50,49
1367,swamp_roots_2,3226,3182,0,26,46,10,3,50,49
1369,medplant_swamp,3227,3182,0,27,46,10,1,50,49
1253,grass_1,3237,3182,0,37,46,22,0,50,49
1253,grass_1,3238,3182,0,38,46,22,1,50,49
4735,short_grass_1,3239,3182,0,39,46,22,1,50,49
4735,short_grass_1,3240,3182,0,40,46,22,3,50,49
3949,dugupsoil2_brownmud,3242,3182,0,42,46,22,0,50,49
4735,short_grass_1,3244,3182,0,44,46,22,0,50,49
1257,grass_light_1,3245,3182,0,45,46,22,2,50,49
1257,grass_light_1,3246,3182,0,46,46,22,1,50,49
320,dugupsoil2_light,3247,3182,0,47,46,22,0,50,49
320,dugupsoil2_light,3248,3182,0,48,46,22,1,50,49
319,dugupsoil1_light,3258,3182,0,58,46,22,1,50,49
320,dugupsoil2_light,3259,3182,0,59,46,22,1,50,49
4735,short_grass_1,3140,3183,0,4,47,22,2,49,49
4735,short_grass_1,3141,3183,0,5,47,22,1,49,49
4735,short_grass_1,3142,3183,0,6,47,22,3,49,49
4736,short_grass_2,3143,3183,0,7,47,22,0,49,49
4737,short_grass_3,3144,3183,0,8,47,22,0,49,49
4737,short_grass_3,3145,3183,0,9,47,22,0,49,49
4736,short_grass_2,3146,3183,0,10,47,22,1,49,49
4735,short_grass_1,3147,3183,0,11,47,22,1,49,49
4735,short_grass_1,3148,3183,0,12,47,22,2,49,49
4735,short_grass_1,3149,3183,0,13,47,22,3,49,49
4735,short_grass_1,3150,3183,0,14,47,22,0,49,49
21743,new_nastyfungus_small_dark,3150,3183,0,14,47,10,0,49,49
4735,short_grass_1,3152,3183,0,16,47,22,2,49,49
4735,short_grass_1,3153,3183,0,17,47,22,2,49,49
4735,short_grass_1,3154,3183,0,18,47,22,2,49,49
4735,short_grass_1,3155,3183,0,19,47,22,2,49,49
1173,smallfern,3156,3183,0,20,47,10,3,49,49
1369,medplant_swamp,3160,3183,0,24,47,10,0,49,49
1364,swamp_root,3165,3183,0,29,47,10,1,49,49
1364,swamp_root,3170,3183,0,34,47,10,3,49,49
1367,swamp_roots_2,3171,3183,0,35,47,10,1,49,49
2382,swamp_digdugupsoil2,3173,3183,0,37,47,22,1,49,49
2382,swamp_digdugupsoil2,3174,3183,0,38,47,22,2,49,49
2382,swamp_digdugupsoil2,3175,3183,0,39,47,22,1,49,49
2382,swamp_digdugupsoil2,3176,3183,0,40,47,22,2,49,49
1369,medplant_swamp,3177,3183,0,41,47,10,0,49,49
2381,swamp_digdugupsoil1,3181,3183,0,45,47,22,1,49,49
2382,swamp_digdugupsoil2,3182,3183,0,46,47,22,1,49,49
1273,grass_2_swamp,3184,3183,0,48,47,22,1,49,49
1273,grass_2_swamp,3185,3183,0,49,47,22,0,49,49
1363,large_swamp_root,3188,3183,0,52,47,10,2,49,49
2382,swamp_digdugupsoil2,3193,3183,0,57,47,22,3,49,49
2383,swamp_digdugupsoil3,3194,3183,0,58,47,22,0,49,49
2382,swamp_digdugupsoil2,3195,3183,0,59,47,22,2,49,49
16421,bgsound_frog_10,3199,3183,0,63,47,22,0,49,49
2382,swamp_digdugupsoil2,3201,3183,0,1,47,22,2,50,49
1363,large_swamp_root,3208,3183,0,8,47,10,0,50,49
1368,swamp_roots_3,3210,3183,0,10,47,10,1,50,49
1366,swamp_roots_1,3211,3183,0,11,47,10,2,50,49
2382,swamp_digdugupsoil2,3211,3183,0,11,47,22,0,50,49
1365,deadtree2_swamp,3219,3183,0,19,47,10,0,50,49
1273,grass_2_swamp,3220,3183,0,20,47,22,3,50,49
1274,grass_3_swamp,3221,3183,0,21,47,22,3,50,49
1273,grass_2_swamp,3222,3183,0,22,47,22,1,50,49
1273,grass_2_swamp,3223,3183,0,23,47,22,2,50,49
1367,swamp_roots_2,3232,3183,0,32,47,10,0,50,49
2382,swamp_digdugupsoil2,3234,3183,0,34,47,22,3,50,49
2382,swamp_digdugupsoil2,3235,3183,0,35,47,22,2,50,49
1253,grass_1,3238,3183,0,38,47,22,1,50,49
1253,grass_1,3239,3183,0,39,47,22,1,50,49
1253,grass_1,3240,3183,0,40,47,22,2,50,49
4735,short_grass_1,3241,3183,0,41,47,22,2,50,49
3949,dugupsoil2_brownmud,3243,3183,0,43,47,22,1,50,49
4735,short_grass_1,3245,3183,0,45,47,22,3,50,49
1257,grass_light_1,3246,3183,0,46,47,22,0,50,49
321,dugupsoil3_light,3247,3183,0,47,47,22,1,50,49
320,dugupsoil2_light,3248,3183,0,48,47,22,3,50,49
320,dugupsoil2_light,3249,3183,0,49,47,22,1,50,49
320,dugupsoil2_light,3259,3183,0,59,47,22,2,50,49
1304,jungletree2_karamja,3261,3183,0,61,47,10,0,50,49
4735,short_grass_1,3139,3184,0,3,48,22,1,49,49
4736,short_grass_2,3140,3184,0,4,48,22,3,49,49
4737,short_grass_3,3141,3184,0,5,48,22,2,49,49
4737,short_grass_3,3142,3184,0,6,48,22,2,49,49
4736,short_grass_2,3143,3184,0,7,48,22,2,49,49
4736,short_grass_2,3144,3184,0,8,48,22,0,49,49
4736,short_grass_2,3145,3184,0,9,48,22,1,49,49
4735,short_grass_1,3146,3184,0,10,48,22,0,49,49
4736,short_grass_2,3147,3184,0,11,48,22,3,49,49
4737,short_grass_3,3148,3184,0,12,48,22,2,49,49
4737,short_grass_3,3149,3184,0,13,48,22,2,49,49
4736,short_grass_2,3150,3184,0,14,48,22,2,49,49
4735,short_grass_1,3151,3184,0,15,48,22,3,49,49
4735,short_grass_1,3152,3184,0,16,48,22,2,49,49
4735,short_grass_1,3153,3184,0,17,48,22,2,49,49
4735,short_grass_1,3154,3184,0,18,48,22,2,49,49
4735,short_grass_1,3155,3184,0,19,48,22,2,49,49
1367,swamp_roots_2,3164,3184,0,28,48,10,2,49,49
684,swampbubbles,3168,3184,0,32,48,10,3,49,49
684,swampbubbles,3169,3184,0,33,48,10,1,49,49
16421,bgsound_frog_10,3173,3184,0,37,48,22,0,49,49
2382,swamp_digdugupsoil2,3174,3184,0,38,48,22,3,49,49
2382,swamp_digdugupsoil2,3175,3184,0,39,48,22,1,49,49
1368,swamp_roots_3,3180,3184,0,44,48,10,3,49,49
2381,swamp_digdugupsoil1,3181,3184,0,45,48,22,3,49,49
1273,grass_2_swamp,3184,3184,0,48,48,22,3,49,49
1273,grass_2_swamp,3185,3184,0,49,48,22,3,49,49
1273,grass_2_swamp,3186,3184,0,50,48,22,2,49,49
1364,swamp_root,3191,3184,0,55,48,10,1,49,49
1162,bullrushes,3193,3184,0,57,48,10,3,49,49
2382,swamp_digdugupsoil2,3194,3184,0,58,48,22,2,49,49
2382,swamp_digdugupsoil2,3195,3184,0,59,48,22,3,49,49
1367,swamp_roots_2,3202,3184,0,2,48,10,2,50,49
2382,swamp_digdugupsoil2,3202,3184,0,2,48,22,0,50,49
1366,swamp_roots_1,3205,3184,0,5,48,10,3,50,49
2383,swamp_digdugupsoil3,3209,3184,0,9,48,22,1,50,49
2382,swamp_digdugupsoil2,3210,3184,0,10,48,22,2,50,49
1368,swamp_roots_3,3211,3184,0,11,48,10,0,50,49
2382,swamp_digdugupsoil2,3211,3184,0,11,48,22,1,50,49
1365,deadtree2_swamp,3214,3184,0,14,48,10,2,50,49
1272,grass_1_swamp,3217,3184,0,17,48,22,2,50,49
1272,grass_1_swamp,3218,3184,0,18,48,22,1,50,49
1273,grass_2_swamp,3220,3184,0,20,48,22,2,50,49
1273,grass_2_swamp,3221,3184,0,21,48,22,3,50,49
1273,grass_2_swamp,3222,3184,0,22,48,22,2,50,49
1273,grass_2_swamp,3223,3184,0,23,48,22,3,50,49
1367,swamp_roots_2,3231,3184,0,31,48,10,3,50,49
1363,large_swamp_root,3233,3184,0,33,48,10,1,50,49
2383,swamp_digdugupsoil3,3235,3184,0,35,48,22,2,50,49
1253,grass_1,3238,3184,0,38,48,22,1,50,49
1253,grass_1,3239,3184,0,39,48,22,0,50,49
4736,short_grass_2,3240,3184,0,40,48,22,3,50,49
4737,short_grass_3,3241,3184,0,41,48,22,2,50,49
4736,short_grass_2,3242,3184,0,42,48,22,2,50,49
3949,dugupsoil2_brownmud,3243,3184,0,43,48,22,1,50,49
4735,short_grass_1,3245,3184,0,45,48,22,2,50,49
1257,grass_light_1,3246,3184,0,46,48,22,3,50,49
320,dugupsoil2_light,3248,3184,0,48,48,22,0,50,49
319,dugupsoil1_light,3249,3184,0,49,48,22,2,50,49
320,dugupsoil2_light,3250,3184,0,50,48,22,0,50,49
320,dugupsoil2_light,3259,3184,0,59,48,22,3,50,49
4735,short_grass_1,3139,3185,0,3,49,22,0,49,49
4737,short_grass_3,3140,3185,0,4,49,22,3,49,49
4738,short_grass_4,3141,3185,0,5,49,22,3,49,49
4738,short_grass_4,3142,3185,0,6,49,22,3,49,49
4737,short_grass_3,3143,3185,0,7,49,22,1,49,49
4735,short_grass_1,3144,3185,0,8,49,22,3,49,49
4735,short_grass_1,3145,3185,0,9,49,22,2,49,49
4735,short_grass_1,3146,3185,0,10,49,22,1,49,49
4737,short_grass_3,3147,3185,0,11,49,22,3,49,49
4738,short_grass_4,3148,3185,0,12,49,22,3,49,49
4738,short_grass_4,3149,3185,0,13,49,22,2,49,49
4737,short_grass_3,3150,3185,0,14,49,22,1,49,49
4735,short_grass_1,3151,3185,0,15,49,22,0,49,49
4735,short_grass_1,3152,3185,0,16,49,22,3,49,49
4736,short_grass_2,3153,3185,0,17,49,22,3,49,49
1300,fern2,3154,3185,0,18,49,10,2,49,49
4737,short_grass_3,3154,3185,0,18,49,22,2,49,49
4736,short_grass_2,3155,3185,0,19,49,22,2,49,49
1367,swamp_roots_2,3164,3185,0,28,49,10,1,49,49
1363,large_swamp_root,3167,3185,0,31,49,10,0,49,49
2382,swamp_digdugupsoil2,3175,3185,0,39,49,22,0,49,49
1364,swamp_root,3176,3185,0,40,49,10,0,49,49
1366,swamp_roots_1,3179,3185,0,43,49,10,1,49,49
2383,swamp_digdugupsoil3,3180,3185,0,44,49,22,2,49,49
2382,swamp_digdugupsoil2,3181,3185,0,45,49,22,2,49,49
1273,grass_2_swamp,3184,3185,0,48,49,22,2,49,49
1273,grass_2_swamp,3185,3185,0,49,49,22,1,49,49
2382,swamp_digdugupsoil2,3194,3185,0,58,49,22,1,49,49
2382,swamp_digdugupsoil2,3195,3185,0,59,49,22,0,49,49
2382,swamp_digdugupsoil2,3202,3185,0,2,49,22,0,50,49
2383,swamp_digdugupsoil3,3203,3185,0,3,49,22,3,50,49
1368,swamp_roots_3,3208,3185,0,8,49,10,3,50,49
2382,swamp_digdugupsoil2,3208,3185,0,8,49,22,3,50,49
2383,swamp_digdugupsoil3,3209,3185,0,9,49,22,0,50,49
1272,grass_1_swamp,3211,3185,0,11,49,22,0,50,49
1272,grass_1_swamp,3216,3185,0,16,49,22,3,50,49
1272,grass_1_swamp,3217,3185,0,17,49,22,0,50,49
1272,grass_1_swamp,3218,3185,0,18,49,22,0,50,49
1368,swamp_roots_3,3219,3185,0,19,49,10,1,50,49
1272,grass_1_swamp,3221,3185,0,21,49,22,3,50,49
16439,randomsound_swamp_ambience,3223,3185,0,23,49,22,0,50,49
2382,swamp_digdugupsoil2,3225,3185,0,25,49,22,1,50,49
1367,swamp_roots_2,3226,3185,0,26,49,10,2,50,49
2382,swamp_digdugupsoil2,3235,3185,0,35,49,22,1,50,49
1253,grass_1,3238,3185,0,38,49,22,2,50,49
1253,grass_1,3239,3185,0,39,49,22,3,50,49
4737,short_grass_3,3240,3185,0,40,49,22,3,50,49
4738,short_grass_4,3241,3185,0,41,49,22,0,50,49
4737,short_grass_3,3242,3185,0,42,49,22,1,50,49
3949,dugupsoil2_brownmud,3243,3185,0,43,49,22,1,50,49
4735,short_grass_1,3245,3185,0,45,49,22,1,50,49
1257,grass_light_1,3246,3185,0,46,49,22,2,50,49
1258,grass_light_2,3247,3185,0,47,49,22,2,50,49
320,dugupsoil2_light,3249,3185,0,49,49,22,3,50,49
320,dugupsoil2_light,3250,3185,0,50,49,22,1,50,49
321,dugupsoil3_light,3251,3185,0,51,49,22,1,50,49
320,dugupsoil2_light,3260,3185,0,60,49,22,0,50,49
4735,short_grass_1,3139,3186,0,3,50,22,1,49,49
4737,short_grass_3,3140,3186,0,4,50,22,3,49,49
4738,short_grass_4,3141,3186,0,5,50,22,3,49,49
4738,short_grass_4,3142,3186,0,6,50,22,3,49,49
4737,short_grass_3,3143,3186,0,7,50,22,1,49,49
4735,short_grass_1,3144,3186,0,8,50,22,2,49,49
4735,short_grass_1,3145,3186,0,9,50,22,1,49,49
4735,short_grass_1,3146,3186,0,10,50,22,0,49,49
4737,short_grass_3,3147,3186,0,11,50,22,3,49,49
4738,short_grass_4,3148,3186,0,12,50,22,0,49,49
4738,short_grass_4,3149,3186,0,13,50,22,1,49,49
4737,short_grass_3,3150,3186,0,14,50,22,1,49,49
4735,short_grass_1,3151,3186,0,15,50,22,1,49,49
4737,short_grass_3,3153,3186,0,17,50,22,3,49,49
4738,short_grass_4,3154,3186,0,18,50,22,0,49,49
4737,short_grass_3,3155,3186,0,19,50,22,1,49,49
4735,short_grass_1,3156,3186,0,20,50,22,0,49,49
1366,swamp_roots_1,3165,3186,0,29,50,10,3,49,49
1368,swamp_roots_3,3166,3186,0,30,50,10,1,49,49
1367,swamp_roots_2,3170,3186,0,34,50,10,1,49,49
1369,medplant_swamp,3171,3186,0,35,50,10,2,49,49
2382,swamp_digdugupsoil2,3179,3186,0,43,50,22,2,49,49
2382,swamp_digdugupsoil2,3180,3186,0,44,50,22,1,49,49
1167,mushroom2_dark,3183,3186,0,47,50,10,2,49,49
1363,large_swamp_root,3187,3186,0,51,50,10,3,49,49
684,swampbubbles,3190,3186,0,54,50,10,2,49,49
1162,bullrushes,3193,3186,0,57,50,10,1,49,49
2382,swamp_digdugupsoil2,3204,3186,0,4,50,22,2,50,49
2382,swamp_digdugupsoil2,3205,3186,0,5,50,22,1,50,49
2382,swamp_digdugupsoil2,3207,3186,0,7,50,22,2,50,49
1368,swamp_roots_3,3208,3186,0,8,50,10,1,50,49
2382,swamp_digdugupsoil2,3208,3186,0,8,50,22,1,50,49
1367,swamp_roots_2,3209,3186,0,9,50,10,2,50,49
1272,grass_1_swamp,3210,3186,0,10,50,22,3,50,49
1367,swamp_roots_2,3215,3186,0,15,50,10,2,50,49
2382,swamp_digdugupsoil2,3215,3186,0,15,50,22,0,50,49
2382,swamp_digdugupsoil2,3216,3186,0,16,50,22,3,50,49
2382,swamp_digdugupsoil2,3217,3186,0,17,50,22,2,50,49
2383,swamp_digdugupsoil3,3218,3186,0,18,50,22,1,50,49
2382,swamp_digdugupsoil2,3219,3186,0,19,50,22,1,50,49
1366,swamp_roots_1,3220,3186,0,20,50,10,3,50,49
2382,swamp_digdugupsoil2,3224,3186,0,24,50,22,2,50,49
2383,swamp_digdugupsoil3,3225,3186,0,25,50,22,2,50,49
2382,swamp_digdugupsoil2,3226,3186,0,26,50,22,0,50,49
1368,swamp_roots_3,3228,3186,0,28,50,10,0,50,49
2382,swamp_digdugupsoil2,3235,3186,0,35,50,22,0,50,49
1253,grass_1,3238,3186,0,38,50,22,3,50,49
1253,grass_1,3239,3186,0,39,50,22,0,50,49
4736,short_grass_2,3240,3186,0,40,50,22,0,50,49
4737,short_grass_3,3241,3186,0,41,50,22,0,50,49
336,dugupsoil2_grey,3243,3186,0,43,50,22,3,50,49
4735,short_grass_1,3244,3186,0,44,50,22,3,50,49
4735,short_grass_1,3245,3186,0,45,50,22,2,50,49
1257,grass_light_1,3246,3186,0,46,50,22,1,50,49
4735,short_grass_1,3247,3186,0,47,50,22,3,50,49
1258,grass_light_2,3248,3186,0,48,50,22,1,50,49
320,dugupsoil2_light,3250,3186,0,50,50,22,2,50,49
320,dugupsoil2_light,3251,3186,0,51,50,22,3,50,49
320,dugupsoil2_light,3261,3186,0,61,50,22,1,50,49
4735,short_grass_1,3139,3187,0,3,51,22,0,49,49
4736,short_grass_2,3140,3187,0,4,51,22,0,49,49
4737,short_grass_3,3141,3187,0,5,51,22,0,49,49
4737,short_grass_3,3142,3187,0,6,51,22,0,49,49
4736,short_grass_2,3143,3187,0,7,51,22,1,49,49
4735,short_grass_1,3144,3187,0,8,51,22,2,49,49
4735,short_grass_1,3145,3187,0,9,51,22,3,49,49
4735,short_grass_1,3146,3187,0,10,51,22,2,49,49
4736,short_grass_2,3147,3187,0,11,51,22,0,49,49
4737,short_grass_3,3148,3187,0,12,51,22,0,49,49
4737,short_grass_3,3149,3187,0,13,51,22,0,49,49
4736,short_grass_2,3150,3187,0,14,51,22,1,49,49
4735,short_grass_1,3151,3187,0,15,51,22,1,49,49
4736,short_grass_2,3152,3187,0,16,51,22,3,49,49
4736,short_grass_2,3153,3187,0,17,51,22,0,49,49
4737,short_grass_3,3154,3187,0,18,51,22,0,49,49
4736,short_grass_2,3155,3187,0,19,51,22,1,49,49
2382,swamp_digdugupsoil2,3178,3187,0,42,51,22,1,49,49
2382,swamp_digdugupsoil2,3179,3187,0,43,51,22,2,49,49
16424,bgsound_cave_bubbling_10,3185,3187,0,49,51,22,0,49,49
1369,medplant_swamp,3192,3187,0,56,51,10,2,49,49
1365,deadtree2_swamp,3206,3187,0,6,51,10,3,50,49
1272,grass_1_swamp,3209,3187,0,9,51,22,3,50,49
2382,swamp_digdugupsoil2,3214,3187,0,14,51,22,1,50,49
2382,swamp_digdugupsoil2,3215,3187,0,15,51,22,3,50,49
2383,swamp_digdugupsoil3,3216,3187,0,16,51,22,0,50,49
1364,swamp_root,3217,3187,0,17,51,10,0,50,49
2382,swamp_digdugupsoil2,3220,3187,0,20,51,22,0,50,49
2382,swamp_digdugupsoil2,3221,3187,0,21,51,22,2,50,49
2382,swamp_digdugupsoil2,3222,3187,0,22,51,22,3,50,49
2382,swamp_digdugupsoil2,3225,3187,0,25,51,22,3,50,49
1253,grass_1,3238,3187,0,38,51,22,2,50,49
1253,grass_1,3239,3187,0,39,51,22,1,50,49
4735,short_grass_1,3240,3187,0,40,51,22,0,50,49
4735,short_grass_1,3241,3187,0,41,51,22,2,50,49
336,dugupsoil2_grey,3243,3187,0,43,51,22,1,50,49
4735,short_grass_1,3244,3187,0,44,51,22,1,50,49
4735,short_grass_1,3245,3187,0,45,51,22,1,50,49
4737,short_grass_3,3246,3187,0,46,51,22,2,50,49
1257,grass_light_1,3247,3187,0,47,51,22,0,50,49
1257,grass_light_1,3248,3187,0,48,51,22,0,50,49
1257,grass_light_1,3249,3187,0,49,51,22,0,50,49
320,dugupsoil2_light,3251,3187,0,51,51,22,0,50,49
319,dugupsoil1_light,3252,3187,0,52,51,22,1,50,49
320,dugupsoil2_light,3261,3187,0,61,51,22,2,50,49
4735,short_grass_1,3140,3188,0,4,52,22,3,49,49
4735,short_grass_1,3141,3188,0,5,52,22,2,49,49
4735,short_grass_1,3142,3188,0,6,52,22,0,49,49
4736,short_grass_2,3143,3188,0,7,52,22,3,49,49
4737,short_grass_3,3144,3188,0,8,52,22,2,49,49
4737,short_grass_3,3145,3188,0,9,52,22,2,49,49
4736,short_grass_2,3146,3188,0,10,52,22,2,49,49
4735,short_grass_1,3147,3188,0,11,52,22,0,49,49
4735,short_grass_1,3148,3188,0,12,52,22,3,49,49
4735,short_grass_1,3149,3188,0,13,52,22,1,49,49
4735,short_grass_1,3150,3188,0,14,52,22,2,49,49
4735,short_grass_1,3151,3188,0,15,52,22,0,49,49
4735,short_grass_1,3152,3188,0,16,52,22,1,49,49
4735,short_grass_1,3154,3188,0,18,52,22,3,49,49
16439,randomsound_swamp_ambience,3167,3188,0,31,52,22,0,49,49
2382,swamp_digdugupsoil2,3169,3188,0,33,52,22,3,49,49
2382,swamp_digdugupsoil2,3170,3188,0,34,52,22,1,49,49
2382,swamp_digdugupsoil2,3171,3188,0,35,52,22,0,49,49
1364,swamp_root,3182,3188,0,46,52,10,1,49,49
2381,swamp_digdugupsoil1,3185,3188,0,49,52,22,2,49,49
2381,swamp_digdugupsoil1,3186,3188,0,50,52,22,0,49,49
16439,randomsound_swamp_ambience,3190,3188,0,54,52,22,0,49,49
684,swampbubbles,3191,3188,0,55,52,10,0,49,49
1365,deadtree2_swamp,3205,3188,0,5,52,10,1,50,49
2382,swamp_digdugupsoil2,3209,3188,0,9,52,22,1,50,49
2382,swamp_digdugupsoil2,3215,3188,0,15,52,22,2,50,49
1367,swamp_roots_2,3216,3188,0,16,52,10,0,50,49
1366,swamp_roots_1,3220,3188,0,20,52,10,1,50,49
2383,swamp_digdugupsoil3,3221,3188,0,21,52,22,3,50,49
2382,swamp_digdugupsoil2,3222,3188,0,22,52,22,0,50,49
2382,swamp_digdugupsoil2,3223,3188,0,23,52,22,2,50,49
1367,swamp_roots_2,3226,3188,0,26,52,10,0,50,49
2382,swamp_digdugupsoil2,3229,3188,0,29,52,22,3,50,49
1245,large_grass_stones,3233,3188,0,33,52,22,1,50,49
1253,grass_1,3238,3188,0,38,52,22,0,50,49
1253,grass_1,3239,3188,0,39,52,22,2,50,49
4735,short_grass_1,3240,3188,0,40,52,22,3,50,49
4735,short_grass_1,3241,3188,0,41,52,22,0,50,49
336,dugupsoil2_grey,3243,3188,0,43,52,22,2,50,49
4737,short_grass_3,3245,3188,0,45,52,22,3,50,49
4738,short_grass_4,3246,3188,0,46,52,22,3,50,49
4737,short_grass_3,3247,3188,0,47,52,22,1,50,49
1301,jungletree1,3248,3188,0,48,52,10,1,50,49
320,dugupsoil2_light,3252,3188,0,52,52,22,1,50,49
320,dugupsoil2_light,3262,3188,0,62,52,22,3,50,49
4735,short_grass_1,3141,3189,0,5,53,22,2,49,49
4735,short_grass_1,3142,3189,0,6,53,22,1,49,49
4737,short_grass_3,3143,3189,0,7,53,22,3,49,49
4738,short_grass_4,3144,3189,0,8,53,22,0,49,49
4738,short_grass_4,3145,3189,0,9,53,22,1,49,49
4737,short_grass_3,3146,3189,0,10,53,22,1,49,49
4735,short_grass_1,3147,3189,0,11,53,22,0,49,49
16419,bgsound_crickets_1_10,3148,3189,0,12,53,22,0,49,49
4735,short_grass_1,3151,3189,0,15,53,22,2,49,49
4736,short_grass_2,3152,3189,0,16,53,22,3,49,49
4736,short_grass_2,3153,3189,0,17,53,22,2,49,49
4735,short_grass_1,3154,3189,0,18,53,22,3,49,49
1274,grass_3_swamp,3160,3189,0,24,53,22,0,49,49
1274,grass_3_swamp,3161,3189,0,25,53,22,1,49,49
1273,grass_2_swamp,3162,3189,0,26,53,22,2,49,49
1273,grass_2_swamp,3163,3189,0,27,53,22,1,49,49
1273,grass_2_swamp,3164,3189,0,28,53,22,0,49,49
2382,swamp_digdugupsoil2,3168,3189,0,32,53,22,2,49,49
2383,swamp_digdugupsoil3,3169,3189,0,33,53,22,2,49,49
2382,swamp_digdugupsoil2,3170,3189,0,34,53,22,3,49,49
2382,swamp_digdugupsoil2,3171,3189,0,35,53,22,3,49,49
2382,swamp_digdugupsoil2,3172,3189,0,36,53,22,0,49,49
1272,grass_1_swamp,3174,3189,0,38,53,22,0,49,49
1273,grass_2_swamp,3175,3189,0,39,53,22,0,49,49
1273,grass_2_swamp,3176,3189,0,40,53,22,0,49,49
1368,swamp_roots_3,3182,3189,0,46,53,10,3,49,49
2381,swamp_digdugupsoil1,3185,3189,0,49,53,22,3,49,49
2381,swamp_digdugupsoil1,3186,3189,0,50,53,22,0,49,49
1369,medplant_swamp,3187,3189,0,51,53,10,0,49,49
1364,swamp_root,3190,3189,0,54,53,10,3,49,49
1367,swamp_roots_2,3193,3189,0,57,53,10,0,49,49
1365,deadtree2_swamp,3207,3189,0,7,53,10,2,50,49
2382,swamp_digdugupsoil2,3208,3189,0,8,53,22,2,50,49
2383,swamp_digdugupsoil3,3209,3189,0,9,53,22,0,50,49
2382,swamp_digdugupsoil2,3210,3189,0,10,53,22,0,50,49
1368,swamp_roots_3,3215,3189,0,15,53,10,3,50,49
1369,medplant_swamp,3222,3189,0,22,53,10,3,50,49
2382,swamp_digdugupsoil2,3222,3189,0,22,53,22,1,50,49
2382,swamp_digdugupsoil2,3223,3189,0,23,53,22,1,50,49
1366,swamp_roots_1,3225,3189,0,25,53,10,1,50,49
2382,swamp_digdugupsoil2,3230,3189,0,30,53,22,0,50,49
2382,swamp_digdugupsoil2,3231,3189,0,31,53,22,0,50,49
1253,grass_1,3236,3189,0,36,53,22,0,50,49
1253,grass_1,3237,3189,0,37,53,22,1,50,49
1253,grass_1,3238,3189,0,38,53,22,1,50,49
4735,short_grass_1,3239,3189,0,39,53,22,3,50,49
4735,short_grass_1,3240,3189,0,40,53,22,3,50,49
4735,short_grass_1,3241,3189,0,41,53,22,2,50,49
4735,short_grass_1,3242,3189,0,42,53,22,3,50,49
336,dugupsoil2_grey,3244,3189,0,44,53,22,3,50,49
4735,short_grass_1,3245,3189,0,45,53,22,0,50,49
4737,short_grass_3,3246,3189,0,46,53,22,0,50,49
1791,roofedge_greyslate,3246,3189,2,46,53,21,1,50,49
24162,fai_falador_ivy_small,3247,3189,0,47,53,4,1,50,49
1791,roofedge_greyslate,3247,3189,2,47,53,18,1,50,49
24163,fai_falador_ivy_medium_mirror,3248,3189,0,48,53,4,1,50,49
1791,roofedge_greyslate,3248,3189,2,48,53,18,1,50,49
24160,fai_falador_ivy_large,3249,3189,0,49,53,4,1,50,49
1791,roofedge_greyslate,3249,3189,2,49,53,18,1,50,49
24164,fai_falador_ivy_small_mirrior,3250,3189,0,50,53,4,1,50,49
1791,roofedge_greyslate,3250,3189,2,50,53,18,1,50,49
24160,fai_falador_ivy_large,3251,3189,0,51,53,4,1,50,49
1791,roofedge_greyslate,3251,3189,2,51,53,18,1,50,49
24161,fai_falador_ivy_medium,3252,3189,0,52,53,4,1,50,49
1791,roofedge_greyslate,3252,3189,2,52,53,18,1,50,49
1791,roofedge_greyslate,3253,3189,2,53,53,21,0,50,49
319,dugupsoil1_light,3262,3189,0,62,53,22,1,50,49
320,dugupsoil2_light,3263,3189,0,63,53,22,0,50,49
4735,short_grass_1,3141,3190,0,5,54,22,1,49,49
4735,short_grass_1,3142,3190,0,6,54,22,2,49,49
4737,short_grass_3,3143,3190,0,7,54,22,3,49,49
4738,short_grass_4,3144,3190,0,8,54,22,3,49,49
4738,short_grass_4,3145,3190,0,9,54,22,2,49,49
4737,short_grass_3,3146,3190,0,10,54,22,1,49,49
4735,short_grass_1,3147,3190,0,11,54,22,3,49,49
4735,short_grass_1,3149,3190,0,13,54,22,1,49,49
1167,mushroom2_dark,3150,3190,0,14,54,10,2,49,49
4735,short_grass_1,3150,3190,0,14,54,22,2,49,49
4735,short_grass_1,3151,3190,0,15,54,22,3,49,49
4736,short_grass_2,3152,3190,0,16,54,22,0,49,49
4736,short_grass_2,3153,3190,0,17,54,22,1,49,49
4735,short_grass_1,3154,3190,0,18,54,22,0,49,49
1274,grass_3_swamp,3159,3190,0,23,54,22,3,49,49
1274,grass_3_swamp,3160,3190,0,24,54,22,2,49,49
1274,grass_3_swamp,3161,3190,0,25,54,22,0,49,49
1273,grass_2_swamp,3162,3190,0,26,54,22,1,49,49
2382,swamp_digdugupsoil2,3168,3190,0,32,54,22,1,49,49
2382,swamp_digdugupsoil2,3169,3190,0,33,54,22,1,49,49
2381,swamp_digdugupsoil1,3170,3190,0,34,54,22,1,49,49
2382,swamp_digdugupsoil2,3171,3190,0,35,54,22,2,49,49
1272,grass_1_swamp,3173,3190,0,37,54,22,2,49,49
1273,grass_2_swamp,3174,3190,0,38,54,22,1,49,49
1274,grass_3_swamp,3175,3190,0,39,54,22,1,49,49
1273,grass_2_swamp,3176,3190,0,40,54,22,1,49,49
1272,grass_1_swamp,3177,3190,0,41,54,22,2,49,49
1366,swamp_roots_1,3181,3190,0,45,54,10,2,49,49
2381,swamp_digdugupsoil1,3184,3190,0,48,54,22,3,49,49
2383,swamp_digdugupsoil3,3185,3190,0,49,54,22,0,49,49
2382,swamp_digdugupsoil2,3186,3190,0,50,54,22,0,49,49
2382,swamp_digdugupsoil2,3209,3190,0,9,54,22,1,50,49
1365,deadtree2_swamp,3210,3190,0,10,54,10,3,50,49
684,swampbubbles,3217,3190,0,17,54,10,0,50,49
1368,swamp_roots_3,3221,3190,0,21,54,10,2,50,49
2382,swamp_digdugupsoil2,3222,3190,0,22,54,22,0,50,49
2382,swamp_digdugupsoil2,3223,3190,0,23,54,22,3,50,49
2382,swamp_digdugupsoil2,3224,3190,0,24,54,22,3,50,49
2382,swamp_digdugupsoil2,3225,3190,0,25,54,22,0,50,49
2382,swamp_digdugupsoil2,3230,3190,0,30,54,22,3,50,49
2383,swamp_digdugupsoil3,3231,3190,0,31,54,22,1,50,49
2382,swamp_digdugupsoil2,3232,3190,0,32,54,22,1,50,49
1253,grass_1,3237,3190,0,37,54,22,2,50,49
3457,ornaterailing,3237,3190,0,37,54,3,1,50,49
3457,ornaterailing,3238,3190,0,38,54,0,1,50,49
4735,short_grass_1,3238,3190,0,38,54,22,3,50,49
3457,ornaterailing,3239,3190,0,39,54,0,1,50,49
4735,short_grass_1,3239,3190,0,39,54,22,3,50,49
3457,ornaterailing,3240,3190,0,40,54,0,1,50,49
4735,short_grass_1,3240,3190,0,40,54,22,0,50,49
3457,ornaterailing,3241,3190,0,41,54,0,1,50,49
4735,short_grass_1,3241,3190,0,41,54,22,1,50,49
3457,ornaterailing,3242,3190,0,42,54,0,1,50,49
4735,short_grass_1,3242,3190,0,42,54,22,2,50,49
3457,ornaterailing,3243,3190,0,43,54,0,1,50,49
3457,ornaterailing,3245,3190,0,45,54,0,1,50,49
4735,short_grass_1,3245,3190,0,45,54,22,2,50,49
3457,ornaterailing,3246,3190,0,46,54,0,1,50,49
4735,short_grass_1,3246,3190,0,46,54,22,2,50,49
24160,fai_falador_ivy_large,3246,3190,0,46,54,4,2,50,49
1791,roofedge_greyslate,3246,3190,2,46,54,18,2,50,49
15058,restless_crypt_wall,3247,3190,0,47,54,2,3,50,49
15058,restless_crypt_wall,3247,3190,1,47,54,2,3,50,49
1643,oldroof_greyslate,3247,3190,2,47,54,16,1,50,49
914,egyptwalldecor_column,3248,3190,0,48,54,5,3,50,49
15058,restless_crypt_wall,3248,3190,0,48,54,0,3,50,49
15058,restless_crypt_wall,3248,3190,1,48,54,0,3,50,49
1643,oldroof_greyslate,3248,3190,2,48,54,12,1,50,49
706,floorweb,3249,3190,0,49,54,5,3,50,49
15058,restless_crypt_wall,3249,3190,0,49,54,0,3,50,49
15058,restless_crypt_wall,3249,3190,1,49,54,0,3,50,49
1643,oldroof_greyslate,3249,3190,2,49,54,12,1,50,49
914,egyptwalldecor_column,3250,3190,0,50,54,5,3,50,49
15058,restless_crypt_wall,3250,3190,0,50,54,0,3,50,49
15058,restless_crypt_wall,3250,3190,1,50,54,0,3,50,49
1643,oldroof_greyslate,3250,3190,2,50,54,12,1,50,49
705,ceilingweb,3251,3190,0,51,54,5,3,50,49
15058,restless_crypt_wall,3251,3190,0,51,54,0,3,50,49
15058,restless_crypt_wall,3251,3190,1,51,54,0,3,50,49
1643,oldroof_greyslate,3251,3190,2,51,54,12,1,50,49
914,egyptwalldecor_column,3252,3190,0,52,54,5,3,50,49
15058,restless_crypt_wall,3252,3190,0,52,54,2,2,50,49
15058,restless_crypt_wall,3252,3190,1,52,54,2,2,50,49
1643,oldroof_greyslate,3252,3190,2,52,54,16,0,50,49
1791,roofedge_greyslate,3253,3190,2,53,54,18,0,50,49
320,dugupsoil2_light,3263,3190,0,63,54,22,1,50,49
4735,short_grass_1,3142,3191,0,6,55,22,3,49,49
4736,short_grass_2,3143,3191,0,7,55,22,0,49,49
4737,short_grass_3,3144,3191,0,8,55,22,0,49,49
4737,short_grass_3,3145,3191,0,9,55,22,0,49,49
4736,short_grass_2,3146,3191,0,10,55,22,1,49,49
4735,short_grass_1,3147,3191,0,11,55,22,2,49,49
4735,short_grass_1,3149,3191,0,13,55,22,0,49,49
4737,short_grass_3,3150,3191,0,14,55,22,2,49,49
4737,short_grass_3,3151,3191,0,15,55,22,1,49,49
4735,short_grass_1,3152,3191,0,16,55,22,0,49,49
4735,short_grass_1,3154,3191,0,18,55,22,0,49,49
1273,grass_2_swamp,3159,3191,0,23,55,22,3,49,49
1273,grass_2_swamp,3160,3191,0,24,55,22,1,49,49
1369,medplant_swamp,3162,3191,0,26,55,10,3,49,49
1363,large_swamp_root,3165,3191,0,29,55,10,2,49,49
2382,swamp_digdugupsoil2,3170,3191,0,34,55,22,3,49,49
1368,swamp_roots_3,3172,3191,0,36,55,10,2,49,49
1272,grass_1_swamp,3174,3191,0,38,55,22,3,49,49
1272,grass_1_swamp,3175,3191,0,39,55,22,2,49,49
1273,grass_2_swamp,3176,3191,0,40,55,22,0,49,49
1272,grass_1_swamp,3177,3191,0,41,55,22,3,49,49
2381,swamp_digdugupsoil1,3183,3191,0,47,55,22,3,49,49
1369,medplant_swamp,3184,3191,0,48,55,10,3,49,49
2381,swamp_digdugupsoil1,3184,3191,0,48,55,22,2,49,49
2381,swamp_digdugupsoil1,3185,3191,0,49,55,22,2,49,49
2382,swamp_digdugupsoil2,3186,3191,0,50,55,22,3,49,49
684,swampbubbles,3188,3191,0,52,55,10,1,49,49
1365,deadtree2_swamp,3207,3191,0,7,55,10,0,50,49
2382,swamp_digdugupsoil2,3215,3191,0,15,55,22,0,50,49
684,swampbubbles,3220,3191,0,20,55,10,2,50,49
2382,swamp_digdugupsoil2,3224,3191,0,24,55,22,2,50,49
2383,swamp_digdugupsoil3,3225,3191,0,25,55,22,2,50,49
2382,swamp_digdugupsoil2,3226,3191,0,26,55,22,3,50,49
2382,swamp_digdugupsoil2,3227,3191,0,27,55,22,2,50,49
2382,swamp_digdugupsoil2,3231,3191,0,31,55,22,2,50,49
1253,grass_1,3236,3191,0,36,55,22,3,50,49
3457,ornaterailing,3237,3191,0,37,55,0,2,50,49
405,gravestone2,3238,3191,0,38,55,10,3,50,49
4735,short_grass_1,3239,3191,0,39,55,22,0,50,49
4735,short_grass_1,3240,3191,0,40,55,22,1,50,49
1394,plant4,3241,3191,0,41,55,10,0,50,49
5533,short_grass_3_wall_edge,3246,3191,0,46,55,22,2,50,49
24163,fai_falador_ivy_medium_mirror,3246,3191,0,46,55,4,2,50,49
1791,roofedge_greyslate,3246,3191,2,46,55,18,2,50,49
706,floorweb,3247,3191,0,47,55,5,0,50,49
15058,restless_crypt_wall,3247,3191,0,47,55,0,0,50,49
15058,restless_crypt_wall,3247,3191,1,47,55,0,0,50,49
1643,oldroof_greyslate,3247,3191,2,47,55,12,2,50,49
2174,dugupsoil_slayer_3,3248,3191,0,48,55,22,0,50,49
1643,oldroof_greyslate,3248,3191,2,48,55,17,2,50,49
2173,dugupsoil_slayer_2,3249,3191,0,49,55,22,2,50,49
1643,oldroof_greyslate,3249,3191,2,49,55,17,2,50,49
2172,dugupsoil_slayer_1,3250,3191,0,50,55,22,2,50,49
1643,oldroof_greyslate,3250,3191,2,50,55,17,2,50,49
2173,dugupsoil_slayer_2,3251,3191,0,51,55,22,3,50,49
1643,oldroof_greyslate,3251,3191,2,51,55,17,2,50,49
914,egyptwalldecor_column,3252,3191,0,52,55,5,2,50,49
15058,restless_crypt_wall,3252,3191,0,52,55,0,2,50,49
15058,restless_crypt_wall,3252,3191,1,52,55,0,2,50,49
1643,oldroof_greyslate,3252,3191,2,52,55,12,0,50,49
1791,roofedge_greyslate,3253,3191,2,53,55,18,0,50,49
320,dugupsoil2_light,3263,3191,0,63,55,22,2,50,49
4735,short_grass_1,3141,3192,0,5,56,22,0,49,49
4735,short_grass_1,3142,3192,0,6,56,22,0,49,49
4735,short_grass_1,3143,3192,0,7,56,22,1,49,49
4735,short_grass_1,3144,3192,0,8,56,22,2,49,49
4735,short_grass_1,3145,3192,0,9,56,22,3,49,49
4735,short_grass_1,3146,3192,0,10,56,22,1,49,49
4735,short_grass_1,3147,3192,0,11,56,22,1,49,49
4735,short_grass_1,3148,3192,0,12,56,22,2,49,49
4735,short_grass_1,3149,3192,0,13,56,22,3,49,49
4737,short_grass_3,3150,3192,0,14,56,22,3,49,49
4737,short_grass_3,3151,3192,0,15,56,22,0,49,49
4735,short_grass_1,3152,3192,0,16,56,22,1,49,49
1274,grass_3_swamp,3159,3192,0,23,56,22,1,49,49
1368,swamp_roots_3,3168,3192,0,32,56,10,2,49,49
1272,grass_1_swamp,3175,3192,0,39,56,22,3,49,49
1272,grass_1_swamp,3176,3192,0,40,56,22,1,49,49
1272,grass_1_swamp,3177,3192,0,41,56,22,0,49,49
1272,grass_1_swamp,3178,3192,0,42,56,22,3,49,49
1368,swamp_roots_3,3183,3192,0,47,56,10,2,49,49
2381,swamp_digdugupsoil1,3185,3192,0,49,56,22,1,49,49
1366,swamp_roots_1,3186,3192,0,50,56,10,1,49,49
1364,swamp_root,3188,3192,0,52,56,10,0,49,49
1369,medplant_swamp,3191,3192,0,55,56,10,2,49,49
1246,full_twig,3213,3192,0,13,56,22,2,50,49
1365,deadtree2_swamp,3215,3192,0,15,56,10,3,50,49
2382,swamp_digdugupsoil2,3215,3192,0,15,56,22,3,50,49
1363,large_swamp_root,3218,3192,0,18,56,10,3,50,49
1367,swamp_roots_2,3221,3192,0,21,56,10,1,50,49
1366,swamp_roots_1,3222,3192,0,22,56,10,0,50,49
1363,large_swamp_root,3223,3192,0,23,56,10,1,50,49
2382,swamp_digdugupsoil2,3224,3192,0,24,56,22,1,50,49
2382,swamp_digdugupsoil2,3225,3192,0,25,56,22,1,50,49
1245,large_grass_stones,3226,3192,0,26,56,22,2,50,49
3457,ornaterailing,3237,3192,0,37,56,0,2,50,49
38426,death_office_access_grave,3238,3192,0,38,56,10,2,50,49
39619,death_office_icon,3238,3192,0,38,56,22,0,50,49
405,gravestone2,3240,3192,0,40,56,10,1,50,49
405,gravestone2,3243,3192,0,43,56,10,0,50,49
404,gravestone1,3245,3192,0,45,56,10,1,50,49
5536,short_grass_wall_edge_2,3246,3192,0,46,56,22,0,50,49
24162,fai_falador_ivy_small,3246,3192,0,46,56,4,2,50,49
1791,roofedge_greyslate,3246,3192,2,46,56,18,2,50,49
15058,restless_crypt_wall,3247,3192,0,47,56,0,0,50,49
15058,restless_crypt_wall,3247,3192,1,47,56,0,0,50,49
1643,oldroof_greyslate,3247,3192,2,47,56,12,2,50,49
2173,dugupsoil_slayer_2,3248,3192,0,48,56,22,1,50,49
1643,oldroof_greyslate,3248,3192,2,48,56,17,2,50,49
2145,shutghostcoffin,3249,3192,0,49,56,10,0,50,49
1643,oldroof_greyslate,3249,3192,2,49,56,17,2,50,49
1643,oldroof_greyslate,3250,3192,2,50,56,17,2,50,49
2174,dugupsoil_slayer_3,3251,3192,0,51,56,22,1,50,49
1643,oldroof_greyslate,3251,3192,2,51,56,17,2,50,49
15058,restless_crypt_wall,3252,3192,0,52,56,0,2,50,49
15058,restless_crypt_wall,3252,3192,1,52,56,0,2,50,49
1643,oldroof_greyslate,3252,3192,2,52,56,12,0,50,49
1791,roofedge_greyslate,3253,3192,2,53,56,18,0,50,49
320,dugupsoil2_light,3263,3192,0,63,56,22,3,50,49
4735,short_grass_1,3140,3193,0,4,57,22,0,49,49
4736,short_grass_2,3141,3193,0,5,57,22,3,49,49
4737,short_grass_3,3142,3193,0,6,57,22,2,49,49
4736,short_grass_2,3143,3193,0,7,57,22,2,49,49
4735,short_grass_1,3144,3193,0,8,57,22,0,49,49
4735,short_grass_1,3145,3193,0,9,57,22,1,49,49
4735,short_grass_1,3146,3193,0,10,57,22,0,49,49
4735,short_grass_1,3148,3193,0,12,57,22,3,49,49
4736,short_grass_2,3149,3193,0,13,57,22,1,49,49
4736,short_grass_2,3150,3193,0,14,57,22,0,49,49
4735,short_grass_1,3151,3193,0,15,57,22,2,49,49
4735,short_grass_1,3152,3193,0,16,57,22,0,49,49
1273,grass_2_swamp,3158,3193,0,22,57,22,0,49,49
1273,grass_2_swamp,3159,3193,0,23,57,22,1,49,49
684,swampbubbles,3164,3193,0,28,57,10,0,49,49
684,swampbubbles,3168,3193,0,32,57,10,1,49,49
1369,medplant_swamp,3169,3193,0,33,57,10,3,49,49
1367,swamp_roots_2,3171,3193,0,35,57,10,0,49,49
1368,swamp_roots_3,3173,3193,0,37,57,10,3,49,49
1272,grass_1_swamp,3176,3193,0,40,57,22,0,49,49
1272,grass_1_swamp,3177,3193,0,41,57,22,3,49,49
1367,swamp_roots_2,3182,3193,0,46,57,10,0,49,49
2382,swamp_digdugupsoil2,3215,3193,0,15,57,22,2,50,49
2383,swamp_digdugupsoil3,3216,3193,0,16,57,22,0,50,49
4735,short_grass_1,3231,3193,0,31,57,22,0,50,49
4735,short_grass_1,3233,3193,0,33,57,22,2,50,49
4735,short_grass_1,3235,3193,0,35,57,22,3,50,49
3457,ornaterailing,3237,3193,0,37,57,0,2,50,49
1791,roofedge_greyslate,3246,3193,2,46,57,18,2,50,49
1535,poordoor,3247,3193,0,47,57,0,0,50,49
15058,restless_crypt_wall,3247,3193,1,47,57,0,0,50,49
1643,oldroof_greyslate,3247,3193,2,47,57,12,2,50,49
2172,dugupsoil_slayer_1,3248,3193,0,48,57,22,3,50,49
1643,oldroof_greyslate,3248,3193,2,48,57,17,2,50,49
1643,oldroof_greyslate,3249,3193,2,49,57,17,2,50,49
1643,oldroof_greyslate,3250,3193,2,50,57,17,2,50,49
2173,dugupsoil_slayer_2,3251,3193,0,51,57,22,0,50,49
1643,oldroof_greyslate,3251,3193,2,51,57,17,2,50,49
705,ceilingweb,3252,3193,0,52,57,5,2,50,49
15058,restless_crypt_wall,3252,3193,0,52,57,0,2,50,49
15058,restless_crypt_wall,3252,3193,1,52,57,0,2,50,49
1643,oldroof_greyslate,3252,3193,2,52,57,12,0,50,49
1791,roofedge_greyslate,3253,3193,2,53,57,18,0,50,49
320,dugupsoil2_light,3255,3193,0,55,57,22,2,50,49
320,dugupsoil2_light,3263,3193,0,63,57,22,0,50,49
4735,short_grass_1,3140,3194,0,4,58,22,3,49,49
4737,short_grass_3,3141,3194,0,5,58,22,3,49,49
4738,short_grass_4,3142,3194,0,6,58,22,3,49,49
4737,short_grass_3,3143,3194,0,7,58,22,1,49,49
4735,short_grass_1,3144,3194,0,8,58,22,1,49,49
4735,short_grass_1,3147,3194,0,11,58,22,2,49,49
4735,short_grass_1,3148,3194,0,12,58,22,2,49,49
4736,short_grass_2,3149,3194,0,13,58,22,2,49,49
4736,short_grass_2,3150,3194,0,14,58,22,3,49,49
4735,short_grass_1,3151,3194,0,15,58,22,3,49,49
1273,grass_2_swamp,3159,3194,0,23,58,22,3,49,49
1369,medplant_swamp,3161,3194,0,25,58,10,0,49,49
684,swampbubbles,3165,3194,0,29,58,10,1,49,49
684,swampbubbles,3172,3194,0,36,58,10,3,49,49
1369,medplant_swamp,3173,3194,0,37,58,10,2,49,49
1167,mushroom2_dark,3178,3194,0,42,58,10,2,49,49
1366,swamp_roots_1,3182,3194,0,46,58,10,3,49,49
1367,swamp_roots_2,3183,3194,0,47,58,10,1,49,49
1368,swamp_roots_3,3184,3194,0,48,58,10,1,49,49
1368,swamp_roots_3,3185,3194,0,49,58,10,0,49,49
1363,large_swamp_root,3186,3194,0,50,58,10,3,49,49
1365,deadtree2_swamp,3211,3194,0,11,58,10,2,50,49
1365,deadtree2_swamp,3216,3194,0,16,58,10,0,50,49
2382,swamp_digdugupsoil2,3216,3194,0,16,58,22,1,50,49
2382,swamp_digdugupsoil2,3217,3194,0,17,58,22,0,50,49
1162,bullrushes,3228,3194,0,28,58,10,1,50,49
4735,short_grass_1,3230,3194,0,30,58,22,1,50,49
1790,roofedge_redslate,3230,3194,1,30,58,18,1,50,49
4735,short_grass_1,3231,3194,0,31,58,22,2,50,49
1790,roofedge_redslate,3231,3194,1,31,58,18,1,50,49
1821,window,3232,3194,0,32,58,4,1,50,49
4735,short_grass_1,3232,3194,0,32,58,22,1,50,49
1790,roofedge_redslate,3232,3194,1,32,58,18,1,50,49
4735,short_grass_1,3233,3194,0,33,58,22,0,50,49
1790,roofedge_redslate,3233,3194,1,33,58,18,1,50,49
4735,short_grass_1,3234,3194,0,34,58,22,1,50,49
1790,roofedge_redslate,3234,3194,1,34,58,18,1,50,49
1821,window,3235,3194,0,35,58,4,1,50,49
4735,short_grass_1,3235,3194,0,35,58,22,2,50,49
1790,roofedge_redslate,3235,3194,1,35,58,18,1,50,49
4735,short_grass_1,3236,3194,0,36,58,22,3,50,49
1790,roofedge_redslate,3236,3194,1,36,58,18,1,50,49
3457,ornaterailing,3237,3194,0,37,58,0,2,50,49
1790,roofedge_redslate,3237,3194,1,37,58,18,1,50,49
404,gravestone1,3240,3194,0,40,58,10,1,50,49
4735,short_grass_1,3241,3194,0,41,58,22,3,50,49
4735,short_grass_1,3242,3194,0,42,58,22,0,50,49
404,gravestone1,3243,3194,0,43,58,10,0,50,49
5536,short_grass_wall_edge_2,3243,3194,0,43,58,22,0,50,49
1392,plant2,3245,3194,0,45,58,10,1,50,49
24162,fai_falador_ivy_small,3246,3194,0,46,58,4,2,50,49
1791,roofedge_greyslate,3246,3194,2,46,58,18,2,50,49
15058,restless_crypt_wall,3247,3194,0,47,58,0,0,50,49
15058,restless_crypt_wall,3247,3194,1,47,58,0,0,50,49
1643,oldroof_greyslate,3247,3194,2,47,58,12,2,50,49
2173,dugupsoil_slayer_2,3248,3194,0,48,58,22,0,50,49
1643,oldroof_greyslate,3248,3194,2,48,58,17,2,50,49
2173,dugupsoil_slayer_2,3249,3194,0,49,58,22,3,50,49
1643,oldroof_greyslate,3249,3194,2,49,58,17,2,50,49
2173,dugupsoil_slayer_2,3250,3194,0,50,58,22,2,50,49
1643,oldroof_greyslate,3250,3194,2,50,58,17,2,50,49
2174,dugupsoil_slayer_3,3251,3194,0,51,58,22,3,50,49
1643,oldroof_greyslate,3251,3194,2,51,58,17,2,50,49
914,egyptwalldecor_column,3252,3194,0,52,58,5,2,50,49
15058,restless_crypt_wall,3252,3194,0,52,58,0,2,50,49
15058,restless_crypt_wall,3252,3194,1,52,58,0,2,50,49
1643,oldroof_greyslate,3252,3194,2,52,58,12,0,50,49
1276,tree,3253,3194,0,53,58,10,1,50,49
1791,roofedge_greyslate,3253,3194,2,53,58,18,0,50,49
320,dugupsoil2_light,3255,3194,0,55,58,22,3,50,49
320,dugupsoil2_light,3263,3194,0,63,58,22,1,50,49
4735,short_grass_1,3140,3195,0,4,59,22,0,49,49
4736,short_grass_2,3141,3195,0,5,59,22,0,49,49
4737,short_grass_3,3142,3195,0,6,59,22,0,49,49
4736,short_grass_2,3143,3195,0,7,59,22,1,49,49
4735,short_grass_1,3144,3195,0,8,59,22,2,49,49
4735,short_grass_1,3147,3195,0,11,59,22,2,49,49
4735,short_grass_1,3148,3195,0,12,59,22,1,49,49
4735,short_grass_1,3149,3195,0,13,59,22,0,49,49
4735,short_grass_1,3150,3195,0,14,59,22,0,49,49
4735,short_grass_1,3151,3195,0,15,59,22,3,49,49
1367,swamp_roots_2,3166,3195,0,30,59,10,1,49,49
2382,swamp_digdugupsoil2,3167,3195,0,31,59,22,2,49,49
1369,medplant_swamp,3171,3195,0,35,59,10,1,49,49
1369,medplant_swamp,3188,3195,0,52,59,10,1,49,49
2382,swamp_digdugupsoil2,3217,3195,0,17,59,22,3,50,49
1369,medplant_swamp,3219,3195,0,19,59,10,1,50,49
1162,bullrushes,3226,3195,0,26,59,10,3,50,49
1162,bullrushes,3228,3195,0,28,59,10,2,50,49
4735,short_grass_1,3229,3195,0,29,59,22,1,50,49
196,torch,3230,3195,0,30,59,5,3,50,49
1902,brickwall,3230,3195,0,30,59,2,3,50,49
1924,roof_redslate,3230,3195,1,30,59,12,1,50,49
1902,brickwall,3231,3195,0,31,59,0,3,50,49
3466,hangingmeat1,3231,3195,0,31,59,5,3,50,49
1927,roof_chimney_redslate,3231,3195,1,31,59,12,1,50,49
1821,window,3232,3195,0,32,59,5,3,50,49
1902,brickwall,3232,3195,0,32,59,0,3,50,49
1927,roof_chimney_redslate,3232,3195,1,32,59,12,1,50,49
1902,brickwall,3233,3195,0,33,59,0,3,50,49
3467,hangingmeat2,3233,3195,0,33,59,5,3,50,49
1924,roof_redslate,3233,3195,1,33,59,12,1,50,49
196,torch,3234,3195,0,34,59,5,3,50,49
1902,brickwall,3234,3195,0,34,59,0,3,50,49
33159,tutor_cooking_icon,3234,3195,0,34,59,22,0,50,49
1924,roof_redslate,3234,3195,1,34,59,12,1,50,49
1821,window,3235,3195,0,35,59,5,3,50,49
1902,brickwall,3235,3195,0,35,59,0,3,50,49
1924,roof_redslate,3235,3195,1,35,59,12,1,50,49
419,brownbed,3236,3195,0,36,59,10,1,50,49
1902,brickwall,3236,3195,0,36,59,0,3,50,49
1924,roof_redslate,3236,3195,1,36,59,12,1,50,49
1902,brickwall,3237,3195,0,37,59,2,2,50,49
1924,roof_redslate,3237,3195,1,37,59,12,1,50,49
404,gravestone1,3238,3195,0,38,59,10,0,50,49
4735,short_grass_1,3240,3195,0,40,59,22,1,50,49
4738,short_grass_4,3241,3195,0,41,59,22,3,50,49
4738,short_grass_4,3242,3195,0,42,59,22,3,50,49
4735,short_grass_1,3243,3195,0,43,59,22,2,50,49
24161,fai_falador_ivy_medium,3246,3195,0,46,59,4,2,50,49
1791,roofedge_greyslate,3246,3195,2,46,59,18,2,50,49
706,floorweb,3247,3195,0,47,59,5,0,50,49
15058,restless_crypt_wall,3247,3195,0,47,59,2,0,50,49
15058,restless_crypt_wall,3247,3195,1,47,59,2,0,50,49
1643,oldroof_greyslate,3247,3195,2,47,59,16,2,50,49
914,egyptwalldecor_column,3248,3195,0,48,59,5,1,50,49
15058,restless_crypt_wall,3248,3195,0,48,59,0,1,50,49
15058,restless_crypt_wall,3248,3195,1,48,59,0,1,50,49
1643,oldroof_greyslate,3248,3195,2,48,59,12,3,50,49
705,ceilingweb,3249,3195,0,49,59,5,1,50,49
15058,restless_crypt_wall,3249,3195,0,49,59,0,1,50,49
15058,restless_crypt_wall,3249,3195,1,49,59,0,1,50,49
1643,oldroof_greyslate,3249,3195,2,49,59,12,3,50,49
914,egyptwalldecor_column,3250,3195,0,50,59,5,1,50,49
15058,restless_crypt_wall,3250,3195,0,50,59,0,1,50,49
15058,restless_crypt_wall,3250,3195,1,50,59,0,1,50,49
1643,oldroof_greyslate,3250,3195,2,50,59,12,3,50,49
15058,restless_crypt_wall,3251,3195,0,51,59,0,1,50,49
15058,restless_crypt_wall,3251,3195,1,51,59,0,1,50,49
1643,oldroof_greyslate,3251,3195,2,51,59,12,3,50,49
914,egyptwalldecor_column,3252,3195,0,52,59,5,1,50,49
15058,restless_crypt_wall,3252,3195,0,52,59,2,1,50,49
15058,restless_crypt_wall,3252,3195,1,52,59,2,1,50,49
1643,oldroof_greyslate,3252,3195,2,52,59,16,3,50,49
1791,roofedge_greyslate,3253,3195,2,53,59,18,0,50,49
321,dugupsoil3_light,3255,3195,0,55,59,22,1,50,49
320,dugupsoil2_light,3256,3195,0,56,59,22,0,50,49
320,dugupsoil2_light,3263,3195,0,63,59,22,2,50,49
4735,short_grass_1,3141,3196,0,5,60,22,1,49,49
4735,short_grass_1,3142,3196,0,6,60,22,2,49,49
4735,short_grass_1,3143,3196,0,7,60,22,3,49,49
4735,short_grass_1,3146,3196,0,10,60,22,1,49,49
1278,tree2,3147,3196,0,11,60,10,0,49,49
4735,short_grass_1,3148,3196,0,12,60,22,1,49,49
4735,short_grass_1,3149,3196,0,13,60,22,0,49,49
4735,short_grass_1,3150,3196,0,14,60,22,0,49,49
2382,swamp_digdugupsoil2,3159,3196,0,23,60,22,1,49,49
1366,swamp_roots_1,3162,3196,0,26,60,10,3,49,49
2382,swamp_digdugupsoil2,3165,3196,0,29,60,22,0,49,49
2382,swamp_digdugupsoil2,3166,3196,0,30,60,22,3,49,49
16422,bgsound_toad_10,3167,3196,0,31,60,22,0,49,49
2383,swamp_digdugupsoil3,3168,3196,0,32,60,22,2,49,49
2382,swamp_digdugupsoil2,3169,3196,0,33,60,22,0,49,49
4736,short_grass_2,3206,3196,0,6,60,22,3,50,49
4736,short_grass_2,3207,3196,0,7,60,22,2,50,49
2382,swamp_digdugupsoil2,3218,3196,0,18,60,22,1,50,49
4735,short_grass_1,3229,3196,0,29,60,22,1,50,49
1902,brickwall,3230,3196,0,30,60,0,0,50,49
26181,range,3230,3196,0,30,60,10,0,50,49
1924,roof_redslate,3230,3196,1,30,60,17,1,50,49
1924,roof_redslate,3231,3196,1,31,60,17,1,50,49
595,bigtable2,3232,3196,0,32,60,10,0,50,49
917,poorrug1corner,3232,3196,0,32,60,22,3,50,49
1924,roof_redslate,3232,3196,1,32,60,17,1,50,49
918,poorrug1side,3233,3196,0,33,60,22,2,50,49
1924,roof_redslate,3233,3196,1,33,60,17,1,50,49
918,poorrug1side,3234,3196,0,34,60,22,2,50,49
1924,roof_redslate,3234,3196,1,34,60,17,1,50,49
918,poorrug1side,3235,3196,0,35,60,22,2,50,49
1924,roof_redslate,3235,3196,1,35,60,17,1,50,49
917,poorrug1corner,3236,3196,0,36,60,22,2,50,49
1924,roof_redslate,3236,3196,1,36,60,17,1,50,49
1902,brickwall,3237,3196,0,37,60,0,2,50,49
15685,aide_cookingshelves,3237,3196,0,37,60,10,2,50,49
1924,roof_redslate,3237,3196,1,37,60,17,1,50,49
5536,short_grass_wall_edge_2,3240,3196,0,40,60,22,0,50,49
31633,hw17_jarvis_gravestone,3240,3196,0,40,60,10,2,50,49
4735,short_grass_1,3241,3196,0,41,60,22,3,50,49
4735,short_grass_1,3242,3196,0,42,60,22,0,50,49
404,gravestone1,3243,3196,0,43,60,10,0,50,49
5536,short_grass_wall_edge_2,3243,3196,0,43,60,22,3,50,49
4736,short_grass_2,3245,3196,0,45,60,22,2,50,49
1791,roofedge_greyslate,3246,3196,2,46,60,21,2,50,49
5536,short_grass_wall_edge_2,3247,3196,0,47,60,22,0,50,49
24160,fai_falador_ivy_large,3247,3196,0,47,60,4,3,50,49
1791,roofedge_greyslate,3247,3196,2,47,60,18,3,50,49
5536,short_grass_wall_edge_2,3248,3196,0,48,60,22,1,50,49
24162,fai_falador_ivy_small,3248,3196,0,48,60,4,3,50,49
1791,roofedge_greyslate,3248,3196,2,48,60,18,3,50,49
24161,fai_falador_ivy_medium,3249,3196,0,49,60,4,3,50,49
1791,roofedge_greyslate,3249,3196,2,49,60,18,3,50,49
5536,short_grass_wall_edge_2,3250,3196,0,50,60,22,0,50,49
24162,fai_falador_ivy_small,3250,3196,0,50,60,4,3,50,49
1791,roofedge_greyslate,3250,3196,2,50,60,18,3,50,49
5534,short_grass_4_wall_edge,3251,3196,0,51,60,22,3,50,49
24163,fai_falador_ivy_medium_mirror,3251,3196,0,51,60,4,3,50,49
1791,roofedge_greyslate,3251,3196,2,51,60,18,3,50,49
1257,grass_light_1,3252,3196,0,52,60,22,1,50,49
3457,ornaterailing,3252,3196,0,52,60,0,0,50,49
24164,fai_falador_ivy_small_mirrior,3252,3196,0,52,60,4,3,50,49
1791,roofedge_greyslate,3252,3196,2,52,60,18,3,50,49
1791,roofedge_greyslate,3253,3196,2,53,60,21,3,50,49
320,dugupsoil2_light,3255,3196,0,55,60,22,2,50,49
320,dugupsoil2_light,3256,3196,0,56,60,22,1,50,49
319,dugupsoil1_light,3263,3196,0,63,60,22,1,50,49
4736,short_grass_2,3141,3197,0,5,61,22,3,49,49
4736,short_grass_2,3142,3197,0,6,61,22,2,49,49
1276,tree,3143,3197,0,7,61,10,0,49,49
4735,short_grass_1,3144,3197,0,8,61,22,0,49,49
4735,short_grass_1,3146,3197,0,10,61,22,3,49,49
4735,short_grass_1,3147,3197,0,11,61,22,3,49,49
4735,short_grass_1,3148,3197,0,12,61,22,2,49,49
4735,short_grass_1,3149,3197,0,13,61,22,0,49,49
2382,swamp_digdugupsoil2,3160,3197,0,24,61,22,0,49,49
2382,swamp_digdugupsoil2,3161,3197,0,25,61,22,2,49,49
2382,swamp_digdugupsoil2,3162,3197,0,26,61,22,3,49,49
2382,swamp_digdugupsoil2,3163,3197,0,27,61,22,1,49,49
2382,swamp_digdugupsoil2,3164,3197,0,28,61,22,1,49,49
2382,swamp_digdugupsoil2,3165,3197,0,29,61,22,0,49,49
2382,swamp_digdugupsoil2,3166,3197,0,30,61,22,1,49,49
2382,swamp_digdugupsoil2,3167,3197,0,31,61,22,1,49,49
2382,swamp_digdugupsoil2,3168,3197,0,32,61,22,0,49,49
2382,swamp_digdugupsoil2,3169,3197,0,33,61,22,3,49,49
2382,swamp_digdugupsoil2,3170,3197,0,34,61,22,2,49,49
2382,swamp_digdugupsoil2,3171,3197,0,35,61,22,2,49,49
2382,swamp_digdugupsoil2,3172,3197,0,36,61,22,1,49,49
4735,short_grass_1,3205,3197,0,5,61,22,0,50,49
4736,short_grass_2,3206,3197,0,6,61,22,0,50,49
4736,short_grass_2,3207,3197,0,7,61,22,1,50,49
980,fencing,3225,3197,0,25,61,9,3,50,49
980,fencing,3226,3197,0,26,61,0,3,50,49
980,fencing,3227,3197,0,27,61,0,3,50,49
980,fencing,3228,3197,0,28,61,0,3,50,49
4735,short_grass_1,3228,3197,0,28,61,22,1,50,49
980,fencing,3229,3197,0,29,61,0,3,50,49
4735,short_grass_1,3229,3197,0,29,61,22,1,50,49
1902,brickwall,3230,3197,0,30,61,0,0,50,49
2772,range_icon,3230,3197,0,30,61,22,0,50,49
1924,roof_redslate,3230,3197,1,30,61,17,1,50,49
1924,roof_redslate,3231,3197,1,31,61,17,1,50,49
917,poorrug1corner,3232,3197,0,32,61,22,0,50,49
1088,chair,3232,3197,0,32,61,10,0,50,49
1924,roof_redslate,3232,3197,1,32,61,17,1,50,49
918,poorrug1side,3233,3197,0,33,61,22,0,50,49
1088,chair,3233,3197,0,33,61,10,0,50,49
1924,roof_redslate,3233,3197,1,33,61,17,1,50,49
918,poorrug1side,3234,3197,0,34,61,22,0,50,49
1924,roof_redslate,3234,3197,1,34,61,17,1,50,49
918,poorrug1side,3235,3197,0,35,61,22,0,50,49
1924,roof_redslate,3235,3197,1,35,61,17,1,50,49
917,poorrug1corner,3236,3197,0,36,61,22,1,50,49
1924,roof_redslate,3236,3197,1,36,61,17,1,50,49
1902,brickwall,3237,3197,0,37,61,0,2,50,49
15686,aide_cookingshelves_empty,3237,3197,0,37,61,10,2,50,49
1924,roof_redslate,3237,3197,1,37,61,17,1,50,49
405,gravestone2,3238,3197,0,38,61,10,0,50,49
4737,short_grass_3,3245,3197,0,45,61,22,1,50,49
4736,short_grass_2,3246,3197,0,46,61,22,3,50,49
1188,redflower,3247,3197,0,47,61,10,1,50,49
4737,short_grass_3,3247,3197,0,47,61,22,2,50,49
4736,short_grass_2,3248,3197,0,48,61,22,2,50,49
1257,grass_light_1,3249,3197,0,49,61,22,3,50,49
1392,plant2,3249,3197,0,49,61,10,3,50,49
1257,grass_light_1,3250,3197,0,50,61,22,0,50,49
4736,short_grass_2,3251,3197,0,51,61,22,3,50,49
3457,ornaterailing,3252,3197,0,52,61,0,0,50,49
1282,deadtree1,3253,3197,0,53,61,10,1,50,49
4735,short_grass_1,3254,3197,0,54,61,22,3,50,49
320,dugupsoil2_light,3255,3197,0,55,61,22,3,50,49
320,dugupsoil2_light,3256,3197,0,56,61,22,0,50,49
320,dugupsoil2_light,3263,3197,0,63,61,22,3,50,49
4736,short_grass_2,3141,3198,0,5,62,22,0,49,49
4736,short_grass_2,3142,3198,0,6,62,22,1,49,49
4735,short_grass_1,3143,3198,0,7,62,22,2,49,49
2382,swamp_digdugupsoil2,3163,3198,0,27,62,22,0,49,49
2382,swamp_digdugupsoil2,3164,3198,0,28,62,22,1,49,49
2382,swamp_digdugupsoil2,3165,3198,0,29,62,22,3,49,49
2383,swamp_digdugupsoil3,3166,3198,0,30,62,22,3,49,49
2382,swamp_digdugupsoil2,3167,3198,0,31,62,22,0,49,49
2382,swamp_digdugupsoil2,3171,3198,0,35,62,22,0,49,49
980,fencing,3194,3198,0,58,62,9,3,49,49
980,fencing,3195,3198,0,59,62,0,3,49,49
980,fencing,3196,3198,0,60,62,0,3,49,49
980,fencing,3197,3198,0,61,62,0,3,49,49
980,fencing,3198,3198,0,62,62,0,3,49,49
980,fencing,3199,3198,0,63,62,9,2,49,49
4735,short_grass_1,3204,3198,0,4,62,22,1,50,49
4735,short_grass_1,3205,3198,0,5,62,22,2,50,49
4735,short_grass_1,3206,3198,0,6,62,22,1,50,49
4735,short_grass_1,3209,3198,0,9,62,22,2,50,49
4735,short_grass_1,3210,3198,0,10,62,22,1,50,49
980,fencing,3224,3198,0,24,62,9,3,50,49
980,fencing,3225,3198,0,25,62,1,3,50,49
4735,short_grass_1,3228,3198,0,28,62,22,3,50,49
4736,short_grass_2,3229,3198,0,29,62,22,3,50,49
196,torch,3230,3198,0,30,62,5,1,50,49
1902,brickwall,3230,3198,0,30,62,2,0,50,49
1924,roof_redslate,3230,3198,1,30,62,12,3,50,49
1022,cookingshelf,3231,3198,0,31,62,5,1,50,49
1902,brickwall,3231,3198,0,31,62,0,1,50,49
1924,roof_redslate,3231,3198,1,31,62,12,3,50,49
391,cookingutensils,3232,3198,0,32,62,5,1,50,49
1902,brickwall,3232,3198,0,32,62,0,1,50,49
1924,roof_redslate,3232,3198,1,32,62,12,3,50,49
1022,cookingshelf,3233,3198,0,33,62,5,1,50,49
1902,brickwall,3233,3198,0,33,62,0,1,50,49
1924,roof_redslate,3233,3198,1,33,62,12,3,50,49
196,torch,3234,3198,0,34,62,5,1,50,49
1902,brickwall,3234,3198,0,34,62,0,1,50,49
1924,roof_redslate,3234,3198,1,34,62,12,3,50,49
916,poorrug1,3235,3198,0,35,62,22,0,50,49
1535,poordoor,3235,3198,0,35,62,0,1,50,49
1924,roof_redslate,3235,3198,1,35,62,12,3,50,49
196,torch,3236,3198,0,36,62,5,1,50,49
1902,brickwall,3236,3198,0,36,62,0,1,50,49
1924,roof_redslate,3236,3198,1,36,62,12,3,50,49
1902,brickwall,3237,3198,0,37,62,2,1,50,49
1924,roof_redslate,3237,3198,1,37,62,12,3,50,49
4736,short_grass_2,3239,3198,0,39,62,22,0,50,49
4737,short_grass_3,3240,3198,0,40,62,22,0,50,49
404,gravestone1,3241,3198,0,41,62,10,1,50,49
4737,short_grass_3,3242,3198,0,42,62,22,0,50,49
404,gravestone1,3243,3198,0,43,62,10,0,50,49
4736,short_grass_2,3245,3198,0,45,62,22,1,50,49
4737,short_grass_3,3246,3198,0,46,62,22,3,50,49
4738,short_grass_4,3247,3198,0,47,62,22,3,50,49
4737,short_grass_3,3248,3198,0,48,62,22,1,50,49
4737,short_grass_3,3251,3198,0,51,62,22,3,50,49
3457,ornaterailing,3252,3198,0,52,62,0,0,50,49
4735,short_grass_1,3254,3198,0,54,62,22,2,50,49
319,dugupsoil1_light,3256,3198,0,56,62,22,1,50,49
320,dugupsoil2_light,3263,3198,0,63,62,22,0,50,49
4735,short_grass_1,3142,3199,0,6,63,22,3,49,49
4735,short_grass_1,3143,3199,0,7,63,22,0,49,49
2382,swamp_digdugupsoil2,3165,3199,0,29,63,22,3,49,49
2382,swamp_digdugupsoil2,3166,3199,0,30,63,22,2,49,49
980,fencing,3192,3199,0,56,63,1,1,49,49
980,fencing,3193,3199,0,57,63,2,3,49,49
980,fencing,3194,3199,0,58,63,1,3,49,49
980,fencing,3200,3199,0,0,63,0,3,50,49
980,fencing,3201,3199,0,1,63,0,3,50,49
4735,short_grass_1,3201,3199,0,1,63,22,2,50,49
980,fencing,3202,3199,0,2,63,0,3,50,49
4735,short_grass_1,3202,3199,0,2,63,22,3,50,49
980,fencing,3203,3199,0,3,63,0,3,50,49
4735,short_grass_1,3203,3199,0,3,63,22,0,50,49
980,fencing,3204,3199,0,4,63,0,3,50,49
4735,short_grass_1,3204,3199,0,4,63,22,0,50,49
980,fencing,3205,3199,0,5,63,0,3,50,49
5536,short_grass_wall_edge_2,3205,3199,0,5,63,22,3,50,49
980,fencing,3206,3199,0,6,63,0,3,50,49
5536,short_grass_wall_edge_2,3206,3199,0,6,63,22,2,50,49
980,fencing,3207,3199,0,7,63,0,3,50,49
4735,short_grass_1,3207,3199,0,7,63,22,0,50,49
980,fencing,3208,3199,0,8,63,0,3,50,49
4735,short_grass_1,3208,3199,0,8,63,22,3,50,49
980,fencing,3209,3199,0,9,63,0,3,50,49
5536,short_grass_wall_edge_2,3209,3199,0,9,63,22,3,50,49
980,fencing,3210,3199,0,10,63,0,3,50,49
5536,short_grass_wall_edge_2,3210,3199,0,10,63,22,2,50,49
980,fencing,3211,3199,0,11,63,0,3,50,49
4735,short_grass_1,3211,3199,0,11,63,22,0,50,49
980,fencing,3212,3199,0,12,63,0,3,50,49
980,fencing,3213,3199,0,13,63,0,3,50,49
4735,short_grass_1,3213,3199,0,13,63,22,3,50,49
980,fencing,3214,3199,0,14,63,0,3,50,49
980,fencing,3215,3199,0,15,63,0,3,50,49
4735,short_grass_1,3215,3199,0,15,63,22,1,50,49
980,fencing,3216,3199,0,16,63,0,3,50,49
980,fencing,3217,3199,0,17,63,0,3,50,49
980,fencing,3218,3199,0,18,63,0,3,50,49
980,fencing,3219,3199,0,19,63,0,3,50,49
980,fencing,3220,3199,0,20,63,0,3,50,49
980,fencing,3221,3199,0,21,63,0,3,50,49
980,fencing,3222,3199,0,22,63,0,3,50,49
980,fencing,3223,3199,0,23,63,0,3,50,49
980,fencing,3224,3199,0,24,63,1,3,50,49
4735,short_grass_1,3226,3199,0,26,63,22,1,50,49
4735,short_grass_1,3227,3199,0,27,63,22,2,50,49
4736,short_grass_2,3228,3199,0,28,63,22,3,50,49
4737,short_grass_3,3229,3199,0,29,63,22,2,50,49
1124,bush1,3230,3199,0,30,63,10,1,50,49
4736,short_grass_2,3230,3199,0,30,63,22,2,50,49
4735,short_grass_1,3231,3199,0,31,63,22,1,50,49
4736,short_grass_2,3232,3199,0,32,63,22,3,50,49
4736,short_grass_2,3233,3199,0,33,63,22,2,50,49
4735,short_grass_1,3234,3199,0,34,63,22,1,50,49
3457,ornaterailing,3237,3199,0,37,63,0,2,50,49
33152,tutor_security_icon,3240,3199,0,40,63,22,0,50,49
4737,short_grass_3,3243,3199,0,43,63,22,3,50,49
4736,short_grass_2,3246,3199,0,46,63,22,0,50,49
4737,short_grass_3,3247,3199,0,47,63,22,0,50,49
4736,short_grass_2,3251,3199,0,51,63,22,0,50,49
3457,ornaterailing,3252,3199,0,52,63,0,0,50,49
4735,short_grass_1,3252,3199,0,52,63,22,0,50,49
4735,short_grass_1,3253,3199,0,53,63,22,3,50,49
4735,short_grass_1,3254,3199,0,54,63,22,0,50,49
4735,short_grass_1,3255,3199,0,55,63,22,1,50,49
320,dugupsoil2_light,3257,3199,0,57,63,22,1,50,49
321,dugupsoil3_light,3263,3199,0,63,63,22,1,50,49
1247,broken_twig,3136,3200,0,0,0,22,0,49,50
1276,tree,3136,3200,0,0,0,10,0,49,50
1341,treestump,3144,3200,0,8,0,10,3,49,50
5578,cart_with_dome_roof,3146,3200,0,10,0,10,1,49,50
1341,treestump,3150,3200,0,14,0,10,3,49,50
1392,plant2,3155,3200,0,19,0,10,3,49,50
1162,bullrushes,3166,3200,0,30,0,10,1,49,50
1363,large_swamp_root,3170,3200,0,34,0,10,2,49,50
1363,large_swamp_root,3181,3200,0,45,0,10,2,49,50
980,fencing,3191,3200,0,55,0,1,1,49,50
980,fencing,3192,3200,0,56,0,9,1,49,50
4735,short_grass_1,3200,3200,0,0,0,22,2,50,50
4735,short_grass_1,3201,3200,0,1,0,22,2,50,50
4735,short_grass_1,3202,3200,0,2,0,22,2,50,50
4736,short_grass_2,3203,3200,0,3,0,22,3,50,50
1911,castlewall,3204,3200,0,4,0,3,0,50,50
4735,short_grass_1,3204,3200,0,4,0,22,2,50,50
1913,castlebattlements,3204,3200,1,4,0,3,0,50,50
1938,castlearrowslit,3205,3200,0,5,0,4,1,50,50
4735,short_grass_1,3205,3200,0,5,0,22,2,50,50
4737,short_grass_3,3206,3200,0,6,0,22,2,50,50
4737,short_grass_3,3207,3200,0,7,0,22,2,50,50
1911,castlewall,3208,3200,0,8,0,3,1,50,50
1938,castlearrowslit,3208,3200,0,8,0,4,1,50,50
4735,short_grass_1,3208,3200,0,8,0,22,2,50,50
1913,castlebattlements,3208,3200,1,8,0,3,1,50,50
4737,short_grass_3,3209,3200,0,9,0,22,2,50,50
4735,short_grass_1,3210,3200,0,10,0,22,2,50,50
1938,castlearrowslit,3211,3200,0,11,0,4,1,50,50
4737,short_grass_3,3211,3200,0,11,0,22,2,50,50
1911,castlewall,3212,3200,0,12,0,3,1,50,50
4735,short_grass_1,3212,3200,0,12,0,22,2,50,50
1913,castlebattlements,3212,3200,1,12,0,3,1,50,50
4736,short_grass_2,3213,3200,0,13,0,22,2,50,50
4735,short_grass_1,3214,3200,0,14,0,22,2,50,50
4735,short_grass_1,3215,3200,0,15,0,22,2,50,50
4735,short_grass_1,3226,3200,0,26,0,22,0,50,50
1902,brickwall,3227,3200,0,27,0,1,1,50,50
4737,short_grass_3,3227,3200,0,27,0,22,1,50,50
1902,brickwall,3227,3200,1,27,0,1,1,50,50
5647,roofedge_endl,3227,3200,2,27,0,21,1,50,50
1902,brickwall,3228,3200,0,28,0,0,1,50,50
5534,short_grass_4_wall_edge,3228,3200,0,28,0,22,1,50,50
1902,brickwall,3228,3200,1,28,0,0,1,50,50
5663,roofedge_rough2,3228,3200,2,28,0,18,1,50,50
1821,window,3229,3200,0,29,0,5,1,50,50
1902,brickwall,3229,3200,0,29,0,0,1,50,50
5534,short_grass_4_wall_edge,3229,3200,0,29,0,22,1,50,50
1902,brickwall,3229,3200,1,29,0,0,1,50,50
5663,roofedge_rough2,3229,3200,2,29,0,18,1,50,50
1124,bush1,3230,3200,0,30,0,10,0,50,50
1902,brickwall,3230,3200,0,30,0,0,1,50,50
4741,short_grass_4_castle_edge2,3230,3200,0,30,0,22,1,50,50
1821,window,3230,3200,1,30,0,5,1,50,50
1902,brickwall,3230,3200,1,30,0,0,1,50,50
5662,roofedge_rough,3230,3200,2,30,0,18,1,50,50
1902,brickwall,3231,3200,0,31,0,0,1,50,50
4740,short_grass_4_castle_edge,3231,3200,0,31,0,22,1,50,50
1902,brickwall,3231,3200,1,31,0,0,1,50,50
5663,roofedge_rough2,3231,3200,2,31,0,18,1,50,50
1821,window,3232,3200,0,32,0,5,1,50,50
1902,brickwall,3232,3200,0,32,0,0,1,50,50
5533,short_grass_3_wall_edge,3232,3200,0,32,0,22,1,50,50
1902,brickwall,3232,3200,1,32,0,0,1,50,50
5662,roofedge_rough,3232,3200,2,32,0,18,1,50,50
1902,brickwall,3233,3200,0,33,0,0,1,50,50
5534,short_grass_4_wall_edge,3233,3200,0,33,0,22,1,50,50
34738,hh_beginner003,3233,3200,0,33,0,10,1,50,50
1821,window,3233,3200,1,33,0,5,1,50,50
1902,brickwall,3233,3200,1,33,0,0,1,50,50
5663,roofedge_rough2,3233,3200,2,33,0,18,1,50,50
1902,brickwall,3234,3200,0,34,0,1,0,50,50
4736,short_grass_2,3234,3200,0,34,0,22,2,50,50
1902,brickwall,3234,3200,1,34,0,1,0,50,50
5648,roofedge_endr,3234,3200,2,34,0,21,0,50,50
336,dugupsoil2_grey,3236,3200,0,36,0,22,0,50,50
3457,ornaterailing,3237,3200,0,37,0,0,2,50,50
336,dugupsoil2_grey,3238,3200,0,38,0,22,0,50,50
336,dugupsoil2_grey,3241,3200,0,41,0,22,1,50,50
404,gravestone1,3241,3200,0,41,0,10,1,50,50
404,gravestone1,3243,3200,0,43,0,10,1,50,50
405,gravestone2,3245,3200,0,45,0,10,1,50,50
404,gravestone1,3247,3200,0,47,0,10,1,50,50
336,dugupsoil2_grey,3250,3200,0,50,0,22,0,50,50
3457,ornaterailing,3252,3200,0,52,0,0,0,50,50
4735,short_grass_1,3252,3200,0,52,0,22,1,50,50
4736,short_grass_2,3253,3200,0,53,0,22,3,50,50
4737,short_grass_3,3254,3200,0,54,0,22,2,50,50
4737,short_grass_3,3255,3200,0,55,0,22,2,50,50
4736,short_grass_2,3256,3200,0,56,0,22,2,50,50
44603,blankwall_no_blockrange,3258,3200,0,58,0,0,1,50,50
44603,blankwall_no_blockrange,3259,3200,0,59,0,0,1,50,50
44603,blankwall_no_blockrange,3260,3200,0,60,0,0,1,50,50
44603,blankwall_no_blockrange,3261,3200,0,61,0,0,1,50,50
44603,blankwall_no_blockrange,3262,3200,0,62,0,0,1,50,50
1247,broken_twig,3137,3201,0,1,1,22,1,49,50
1392,plant2,3140,3201,0,4,1,10,3,49,50
1278,tree2,3143,3201,0,7,1,10,3,49,50
1247,broken_twig,3144,3201,0,8,1,22,1,49,50
4735,short_grass_1,3152,3201,0,16,1,22,2,49,50
1393,plant3,3153,3201,0,17,1,10,0,49,50
1162,bullrushes,3166,3201,0,30,1,10,2,49,50
1363,large_swamp_root,3175,3201,0,39,1,10,3,49,50
684,swampbubbles,3180,3201,0,44,1,10,1,49,50
980,fencing,3190,3201,0,54,1,1,1,49,50
980,fencing,3191,3201,0,55,1,9,1,49,50
4735,short_grass_1,3200,3201,0,0,1,22,2,50,50
4735,short_grass_1,3201,3201,0,1,1,22,2,50,50
4736,short_grass_2,3202,3201,0,2,1,22,3,50,50
1911,castlewall,3203,3201,0,3,1,9,3,50,50
1651,cross_castleedge,3203,3201,1,3,1,9,3,50,50
325,dugupsoil2_light2,3204,3201,0,4,1,22,0,50,50
1911,castlewall,3204,3201,0,4,1,0,3,50,50
1651,cross_castleedge,3204,3201,1,4,1,0,3,50,50
325,dugupsoil2_light2,3205,3201,0,5,1,22,3,50,50
1187,blueflower,3205,3201,0,5,1,10,2,50,50
1646,oldcastlearrowslit,3205,3201,0,5,1,5,3,50,50
1911,castlewall,3205,3201,0,5,1,0,3,50,50
1651,cross_castleedge,3205,3201,1,5,1,0,3,50,50
326,dugupsoil3_light2,3206,3201,0,6,1,22,1,50,50
1911,castlewall,3206,3201,0,6,1,0,3,50,50
1651,cross_castleedge,3206,3201,1,6,1,0,3,50,50
325,dugupsoil2_light2,3207,3201,0,7,1,22,2,50,50
1911,castlewall,3207,3201,0,7,1,0,3,50,50
1651,cross_castleedge,3207,3201,1,7,1,0,3,50,50
324,dugupsoil1_light2,3208,3201,0,8,1,22,0,50,50
1646,oldcastlearrowslit,3208,3201,0,8,1,5,3,50,50
1911,castlewall,3208,3201,0,8,1,0,3,50,50
1651,cross_castleedge,3208,3201,1,8,1,0,3,50,50
325,dugupsoil2_light2,3209,3201,0,9,1,22,1,50,50
1187,blueflower,3209,3201,0,9,1,10,1,50,50
1911,castlewall,3209,3201,0,9,1,0,3,50,50
1651,cross_castleedge,3209,3201,1,9,1,0,3,50,50
325,dugupsoil2_light2,3210,3201,0,10,1,22,0,50,50
1911,castlewall,3210,3201,0,10,1,0,3,50,50
1651,cross_castleedge,3210,3201,1,10,1,0,3,50,50
326,dugupsoil3_light2,3211,3201,0,11,1,22,0,50,50
1646,oldcastlearrowslit,3211,3201,0,11,1,5,3,50,50
1911,castlewall,3211,3201,0,11,1,0,3,50,50
1651,cross_castleedge,3211,3201,1,11,1,0,3,50,50
325,dugupsoil2_light2,3212,3201,0,12,1,22,3,50,50
1911,castlewall,3212,3201,0,12,1,0,3,50,50
1651,cross_castleedge,3212,3201,1,12,1,0,3,50,50
1911,castlewall,3213,3201,0,13,1,9,2,50,50
1651,cross_castleedge,3213,3201,1,13,1,9,2,50,50
4738,short_grass_4,3214,3201,0,14,1,22,1,50,50
4738,short_grass_4,3215,3201,0,15,1,22,2,50,50
4735,short_grass_1,3216,3201,0,16,1,22,0,50,50
4735,short_grass_1,3217,3201,0,17,1,22,0,50,50
4735,short_grass_1,3225,3201,0,25,1,22,0,50,50
4738,short_grass_4,3226,3201,0,26,1,22,2,50,50
1902,brickwall,3227,3201,0,27,1,0,2,50,50
4740,short_grass_4_castle_edge,3227,3201,0,27,1,22,2,50,50
1902,brickwall,3227,3201,1,27,1,0,2,50,50
5646,roofedge_doublelength_r,3227,3201,2,27,1,0,2,50,50
1018,warehouse_shelves4,3228,3201,0,28,1,10,0,50,50
5643,roof_doublelength,3228,3201,2,28,1,10,1,50,50
1821,window,3229,3201,0,29,1,4,3,50,50
5643,roof_doublelength,3229,3201,2,29,1,10,1,50,50
837,cabinet_axes,3230,3201,0,30,1,10,3,50,50
1821,window,3230,3201,1,30,1,4,3,50,50
5643,roof_doublelength,3230,3201,2,30,1,10,1,50,50
5643,roof_doublelength,3231,3201,2,31,1,10,1,50,50
1821,window,3232,3201,0,32,1,4,3,50,50
5643,roof_doublelength,3232,3201,2,32,1,10,1,50,50
1018,warehouse_shelves4,3233,3201,0,33,1,10,3,50,50
1821,window,3233,3201,1,33,1,4,3,50,50
5643,roof_doublelength,3233,3201,2,33,1,10,1,50,50
1902,brickwall,3234,3201,0,34,1,0,0,50,50
5533,short_grass_3_wall_edge,3234,3201,0,34,1,22,0,50,50
1902,brickwall,3234,3201,1,34,1,0,0,50,50
5650,roofedge_doublelength_rr,3234,3201,2,34,1,0,0,50,50
336,dugupsoil2_grey,3235,3201,0,35,1,22,1,50,50
1911,castlewall,3237,3201,0,37,1,3,2,50,50
33164,tutor_deadman_icon,3245,3201,0,45,1,22,0,50,50
10828,deadman_yewtree_insurancestall,3249,3201,0,49,1,10,3,50,50
3457,ornaterailing,3252,3201,0,52,1,0,0,50,50
4735,short_grass_1,3252,3201,0,52,1,22,2,50,50
4737,short_grass_3,3253,3201,0,53,1,22,3,50,50
4738,short_grass_4,3254,3201,0,54,1,22,2,50,50
4738,short_grass_4,3255,3201,0,55,1,22,1,50,50
4737,short_grass_3,3256,3201,0,56,1,22,1,50,50
44603,blankwall_no_blockrange,3258,3201,0,58,1,0,0,50,50
16392,bgsound_stream_large_20,3260,3201,0,60,1,22,0,50,50
44603,blankwall_no_blockrange,3262,3201,0,62,1,0,2,50,50
1246,full_twig,3141,3202,0,5,2,22,2,49,50
1247,broken_twig,3143,3202,0,7,2,22,3,49,50
1247,broken_twig,3144,3202,0,8,2,22,0,49,50
4735,short_grass_1,3150,3202,0,14,2,22,1,49,50
4735,short_grass_1,3151,3202,0,15,2,22,3,49,50
4735,short_grass_1,3152,3202,0,16,2,22,0,49,50
4737,short_grass_3,3153,3202,0,17,2,22,2,49,50
4736,short_grass_2,3154,3202,0,18,2,22,2,49,50
1163,mushroom,3155,3202,0,19,2,10,1,49,50
1162,bullrushes,3165,3202,0,29,2,10,0,49,50
684,swampbubbles,3168,3202,0,32,2,10,0,49,50
1393,plant3,3172,3202,0,36,2,10,3,49,50
980,fencing,3189,3202,0,53,2,1,1,49,50
980,fencing,3190,3202,0,54,2,9,1,49,50
4735,short_grass_1,3199,3202,0,63,2,22,3,49,50
4735,short_grass_1,3200,3202,0,0,2,22,2,50,50
4736,short_grass_2,3201,3202,0,1,2,22,3,50,50
1911,castlewall,3202,3202,0,2,2,9,3,50,50
1651,cross_castleedge,3202,3202,1,2,2,9,3,50,50
1911,castlewall,3203,3202,0,3,2,1,3,50,50
1651,cross_castleedge,3203,3202,1,3,2,1,3,50,50
325,dugupsoil2_light2,3213,3202,0,13,2,22,2,50,50
1911,castlewall,3213,3202,0,13,2,1,2,50,50
1651,cross_castleedge,3213,3202,1,13,2,1,2,50,50
1911,castlewall,3214,3202,0,14,2,9,2,50,50
1651,cross_castleedge,3214,3202,1,14,2,9,2,50,50
1911,castlewall,3215,3202,0,15,2,3,0,50,50
4738,short_grass_4,3215,3202,0,15,2,22,0,50,50
1913,castlebattlements,3215,3202,1,15,2,3,0,50,50
1938,castlearrowslit,3216,3202,0,16,2,4,1,50,50
4738,short_grass_4,3216,3202,0,16,2,22,3,50,50
4738,short_grass_4,3217,3202,0,17,2,22,1,50,50
4738,short_grass_4,3218,3202,0,18,2,22,2,50,50
1938,castlearrowslit,3219,3202,0,19,2,4,1,50,50
4737,short_grass_3,3219,3202,0,19,2,22,2,50,50
1911,castlewall,3220,3202,0,20,2,3,1,50,50
4737,short_grass_3,3220,3202,0,20,2,22,0,50,50
1913,castlebattlements,3220,3202,1,20,2,3,1,50,50
4735,short_grass_1,3221,3202,0,21,2,22,0,50,50
4735,short_grass_1,3222,3202,0,22,2,22,0,50,50
4735,short_grass_1,3224,3202,0,24,2,22,0,50,50
4735,short_grass_1,3225,3202,0,25,2,22,0,50,50
1902,brickwall,3226,3202,0,26,2,0,2,50,50
4741,short_grass_4_castle_edge2,3226,3202,0,26,2,22,2,50,50
5663,roofedge_rough2,3226,3202,1,26,2,18,2,50,50
1902,brickwall,3227,3202,0,27,2,0,3,50,50
2877,barrel_staffs,3227,3202,0,27,2,10,0,50,50
1902,brickwall,3227,3202,1,27,2,0,2,50,50
1924,roof_redslate,3227,3202,1,27,2,12,2,50,50
5645,roofedge_doublelength_l,3227,3202,2,27,2,0,2,50,50
917,poorrug1corner,3230,3202,0,30,2,22,3,50,50
917,poorrug1corner,3231,3202,0,31,2,22,2,50,50
3474,hanginglantern,3233,3202,0,33,2,4,2,50,50
1821,window,3233,3202,1,33,2,4,2,50,50
1902,brickwall,3234,3202,0,34,2,0,0,50,50
3474,hanginglantern,3234,3202,0,34,2,5,0,50,50
5536,short_grass_wall_edge_2,3234,3202,0,34,2,22,1,50,50
1821,window,3234,3202,1,34,2,5,0,50,50
1902,brickwall,3234,3202,1,34,2,0,0,50,50
5649,roofedge_doublelength_ll,3234,3202,2,34,2,0,0,50,50
1911,castlewall,3237,3202,0,37,2,3,1,50,50
404,gravestone1,3241,3202,0,41,2,10,1,50,50
405,gravestone2,3243,3202,0,43,2,10,1,50,50
404,gravestone1,3245,3202,0,45,2,10,1,50,50
405,gravestone2,3247,3202,0,47,2,10,1,50,50
2767,rare_trees_icon,3250,3202,0,50,2,22,0,50,50
3457,ornaterailing,3252,3202,0,52,2,0,0,50,50
4735,short_grass_1,3252,3202,0,52,2,22,3,50,50
4737,short_grass_3,3253,3202,0,53,2,22,3,50,50
4738,short_grass_4,3254,3202,0,54,2,22,3,50,50
4738,short_grass_4,3255,3202,0,55,2,22,1,50,50
4737,short_grass_3,3256,3202,0,56,2,22,1,50,50
44603,blankwall_no_blockrange,3258,3202,0,58,2,9,2,50,50
5605,rock_pool_small,3261,3202,0,61,2,10,0,50,50
44603,blankwall_no_blockrange,3262,3202,0,62,2,0,2,50,50
1341,treestump,3146,3203,0,10,3,10,3,49,50
1335,hollowlogsmaller,3149,3203,0,13,3,11,0,49,50
4735,short_grass_1,3149,3203,0,13,3,22,2,49,50
4735,short_grass_1,3150,3203,0,14,3,22,3,49,50
4737,short_grass_3,3151,3203,0,15,3,22,3,49,50
1338,hollowlog_verysmall,3152,3203,0,16,3,11,3,49,50
4737,short_grass_3,3154,3203,0,18,3,22,1,49,50
4735,short_grass_1,3155,3203,0,19,3,22,2,49,50
1393,plant3,3159,3203,0,23,3,10,3,49,50
1162,bullrushes,3169,3203,0,33,3,10,2,49,50
1369,medplant_swamp,3181,3203,0,45,3,10,2,49,50
980,fencing,3188,3203,0,52,3,1,1,49,50
980,fencing,3189,3203,0,53,3,9,1,49,50
4736,short_grass_2,3191,3203,0,55,3,22,3,49,50
4735,short_grass_1,3192,3203,0,56,3,22,3,49,50
4735,short_grass_1,3193,3203,0,57,3,22,1,49,50
4735,short_grass_1,3194,3203,0,58,3,22,2,49,50
1189,daisys,3196,3203,0,60,3,10,3,49,50
4735,short_grass_1,3198,3203,0,62,3,22,0,49,50
4735,short_grass_1,3199,3203,0,63,3,22,3,49,50
4735,short_grass_1,3200,3203,0,0,3,22,3,50,50
1911,castlewall,3201,3203,0,1,3,9,3,50,50
1651,cross_castleedge,3201,3203,1,1,3,9,3,50,50
1911,castlewall,3202,3203,0,2,3,1,3,50,50
1651,cross_castleedge,3202,3203,1,2,3,1,3,50,50
4735,short_grass_1,3204,3203,0,4,3,22,1,50,50
4735,short_grass_1,3211,3203,0,11,3,22,3,50,50
1187,blueflower,3214,3203,0,14,3,10,0,50,50
1911,castlewall,3214,3203,0,14,3,1,2,50,50
1651,cross_castleedge,3214,3203,1,14,3,1,2,50,50
326,dugupsoil3_light2,3215,3203,0,15,3,22,3,50,50
1911,castlewall,3215,3203,0,15,3,0,3,50,50
1651,cross_castleedge,3215,3203,1,15,3,0,3,50,50
325,dugupsoil2_light2,3216,3203,0,16,3,22,1,50,50
1646,oldcastlearrowslit,3216,3203,0,16,3,5,3,50,50
1911,castlewall,3216,3203,0,16,3,0,3,50,50
1651,cross_castleedge,3216,3203,1,16,3,0,3,50,50
324,dugupsoil1_light2,3217,3203,0,17,3,22,3,50,50
1911,castlewall,3217,3203,0,17,3,0,3,50,50
1651,cross_castleedge,3217,3203,1,17,3,0,3,50,50
1173,smallfern,3218,3203,0,18,3,10,0,50,50
1911,castlewall,3218,3203,0,18,3,0,3,50,50
1651,cross_castleedge,3218,3203,1,18,3,0,3,50,50
325,dugupsoil2_light2,3219,3203,0,19,3,22,0,50,50
1646,oldcastlearrowslit,3219,3203,0,19,3,5,3,50,50
1911,castlewall,3219,3203,0,19,3,0,3,50,50
1651,cross_castleedge,3219,3203,1,19,3,0,3,50,50
326,dugupsoil3_light2,3220,3203,0,20,3,22,2,50,50
1911,castlewall,3220,3203,0,20,3,0,3,50,50
1651,cross_castleedge,3220,3203,1,20,3,0,3,50,50
1911,castlewall,3221,3203,0,21,3,9,2,50,50
1651,cross_castleedge,3221,3203,1,21,3,9,2,50,50
4736,short_grass_2,3222,3203,0,22,3,22,0,50,50
4735,short_grass_1,3223,3203,0,23,3,22,0,50,50
4735,short_grass_1,3224,3203,0,24,3,22,0,50,50
4738,short_grass_4,3225,3203,0,25,3,22,2,50,50
1902,brickwall,3226,3203,0,26,3,0,2,50,50
4740,short_grass_4_castle_edge,3226,3203,0,26,3,22,2,50,50
5662,roofedge_rough,3226,3203,1,26,3,18,2,50,50
1016,warehouse_shelves2,3227,3203,0,27,3,10,0,50,50
1902,brickwall,3227,3203,1,27,3,0,2,50,50
1924,roof_redslate,3227,3203,1,27,3,12,2,50,50
5644,roofedge_tip,3227,3203,2,27,3,0,2,50,50
5640,roof_tip,3228,3203,2,28,3,10,1,50,50
612,counter,3229,3203,0,29,3,10,3,50,50
5640,roof_tip,3229,3203,2,29,3,10,1,50,50
918,poorrug1side,3230,3203,0,30,3,22,3,50,50
5640,roof_tip,3230,3203,2,30,3,10,1,50,50
918,poorrug1side,3231,3203,0,31,3,22,1,50,50
5640,roof_tip,3231,3203,2,31,3,10,1,50,50
5640,roof_tip,3232,3203,2,32,3,10,1,50,50
1536,poordooropen,3233,3203,0,33,3,0,1,50,50
2736,axe_store_icon,3233,3203,0,33,3,22,0,50,50
5640,roof_tip,3233,3203,2,33,3,10,1,50,50
336,dugupsoil2_grey,3234,3203,0,34,3,22,0,50,50
1902,brickwall,3234,3203,1,34,3,0,0,50,50
5644,roofedge_tip,3234,3203,2,34,3,0,0,50,50
335,dugupsoil1_grey,3236,3203,0,36,3,22,3,50,50
3457,ornaterailing,3237,3203,0,37,3,0,2,50,50
3457,ornaterailing,3238,3203,0,38,3,0,1,50,50
3457,ornaterailing,3239,3203,0,39,3,0,1,50,50
3457,ornaterailing,3248,3203,0,48,3,0,1,50,50
3457,ornaterailing,3249,3203,0,49,3,0,1,50,50
3457,ornaterailing,3250,3203,0,50,3,0,1,50,50
3457,ornaterailing,3251,3203,0,51,3,0,1,50,50
3457,ornaterailing,3252,3203,0,52,3,0,0,50,50
4735,short_grass_1,3252,3203,0,52,3,22,1,50,50
1392,plant2,3253,3203,0,53,3,10,0,50,50
4736,short_grass_2,3253,3203,0,53,3,22,1,50,50
4736,short_grass_2,3254,3203,0,54,3,22,0,50,50
4737,short_grass_3,3255,3203,0,55,3,22,0,50,50
4736,short_grass_2,3256,3203,0,56,3,22,1,50,50
44603,blankwall_no_blockrange,3258,3203,0,58,3,0,2,50,50
44603,blankwall_no_blockrange,3262,3203,0,62,3,9,1,50,50
1392,plant2,3137,3204,0,1,4,10,0,49,50
4735,short_grass_1,3141,3204,0,5,4,22,3,49,50
4735,short_grass_1,3142,3204,0,6,4,22,3,49,50
4735,short_grass_1,3143,3204,0,7,4,22,2,49,50
1173,smallfern,3148,3204,0,12,4,10,2,49,50
4735,short_grass_1,3150,3204,0,14,4,22,0,49,50
4736,short_grass_2,3151,3204,0,15,4,22,0,49,50
4737,short_grass_3,3152,3204,0,16,4,22,0,49,50
4736,short_grass_2,3153,3204,0,17,4,22,1,49,50
1189,daisys,3154,3204,0,18,4,10,3,49,50
4735,short_grass_1,3154,3204,0,18,4,22,1,49,50
5578,cart_with_dome_roof,3155,3204,0,19,4,10,2,49,50
320,dugupsoil2_light,3156,3204,0,20,4,22,3,49,50
1393,plant3,3169,3204,0,33,4,10,0,49,50
1393,plant3,3177,3204,0,41,4,10,1,49,50
1393,plant3,3181,3204,0,45,4,10,2,49,50
980,fencing,3187,3204,0,51,4,1,1,49,50
980,fencing,3188,3204,0,52,4,9,1,49,50
4735,short_grass_1,3189,3204,0,53,4,22,3,49,50
4736,short_grass_2,3190,3204,0,54,4,22,3,49,50
4737,short_grass_3,3191,3204,0,55,4,22,2,49,50
4737,short_grass_3,3192,3204,0,56,4,22,2,49,50
4737,short_grass_3,3193,3204,0,57,4,22,2,49,50
4736,short_grass_2,3194,3204,0,58,4,22,2,49,50
4735,short_grass_1,3195,3204,0,59,4,22,1,49,50
4735,short_grass_1,3196,3204,0,60,4,22,3,49,50
4736,short_grass_2,3197,3204,0,61,4,22,3,49,50
4737,short_grass_3,3198,3204,0,62,4,22,2,49,50
4736,short_grass_2,3199,3204,0,63,4,22,2,49,50
1911,castlewall,3200,3204,0,0,4,3,2,50,50
4736,short_grass_2,3200,3204,0,0,4,22,3,50,50
1913,castlebattlements,3200,3204,1,0,4,3,2,50,50
1911,castlewall,3201,3204,0,1,4,0,0,50,50
1651,cross_castleedge,3201,3204,1,1,4,0,0,50,50
1188,redflower,3221,3204,0,21,4,10,3,50,50
1911,castlewall,3221,3204,0,21,4,1,2,50,50
1651,cross_castleedge,3221,3204,1,21,4,1,2,50,50
1911,castlewall,3222,3204,0,22,4,9,2,50,50
57661,castlearrowslit_diag,3222,3204,0,22,4,8,2,50,50
1651,cross_castleedge,3222,3204,1,22,4,9,2,50,50
4736,short_grass_2,3223,3204,0,23,4,22,0,50,50
4735,short_grass_1,3224,3204,0,24,4,22,0,50,50
4738,short_grass_4,3225,3204,0,25,4,22,0,50,50
1902,brickwall,3226,3204,0,26,4,0,2,50,50
4739,short_grass_3_castle_edge,3226,3204,0,26,4,22,2,50,50
5663,roofedge_rough2,3226,3204,1,26,4,18,2,50,50
1902,brickwall,3227,3204,0,27,4,0,1,50,50
4641,barrel_stacked,3227,3204,0,27,4,10,3,50,50
1902,brickwall,3227,3204,1,27,4,0,2,50,50
1924,roof_redslate,3227,3204,1,27,4,12,2,50,50
5649,roofedge_doublelength_ll,3227,3204,2,27,4,0,2,50,50
5643,roof_doublelength,3228,3204,2,28,4,10,3,50,50
5643,roof_doublelength,3229,3204,2,29,4,10,3,50,50
917,poorrug1corner,3230,3204,0,30,4,22,0,50,50
5643,roof_doublelength,3230,3204,2,30,4,10,3,50,50
917,poorrug1corner,3231,3204,0,31,4,22,1,50,50
5643,roof_doublelength,3231,3204,2,31,4,10,3,50,50
5643,roof_doublelength,3232,3204,2,32,4,10,3,50,50
3474,hanginglantern,3233,3204,0,33,4,4,2,50,50
1821,window,3233,3204,1,33,4,4,2,50,50
5643,roof_doublelength,3233,3204,2,33,4,10,3,50,50
1902,brickwall,3234,3204,0,34,4,0,0,50,50
5536,short_grass_wall_edge_2,3234,3204,0,34,4,22,2,50,50
1821,window,3234,3204,1,34,4,5,0,50,50
1902,brickwall,3234,3204,1,34,4,0,0,50,50
5645,roofedge_doublelength_l,3234,3204,2,34,4,0,0,50,50
980,fencing,3237,3204,0,37,4,9,3,50,50
981,gardenfencing,3238,3204,0,38,4,3,3,50,50
4736,short_grass_2,3238,3204,0,38,4,22,0,50,50
1902,brickwall,3239,3204,0,39,4,0,2,50,50
5533,short_grass_3_wall_edge,3239,3204,0,39,4,22,2,50,50
5662,roofedge_rough,3239,3204,1,39,4,18,2,50,50
1902,brickwall,3240,3204,0,40,4,0,3,50,50
9160,candles_2,3240,3204,0,40,4,10,2,50,50
1924,roof_redslate,3240,3204,1,40,4,12,2,50,50
6964,brickwall_churchwindow2,3241,3204,0,41,4,4,3,50,50
6966,brickwall_church_frame,3241,3204,0,41,4,0,3,50,50
1923,roofwallfiller,3241,3204,1,41,4,0,3,50,50
1924,roof_redslate,3241,3204,2,41,4,12,2,50,50
5663,roofedge_rough2,3241,3204,3,41,4,18,2,50,50
6965,brickwall_church,3242,3204,0,42,4,0,3,50,50
9159,candles_1,3242,3204,0,42,4,10,2,50,50
6963,brickwall_churchwindow1,3242,3204,1,42,4,4,3,50,50
6966,brickwall_church_frame,3242,3204,1,42,4,0,3,50,50
5643,roof_doublelength,3242,3204,3,42,4,10,2,50,50
3500,smallchurchorgan,3243,3204,0,43,4,10,2,50,50
6956,brickwall_churchbigwindow1l,3243,3204,0,43,4,0,3,50,50
6960,brickwall_churchbigglass1l,3243,3204,0,43,4,4,3,50,50
6958,brickwall_churchbigwindow2l,3243,3204,1,43,4,0,3,50,50
6962,brickwall_churchbigglass2l,3243,3204,1,43,4,4,3,50,50
6968,church_streaminglightl,3243,3204,1,43,4,10,3,50,50
6955,brickwall_churchbigwindow1,3244,3204,0,44,4,0,3,50,50
6959,brickwall_churchbigglass1,3244,3204,0,44,4,4,3,50,50
6957,brickwall_churchbigwindow2,3244,3204,1,44,4,0,3,50,50
6961,brickwall_churchbigglass2,3244,3204,1,44,4,4,3,50,50
6967,church_streaminglight,3244,3204,1,44,4,10,3,50,50
5643,roof_doublelength,3244,3204,3,44,4,10,0,50,50
6965,brickwall_church,3245,3204,0,45,4,0,3,50,50
9160,candles_2,3245,3204,0,45,4,10,2,50,50
6963,brickwall_churchwindow1,3245,3204,1,45,4,4,3,50,50
6966,brickwall_church_frame,3245,3204,1,45,4,0,3,50,50
6964,brickwall_churchwindow2,3246,3204,0,46,4,4,3,50,50
6966,brickwall_church_frame,3246,3204,0,46,4,0,3,50,50
1923,roofwallfiller,3246,3204,1,46,4,0,3,50,50
1924,roof_redslate,3246,3204,2,46,4,12,0,50,50
5662,roofedge_rough,3246,3204,3,46,4,18,0,50,50
1902,brickwall,3247,3204,0,47,4,0,3,50,50
9159,candles_1,3247,3204,0,47,4,10,2,50,50
1924,roof_redslate,3247,3204,1,47,4,12,0,50,50
1902,brickwall,3248,3204,0,48,4,0,0,50,50
4735,short_grass_1,3248,3204,0,48,4,22,2,50,50
5663,roofedge_rough2,3248,3204,1,48,4,18,0,50,50
4737,short_grass_3,3249,3204,0,49,4,22,3,50,50
980,fencing,3250,3204,0,50,4,0,2,50,50
4738,short_grass_4,3250,3204,0,50,4,22,3,50,50
4736,short_grass_2,3251,3204,0,51,4,22,2,50,50
4735,short_grass_1,3252,3204,0,52,4,22,1,50,50
4736,short_grass_2,3253,3204,0,53,4,22,2,50,50
4736,short_grass_2,3254,3204,0,54,4,22,3,50,50
4735,short_grass_1,3255,3204,0,55,4,22,0,50,50
4735,short_grass_1,3256,3204,0,56,4,22,0,50,50
44603,blankwall_no_blockrange,3258,3204,0,58,4,0,2,50,50
44603,blankwall_no_blockrange,3261,3204,0,61,4,0,2,50,50
4735,short_grass_1,3140,3205,0,4,5,22,1,49,50
4737,short_grass_3,3141,3205,0,5,5,22,2,49,50
4736,short_grass_2,3142,3205,0,6,5,22,2,49,50
4737,short_grass_3,3143,3205,0,7,5,22,2,49,50
4736,short_grass_2,3144,3205,0,8,5,22,2,49,50
4735,short_grass_1,3145,3205,0,9,5,22,0,49,50
26577,embers_with_pans,3150,3205,0,14,5,11,0,49,50
42726,quest_start_icon_lostcity,3150,3205,0,14,5,22,0,49,50
4735,short_grass_1,3152,3205,0,16,5,22,0,49,50
4735,short_grass_1,3153,3205,0,17,5,22,0,49,50
364,barrelwithtap,3154,3205,0,18,5,10,1,49,50
320,dugupsoil2_light,3155,3205,0,19,5,22,2,49,50
321,dugupsoil3_light,3156,3205,0,20,5,22,0,49,50
1278,tree2,3157,3205,0,21,5,10,3,49,50
1247,broken_twig,3158,3205,0,22,5,22,3,49,50
980,fencing,3186,3205,0,50,5,1,1,49,50
980,fencing,3187,3205,0,51,5,9,1,49,50
4735,short_grass_1,3188,3205,0,52,5,22,1,49,50
4737,short_grass_3,3189,3205,0,53,5,22,3,49,50
4738,short_grass_4,3190,3205,0,54,5,22,2,49,50
4738,short_grass_4,3191,3205,0,55,5,22,1,49,50
4738,short_grass_4,3192,3205,0,56,5,22,0,49,50
4737,short_grass_3,3193,3205,0,57,5,22,1,49,50
4737,short_grass_3,3194,3205,0,58,5,22,1,49,50
4736,short_grass_2,3195,3205,0,59,5,22,2,49,50
4735,short_grass_1,3196,3205,0,60,5,22,2,49,50
4737,short_grass_3,3197,3205,0,61,5,22,3,49,50
4738,short_grass_4,3198,3205,0,62,5,22,2,49,50
5628,flag_lumbridge,3198,3205,0,62,5,10,2,49,50
4737,short_grass_3,3199,3205,0,63,5,22,1,49,50
1938,castlearrowslit,3200,3205,0,0,5,4,2,50,50
4737,short_grass_3,3200,3205,0,0,5,22,3,50,50
1646,oldcastlearrowslit,3201,3205,0,1,5,5,0,50,50
1911,castlewall,3201,3205,0,1,5,0,0,50,50
1651,cross_castleedge,3201,3205,1,1,5,0,0,50,50
4735,short_grass_1,3207,3205,0,7,5,22,1,50,50
4735,short_grass_1,3214,3205,0,14,5,22,0,50,50
4735,short_grass_1,3215,3205,0,15,5,22,1,50,50
4736,short_grass_2,3218,3205,0,18,5,22,3,50,50
10820,oaktree,3218,3205,0,18,5,10,0,50,50
4735,short_grass_1,3219,3205,0,19,5,22,0,50,50
4736,short_grass_2,3220,3205,0,20,5,22,2,50,50
1192,rareflower_1,3222,3205,0,22,5,10,3,50,50
1911,castlewall,3222,3205,0,22,5,1,2,50,50
1651,cross_castleedge,3222,3205,1,22,5,1,2,50,50
1911,castlewall,3223,3205,0,23,5,9,2,50,50
1651,cross_castleedge,3223,3205,1,23,5,9,2,50,50
4736,short_grass_2,3224,3205,0,24,5,22,0,50,50
1300,fern2,3225,3205,0,25,5,10,1,50,50
4737,short_grass_3,3225,3205,0,25,5,22,3,50,50
4737,short_grass_3,3226,3205,0,26,5,22,2,50,50
1902,brickwall,3227,3205,0,27,5,0,2,50,50
4740,short_grass_4_castle_edge,3227,3205,0,27,5,22,2,50,50
1902,brickwall,3227,3205,1,27,5,0,2,50,50
5650,roofedge_doublelength_rr,3227,3205,2,27,5,0,2,50,50
366,crate,3228,3205,0,28,5,10,1,50,50
1902,brickwall,3228,3205,0,28,5,0,1,50,50
1902,brickwall,3228,3205,1,28,5,0,1,50,50
196,torch,3229,3205,0,29,5,5,1,50,50
1902,brickwall,3229,3205,0,29,5,0,1,50,50
1902,brickwall,3229,3205,1,29,5,0,1,50,50
1017,warehouse_shelves3,3230,3205,0,30,5,10,1,50,50
1902,brickwall,3230,3205,0,30,5,0,1,50,50
1821,window,3230,3205,1,30,5,5,1,50,50
1902,brickwall,3230,3205,1,30,5,0,1,50,50
1016,warehouse_shelves2,3231,3205,0,31,5,10,1,50,50
1902,brickwall,3231,3205,0,31,5,0,1,50,50
1902,brickwall,3231,3205,1,31,5,0,1,50,50
888,painting_landscape,3232,3205,0,32,5,5,1,50,50
1902,brickwall,3232,3205,0,32,5,0,1,50,50
1821,window,3232,3205,1,32,5,5,1,50,50
1902,brickwall,3232,3205,1,32,5,0,1,50,50
683,grandfatherclock,3233,3205,0,33,5,10,0,50,50
1902,brickwall,3233,3205,0,33,5,0,1,50,50
1902,brickwall,3233,3205,1,33,5,0,1,50,50
1902,brickwall,3234,3205,0,34,5,0,0,50,50
5534,short_grass_4_wall_edge,3234,3205,0,34,5,22,0,50,50
1902,brickwall,3234,3205,1,34,5,0,0,50,50
5617,axeshopsign_lumbridge,3234,3205,1,34,5,5,0,50,50
5646,roofedge_doublelength_r,3234,3205,2,34,5,0,0,50,50
336,dugupsoil2_grey,3236,3205,0,36,5,22,0,50,50
980,fencing,3237,3205,0,37,5,0,0,50,50
4735,short_grass_1,3238,3205,0,38,5,22,3,50,50
5533,short_grass_3_wall_edge,3239,3205,0,39,5,22,2,50,50
6963,brickwall_churchwindow1,3239,3205,0,39,5,4,2,50,50
6966,brickwall_church_frame,3239,3205,0,39,5,0,2,50,50
5663,roofedge_rough2,3239,3205,1,39,5,18,2,50,50
1924,roof_redslate,3240,3205,1,40,5,12,2,50,50
925,rugcorner,3241,3205,0,41,5,22,3,50,50
1924,roof_redslate,3241,3205,2,41,5,12,2,50,50
5662,roofedge_rough,3241,3205,3,41,5,18,2,50,50
926,rugside,3242,3205,0,42,5,22,2,50,50
5643,roof_doublelength,3242,3205,3,42,5,10,2,50,50
926,rugside,3243,3205,0,43,5,22,2,50,50
1102,stool,3243,3205,0,43,5,10,2,50,50
926,rugside,3244,3205,0,44,5,22,2,50,50
5643,roof_doublelength,3244,3205,3,44,5,10,0,50,50
926,rugside,3245,3205,0,45,5,22,2,50,50
925,rugcorner,3246,3205,0,46,5,22,2,50,50
1924,roof_redslate,3246,3205,2,46,5,12,0,50,50
5663,roofedge_rough2,3246,3205,3,46,5,18,0,50,50
1924,roof_redslate,3247,3205,1,47,5,12,0,50,50
5536,short_grass_wall_edge_2,3248,3205,0,48,5,22,2,50,50
6964,brickwall_churchwindow2,3248,3205,0,48,5,4,0,50,50
6966,brickwall_church_frame,3248,3205,0,48,5,0,0,50,50
5662,roofedge_rough,3248,3205,1,48,5,18,0,50,50
4735,short_grass_1,3249,3205,0,49,5,22,2,50,50
980,fencing,3250,3205,0,50,5,0,2,50,50
4737,short_grass_3,3250,3205,0,50,5,22,3,50,50
4737,short_grass_3,3251,3205,0,51,5,22,2,50,50
4736,short_grass_2,3252,3205,0,52,5,22,2,50,50
4735,short_grass_1,3253,3205,0,53,5,22,1,50,50
4735,short_grass_1,3254,3205,0,54,5,22,3,50,50
4735,short_grass_1,3255,3205,0,55,5,22,2,50,50
44603,blankwall_no_blockrange,3258,3205,0,58,5,9,1,50,50
44603,blankwall_no_blockrange,3261,3205,0,61,5,0,2,50,50
4735,short_grass_1,3139,3206,0,3,6,22,2,49,50
4735,short_grass_1,3140,3206,0,4,6,22,1,49,50
4738,short_grass_4,3141,3206,0,5,6,22,0,49,50
4737,short_grass_3,3142,3206,0,6,6,22,2,49,50
1189,daisys,3143,3206,0,7,6,10,3,49,50
4738,short_grass_4,3143,3206,0,7,6,22,2,49,50
4737,short_grass_3,3144,3206,0,8,6,22,2,49,50
4735,short_grass_1,3145,3206,0,9,6,22,3,49,50
4735,short_grass_1,3146,3206,0,10,6,22,3,49,50
1173,smallfern,3147,3206,0,11,6,10,3,49,50
4735,short_grass_1,3152,3206,0,16,6,22,1,49,50
5610,potsandpans2,3152,3206,0,16,6,10,0,49,50
320,dugupsoil2_light,3153,3206,0,17,6,22,0,49,50
321,dugupsoil3_light,3154,3206,0,18,6,22,2,49,50
320,dugupsoil2_light,3156,3206,0,20,6,22,1,49,50
1247,broken_twig,3157,3206,0,21,6,22,1,49,50
1247,broken_twig,3158,3206,0,22,6,22,1,49,50
980,fencing,3159,3206,0,23,6,1,1,49,50
980,fencing,3160,3206,0,24,6,0,1,49,50
980,fencing,3161,3206,0,25,6,0,1,49,50
980,fencing,3162,3206,0,26,6,0,1,49,50
1246,full_twig,3162,3206,0,26,6,22,0,49,50
980,fencing,3163,3206,0,27,6,0,1,49,50
980,fencing,3164,3206,0,28,6,0,1,49,50
980,fencing,3165,3206,0,29,6,0,1,49,50
980,fencing,3166,3206,0,30,6,0,1,49,50
980,fencing,3167,3206,0,31,6,0,1,49,50
980,fencing,3168,3206,0,32,6,0,1,49,50
980,fencing,3169,3206,0,33,6,0,1,49,50
980,fencing,3170,3206,0,34,6,0,1,49,50
980,fencing,3171,3206,0,35,6,0,1,49,50
980,fencing,3172,3206,0,36,6,0,1,49,50
980,fencing,3173,3206,0,37,6,0,1,49,50
980,fencing,3174,3206,0,38,6,0,1,49,50
980,fencing,3175,3206,0,39,6,0,1,49,50
1393,plant3,3175,3206,0,39,6,10,0,49,50
980,fencing,3176,3206,0,40,6,0,1,49,50
980,fencing,3177,3206,0,41,6,0,1,49,50
980,fencing,3178,3206,0,42,6,0,1,49,50
980,fencing,3179,3206,0,43,6,0,1,49,50
980,fencing,3180,3206,0,44,6,0,1,49,50
980,fencing,3181,3206,0,45,6,0,1,49,50
980,fencing,3182,3206,0,46,6,0,1,49,50
980,fencing,3183,3206,0,47,6,0,1,49,50
980,fencing,3184,3206,0,48,6,0,1,49,50
980,fencing,3185,3206,0,49,6,0,1,49,50
980,fencing,3186,3206,0,50,6,9,1,49,50
4735,short_grass_1,3187,3206,0,51,6,22,3,49,50
4735,short_grass_1,3188,3206,0,52,6,22,0,49,50
4735,short_grass_1,3189,3206,0,53,6,22,0,49,50
4736,short_grass_2,3190,3206,0,54,6,22,0,49,50
4738,short_grass_4,3191,3206,0,55,6,22,0,49,50
4738,short_grass_4,3192,3206,0,56,6,22,0,49,50
4737,short_grass_3,3193,3206,0,57,6,22,1,49,50
4736,short_grass_2,3194,3206,0,58,6,22,1,49,50
4737,short_grass_3,3195,3206,0,59,6,22,1,49,50
4735,short_grass_1,3196,3206,0,60,6,22,3,49,50
4735,short_grass_1,3197,3206,0,61,6,22,2,49,50
4737,short_grass_3,3198,3206,0,62,6,22,0,49,50
4736,short_grass_2,3199,3206,0,63,6,22,1,49,50
4737,short_grass_3,3200,3206,0,0,6,22,3,50,50
1911,castlewall,3201,3206,0,1,6,0,0,50,50
1651,cross_castleedge,3201,3206,1,1,6,0,0,50,50
1911,castlewall,3203,3206,0,3,6,1,1,50,50
4736,short_grass_2,3203,3206,0,3,6,22,3,50,50
1911,castlewall,3203,3206,1,3,6,1,1,50,50
1913,castlebattlements,3203,3206,2,3,6,1,1,50,50
1911,castlewall,3204,3206,0,4,6,0,1,50,50
1938,castlearrowslit,3204,3206,0,4,6,5,1,50,50
4739,short_grass_3_castle_edge,3204,3206,0,4,6,22,1,50,50
1911,castlewall,3204,3206,1,4,6,0,1,50,50
1913,castlebattlements,3204,3206,2,4,6,0,1,50,50
1911,castlewall,3205,3206,0,5,6,0,1,50,50
4741,short_grass_4_castle_edge2,3205,3206,0,5,6,22,1,50,50
1911,castlewall,3205,3206,1,5,6,0,1,50,50
1938,castlearrowslit,3205,3206,1,5,6,5,1,50,50
1913,castlebattlements,3205,3206,2,5,6,0,1,50,50
1911,castlewall,3206,3206,0,6,6,1,0,50,50
4739,short_grass_3_castle_edge,3206,3206,0,6,6,22,1,50,50
1911,castlewall,3206,3206,1,6,6,1,0,50,50
1913,castlebattlements,3206,3206,2,6,6,1,0,50,50
4736,short_grass_2,3207,3206,0,7,6,22,2,50,50
4735,short_grass_1,3216,3206,0,16,6,22,2,50,50
4735,short_grass_1,3218,3206,0,18,6,22,1,50,50
4735,short_grass_1,3220,3206,0,20,6,22,3,50,50
1188,redflower,3221,3206,0,21,6,10,1,50,50
1188,redflower,3223,3206,0,23,6,10,2,50,50
1911,castlewall,3223,3206,0,23,6,1,2,50,50
1651,cross_castleedge,3223,3206,1,23,6,1,2,50,50
1911,castlewall,3224,3206,0,24,6,9,2,50,50
57661,castlearrowslit_diag,3224,3206,0,24,6,8,2,50,50
1651,cross_castleedge,3224,3206,1,24,6,9,2,50,50
4736,short_grass_2,3225,3206,0,25,6,22,0,50,50
981,gardenfencing,3226,3206,0,26,6,1,1,50,50
4737,short_grass_3,3226,3206,0,26,6,22,1,50,50
981,gardenfencing,3227,3206,0,27,6,9,1,50,50
5648,roofedge_endr,3227,3206,2,27,6,21,2,50,50
1902,brickwall,3228,3206,0,28,6,0,2,50,50
4741,short_grass_4_castle_edge2,3228,3206,0,28,6,22,2,50,50
5651,roofedge_al,3228,3206,1,28,6,0,2,50,50
5662,roofedge_rough,3228,3206,2,28,6,18,3,50,50
1022,cookingshelf,3229,3206,0,29,6,4,3,50,50
2771,water_source_icon,3229,3206,0,29,6,22,0,50,50
1924,roof_redslate,3229,3206,1,29,6,12,1,50,50
1790,roofedge_redslate,3229,3206,2,29,6,18,3,50,50
873,sink,3230,3206,0,30,6,10,3,50,50
888,painting_landscape,3230,3206,0,30,6,4,3,50,50
1821,window,3230,3206,1,30,6,4,3,50,50
1924,roof_redslate,3230,3206,1,30,6,12,1,50,50
5662,roofedge_rough,3230,3206,2,30,6,18,3,50,50
1924,roof_redslate,3231,3206,1,31,6,12,1,50,50
5663,roofedge_rough2,3231,3206,2,31,6,18,3,50,50
380,bookcase,3232,3206,0,32,6,10,3,50,50
1821,window,3232,3206,1,32,6,4,3,50,50
1924,roof_redslate,3232,3206,1,32,6,12,1,50,50
5662,roofedge_rough,3232,3206,2,32,6,18,3,50,50
1924,roof_redslate,3233,3206,1,33,6,12,1,50,50
5663,roofedge_rough2,3233,3206,2,33,6,18,3,50,50
1902,brickwall,3234,3206,0,34,6,0,0,50,50
5533,short_grass_3_wall_edge,3234,3206,0,34,6,22,0,50,50
5653,roofedge_all,3234,3206,1,34,6,0,0,50,50
5647,roofedge_endl,3234,3206,2,34,6,21,3,50,50
980,fencing,3237,3206,0,37,6,0,0,50,50
4735,short_grass_1,3238,3206,0,38,6,22,2,50,50
1902,brickwall,3239,3206,0,39,6,0,2,50,50
5534,short_grass_4_wall_edge,3239,3206,0,39,6,22,2,50,50
5662,roofedge_rough,3239,3206,1,39,6,18,2,50,50
3474,hanginglantern,3240,3206,0,40,6,4,0,50,50
1924,roof_redslate,3240,3206,1,40,6,12,2,50,50
926,rugside,3241,3206,0,41,6,22,3,50,50
1924,roof_redslate,3241,3206,2,41,6,12,2,50,50
5663,roofedge_rough2,3241,3206,3,41,6,18,2,50,50
927,rugmiddle,3242,3206,0,42,6,22,1,50,50
5643,roof_doublelength,3242,3206,3,42,6,10,2,50,50
927,rugmiddle,3243,3206,0,43,6,22,1,50,50
927,rugmiddle,3244,3206,0,44,6,22,1,50,50
5643,roof_doublelength,3244,3206,3,44,6,10,0,50,50
927,rugmiddle,3245,3206,0,45,6,22,1,50,50
926,rugside,3246,3206,0,46,6,22,1,50,50
1924,roof_redslate,3246,3206,2,46,6,12,0,50,50
5663,roofedge_rough2,3246,3206,3,46,6,18,0,50,50
3474,hanginglantern,3247,3206,0,47,6,4,2,50,50
1924,roof_redslate,3247,3206,1,47,6,12,0,50,50
1902,brickwall,3248,3206,0,48,6,0,0,50,50
5533,short_grass_3_wall_edge,3248,3206,0,48,6,22,0,50,50
5663,roofedge_rough2,3248,3206,1,48,6,18,0,50,50
4736,short_grass_2,3249,3206,0,49,6,22,2,50,50
980,fencing,3250,3206,0,50,6,0,2,50,50
4737,short_grass_3,3250,3206,0,50,6,22,3,50,50
4738,short_grass_4,3251,3206,0,51,6,22,0,50,50
4737,short_grass_3,3252,3206,0,52,6,22,2,50,50
1392,plant2,3253,3206,0,53,6,10,0,50,50
4736,short_grass_2,3253,3206,0,53,6,22,1,50,50
4736,short_grass_2,3254,3206,0,54,6,22,0,50,50
4735,short_grass_1,3255,3206,0,55,6,22,2,50,50
44603,blankwall_no_blockrange,3258,3206,0,58,6,0,0,50,50
44603,blankwall_no_blockrange,3261,3206,0,61,6,0,2,50,50
4735,short_grass_1,3139,3207,0,3,7,22,3,49,50
4736,short_grass_2,3140,3207,0,4,7,22,3,49,50
1189,daisys,3141,3207,0,5,7,10,2,49,50
4737,short_grass_3,3141,3207,0,5,7,22,3,49,50
4738,short_grass_4,3142,3207,0,6,7,22,0,49,50
4738,short_grass_4,3143,3207,0,7,7,22,1,49,50
4738,short_grass_4,3144,3207,0,8,7,22,1,49,50
4736,short_grass_2,3145,3207,0,9,7,22,2,49,50
4735,short_grass_1,3146,3207,0,10,7,22,2,49,50
1338,hollowlog_verysmall,3149,3207,0,13,7,11,3,49,50
1338,hollowlog_verysmall,3152,3207,0,16,7,11,2,49,50
320,dugupsoil2_light,3154,3207,0,18,7,22,3,49,50
320,dugupsoil2_light,3155,3207,0,19,7,22,2,49,50
980,fencing,3158,3207,0,22,7,1,1,49,50
1173,smallfern,3158,3207,0,22,7,10,0,49,50
980,fencing,3159,3207,0,23,7,9,1,49,50
1173,smallfern,3160,3207,0,24,7,10,0,49,50
1392,plant2,3165,3207,0,29,7,10,1,49,50
1247,broken_twig,3166,3207,0,30,7,22,2,49,50
4735,short_grass_1,3186,3207,0,50,7,22,3,49,50
4735,short_grass_1,3189,3207,0,53,7,22,1,49,50
321,dugupsoil3_light,3190,3207,0,54,7,22,0,49,50
4736,short_grass_2,3191,3207,0,55,7,22,0,49,50
4737,short_grass_3,3192,3207,0,56,7,22,0,49,50
4736,short_grass_2,3193,3207,0,57,7,22,0,49,50
4737,short_grass_3,3194,3207,0,58,7,22,3,49,50
4737,short_grass_3,3195,3207,0,59,7,22,1,49,50
4735,short_grass_1,3197,3207,0,61,7,22,1,49,50
4735,short_grass_1,3198,3207,0,62,7,22,2,49,50
4735,short_grass_1,3199,3207,0,63,7,22,3,49,50
4736,short_grass_2,3200,3207,0,0,7,22,0,50,50
1911,castlewall,3201,3207,0,1,7,0,0,50,50
1651,cross_castleedge,3201,3207,1,1,7,0,0,50,50
1873,wallgrill,3203,3207,0,3,7,5,2,50,50
1911,castlewall,3203,3207,0,3,7,0,2,50,50
4739,short_grass_3_castle_edge,3203,3207,0,3,7,22,2,50,50
1911,castlewall,3203,3207,1,3,7,0,2,50,50
1938,castlearrowslit,3203,3207,1,3,7,5,2,50,50
1913,castlebattlements,3203,3207,2,3,7,0,2,50,50
1248,sticks_twigs,3204,3207,0,4,7,22,0,50,50
1938,castlearrowslit,3204,3207,0,4,7,4,3,50,50
56230,spiralstairsbottom_3,3204,3207,0,4,7,10,3,50,50
1938,castlearrowslit,3204,3207,1,4,7,4,0,50,50
5603,floor_depth5_grey,3204,3207,1,4,7,22,0,50,50
16672,spiralstairsmiddle,3204,3207,1,4,7,10,3,50,50
5603,floor_depth5_grey,3204,3207,2,4,7,22,0,50,50
1938,castlearrowslit,3205,3207,1,5,7,4,3,50,50
5603,floor_depth5_grey,3205,3207,1,5,7,22,3,50,50
5603,floor_depth5_grey,3205,3207,2,5,7,22,3,50,50
1911,castlewall,3206,3207,0,6,7,9,0,50,50
1911,castlewall,3206,3207,1,6,7,9,0,50,50
1913,castlebattlements,3206,3207,2,6,7,9,0,50,50
1911,castlewall,3207,3207,0,7,7,1,0,50,50
4735,short_grass_1,3207,3207,0,7,7,22,2,50,50
1911,castlewall,3207,3207,1,7,7,1,0,50,50
1913,castlebattlements,3207,3207,2,7,7,1,0,50,50
4736,short_grass_2,3208,3207,0,8,7,22,2,50,50
4737,short_grass_3,3209,3207,0,9,7,22,3,50,50
4735,short_grass_1,3210,3207,0,10,7,22,0,50,50
4737,short_grass_3,3211,3207,0,11,7,22,2,50,50
4735,short_grass_1,3212,3207,0,12,7,22,0,50,50
4735,short_grass_1,3213,3207,0,13,7,22,3,50,50
4735,short_grass_1,3214,3207,0,14,7,22,3,50,50
4735,short_grass_1,3216,3207,0,16,7,22,3,50,50
4736,short_grass_2,3218,3207,0,18,7,22,0,50,50
4735,short_grass_1,3219,3207,0,19,7,22,2,50,50
4736,short_grass_2,3220,3207,0,20,7,22,1,50,50
4735,short_grass_1,3221,3207,0,21,7,22,2,50,50
4735,short_grass_1,3222,3207,0,22,7,22,0,50,50
4735,short_grass_1,3223,3207,0,23,7,22,3,50,50
1188,redflower,3224,3207,0,24,7,10,1,50,50
1911,castlewall,3224,3207,0,24,7,1,2,50,50
1651,cross_castleedge,3224,3207,1,24,7,1,2,50,50
1911,castlewall,3225,3207,0,25,7,9,2,50,50
1651,cross_castleedge,3225,3207,1,25,7,9,2,50,50
981,gardenfencing,3226,3207,0,26,7,9,1,50,50
4738,short_grass_4,3227,3207,0,27,7,22,2,50,50
1902,brickwall,3228,3207,0,28,7,0,2,50,50
4739,short_grass_3_castle_edge,3228,3207,0,28,7,22,2,50,50
5644,roofedge_tip,3228,3207,1,28,7,0,2,50,50
3474,hanginglantern,3229,3207,0,29,7,4,0,50,50
5246,normal_bed,3229,3207,0,29,7,10,0,50,50
5640,roof_tip,3229,3207,1,29,7,10,1,50,50
917,poorrug1corner,3230,3207,0,30,7,22,3,50,50
5640,roof_tip,3230,3207,1,30,7,10,1,50,50
918,poorrug1side,3231,3207,0,31,7,22,2,50,50
5640,roof_tip,3231,3207,1,31,7,10,1,50,50
917,poorrug1corner,3232,3207,0,32,7,22,2,50,50
5640,roof_tip,3232,3207,1,32,7,10,1,50,50
5640,roof_tip,3233,3207,1,33,7,10,1,50,50
1535,poordoor,3234,3207,0,34,7,0,0,50,50
4735,short_grass_1,3234,3207,0,34,7,22,0,50,50
5644,roofedge_tip,3234,3207,1,34,7,0,0,50,50
336,dugupsoil2_grey,3236,3207,0,36,7,22,1,50,50
981,gardenfencing,3237,3207,0,37,7,3,3,50,50
4736,short_grass_2,3238,3207,0,38,7,22,3,50,50
5533,short_grass_3_wall_edge,3239,3207,0,39,7,22,2,50,50
6964,brickwall_churchwindow2,3239,3207,0,39,7,4,2,50,50
6966,brickwall_church_frame,3239,3207,0,39,7,0,2,50,50
5662,roofedge_rough,3239,3207,1,39,7,18,2,50,50
1924,roof_redslate,3240,3207,1,40,7,12,2,50,50
925,rugcorner,3241,3207,0,41,7,22,0,50,50
1924,roof_redslate,3241,3207,2,41,7,12,2,50,50
5662,roofedge_rough,3241,3207,3,41,7,18,2,50,50
926,rugside,3242,3207,0,42,7,22,0,50,50
5643,roof_doublelength,3242,3207,3,42,7,10,2,50,50
409,altar,3243,3207,0,43,7,10,2,50,50
926,rugside,3243,3207,0,43,7,22,0,50,50
926,rugside,3244,3207,0,44,7,22,0,50,50
5643,roof_doublelength,3244,3207,3,44,7,10,0,50,50
926,rugside,3245,3207,0,45,7,22,0,50,50
925,rugcorner,3246,3207,0,46,7,22,1,50,50
1924,roof_redslate,3246,3207,2,46,7,12,0,50,50
5662,roofedge_rough,3246,3207,3,46,7,18,0,50,50
1924,roof_redslate,3247,3207,1,47,7,12,0,50,50
5534,short_grass_4_wall_edge,3248,3207,0,48,7,22,0,50,50
6963,brickwall_churchwindow1,3248,3207,0,48,7,4,0,50,50
6966,brickwall_church_frame,3248,3207,0,48,7,0,0,50,50
5662,roofedge_rough,3248,3207,1,48,7,18,0,50,50
4737,short_grass_3,3249,3207,0,49,7,22,1,50,50
980,fencing,3250,3207,0,50,7,0,2,50,50
4737,short_grass_3,3250,3207,0,50,7,22,0,50,50
4738,short_grass_4,3251,3207,0,51,7,22,1,50,50
4738,short_grass_4,3252,3207,0,52,7,22,2,50,50
4736,short_grass_2,3253,3207,0,53,7,22,2,50,50
4736,short_grass_2,3254,3207,0,54,7,22,3,50,50
4735,short_grass_1,3255,3207,0,55,7,22,3,50,50
38848,inviswall,3258,3207,0,58,7,9,0,50,50
44603,blankwall_no_blockrange,3261,3207,0,61,7,0,2,50,50
4735,short_grass_1,3138,3208,0,2,8,22,1,49,50
4737,short_grass_3,3139,3208,0,3,8,22,3,49,50
1189,daisys,3140,3208,0,4,8,10,0,49,50
4738,short_grass_4,3140,3208,0,4,8,22,1,49,50
4738,short_grass_4,3141,3208,0,5,8,22,3,49,50
4738,short_grass_4,3142,3208,0,6,8,22,2,49,50
4738,short_grass_4,3143,3208,0,7,8,22,3,49,50
1189,daisys,3144,3208,0,8,8,10,0,49,50
4738,short_grass_4,3144,3208,0,8,8,22,2,49,50
4737,short_grass_3,3145,3208,0,9,8,22,1,49,50
4735,short_grass_1,3146,3208,0,10,8,22,1,49,50
1392,plant2,3153,3208,0,17,8,10,3,49,50
1247,broken_twig,3154,3208,0,18,8,22,1,49,50
1393,plant3,3156,3208,0,20,8,10,0,49,50
980,fencing,3157,3208,0,21,8,1,1,49,50
980,fencing,3158,3208,0,22,8,9,1,49,50
1276,tree,3161,3208,0,25,8,10,1,49,50
1247,broken_twig,3162,3208,0,26,8,22,2,49,50
1173,smallfern,3164,3208,0,28,8,10,0,49,50
1247,broken_twig,3165,3208,0,29,8,22,0,49,50
1247,broken_twig,3166,3208,0,30,8,22,0,49,50
1278,tree2,3169,3208,0,33,8,10,0,49,50
4735,short_grass_1,3170,3208,0,34,8,22,0,49,50
4735,short_grass_1,3171,3208,0,35,8,22,2,49,50
4735,short_grass_1,3172,3208,0,36,8,22,2,49,50
4735,short_grass_1,3173,3208,0,37,8,22,3,49,50
4735,short_grass_1,3174,3208,0,38,8,22,3,49,50
1276,tree,3177,3208,0,41,8,10,1,49,50
1247,broken_twig,3178,3208,0,42,8,22,1,49,50
4735,short_grass_1,3186,3208,0,50,8,22,2,49,50
1276,tree,3188,3208,0,52,8,10,1,49,50
321,dugupsoil3_light,3189,3208,0,53,8,22,2,49,50
321,dugupsoil3_light,3190,3208,0,54,8,22,3,49,50
5613,ratbarrow,3190,3208,0,54,8,10,3,49,50
321,dugupsoil3_light,3191,3208,0,55,8,22,1,49,50
320,dugupsoil2_light,3192,3208,0,56,8,22,2,49,50
4736,short_grass_2,3193,3208,0,57,8,22,0,49,50
1189,daisys,3194,3208,0,58,8,10,3,49,50
4737,short_grass_3,3194,3208,0,58,8,22,3,49,50
4737,short_grass_3,3195,3208,0,59,8,22,2,49,50
4736,short_grass_2,3196,3208,0,60,8,22,2,49,50
4735,short_grass_1,3197,3208,0,61,8,22,0,49,50
4735,short_grass_1,3199,3208,0,63,8,22,1,49,50
1911,castlewall,3200,3208,0,0,8,3,1,50,50
1938,castlearrowslit,3200,3208,0,0,8,4,2,50,50
4735,short_grass_1,3200,3208,0,0,8,22,2,50,50
1913,castlebattlements,3200,3208,1,0,8,3,1,50,50
1646,oldcastlearrowslit,3201,3208,0,1,8,5,0,50,50
1911,castlewall,3201,3208,0,1,8,0,0,50,50
1651,cross_castleedge,3201,3208,1,1,8,0,0,50,50
1911,castlewall,3203,3208,0,3,8,0,2,50,50
4740,short_grass_4_castle_edge,3203,3208,0,3,8,22,2,50,50
1911,castlewall,3203,3208,1,3,8,0,2,50,50
1913,castlebattlements,3203,3208,2,3,8,0,2,50,50
5603,floor_depth5_grey,3204,3208,1,4,8,22,1,50,50
5603,floor_depth5_grey,3204,3208,2,4,8,22,1,50,50
1248,sticks_twigs,3205,3208,0,5,8,22,2,50,50
5601,floor_depth3_grey,3205,3208,1,5,8,22,3,50,50
56231,spiralstairstop_3,3205,3208,2,5,8,10,3,50,50
770,floor_depth2_grey,3206,3208,2,6,8,22,3,50,50
1911,castlewall,3207,3208,0,7,8,2,0,50,50
4742,short_grass_4_castle_corner,3207,3208,0,7,8,22,1,50,50
1911,castlewall,3207,3208,1,7,8,2,0,50,50
1913,castlebattlements,3207,3208,2,7,8,2,0,50,50
1911,castlewall,3208,3208,0,8,8,0,1,50,50
1938,castlearrowslit,3208,3208,0,8,8,5,1,50,50
4740,short_grass_4_castle_edge,3208,3208,0,8,8,22,1,50,50
1913,castlebattlements,3208,3208,1,8,8,0,1,50,50
1911,castlewall,3209,3208,0,9,8,0,1,50,50
4741,short_grass_4_castle_edge2,3209,3208,0,9,8,22,1,50,50
1913,castlebattlements,3209,3208,1,9,8,0,1,50,50
1911,castlewall,3210,3208,0,10,8,0,1,50,50
4739,short_grass_3_castle_edge,3210,3208,0,10,8,22,1,50,50
1913,castlebattlements,3210,3208,1,10,8,0,1,50,50
1911,castlewall,3211,3208,0,11,8,0,1,50,50
1938,castlearrowslit,3211,3208,0,11,8,5,1,50,50
4739,short_grass_3_castle_edge,3211,3208,0,11,8,22,1,50,50
1913,castlebattlements,3211,3208,1,11,8,0,1,50,50
1911,castlewall,3212,3208,0,12,8,0,1,50,50
4741,short_grass_4_castle_edge2,3212,3208,0,12,8,22,1,50,50
1913,castlebattlements,3212,3208,1,12,8,0,1,50,50
1911,castlewall,3213,3208,0,13,8,0,1,50,50
4740,short_grass_4_castle_edge,3213,3208,0,13,8,22,1,50,50
1913,castlebattlements,3213,3208,1,13,8,0,1,50,50
1911,castlewall,3214,3208,0,14,8,0,1,50,50
1938,castlearrowslit,3214,3208,0,14,8,5,1,50,50
4741,short_grass_4_castle_edge2,3214,3208,0,14,8,22,1,50,50
1913,castlebattlements,3214,3208,1,14,8,0,1,50,50
1911,castlewall,3215,3208,0,15,8,1,0,50,50
4735,short_grass_1,3215,3208,0,15,8,22,2,50,50
1913,castlebattlements,3215,3208,1,15,8,1,0,50,50
4735,short_grass_1,3221,3208,0,21,8,22,3,50,50
4735,short_grass_1,3222,3208,0,22,8,22,0,50,50
1911,castlewall,3225,3208,0,25,8,1,2,50,50
1651,cross_castleedge,3225,3208,1,25,8,1,2,50,50
1911,castlewall,3226,3208,0,26,8,9,2,50,50
1651,cross_castleedge,3226,3208,1,26,8,9,2,50,50
4738,short_grass_4,3227,3208,0,27,8,22,3,50,50
1902,brickwall,3228,3208,0,28,8,0,2,50,50
4740,short_grass_4_castle_edge,3228,3208,0,28,8,22,2,50,50
5653,roofedge_all,3228,3208,1,28,8,0,2,50,50
890,painting2_king,3229,3208,0,29,8,4,1,50,50
1924,roof_redslate,3229,3208,1,29,8,12,3,50,50
917,poorrug1corner,3230,3208,0,30,8,22,0,50,50
1821,window,3230,3208,0,30,8,4,1,50,50
1924,roof_redslate,3230,3208,1,30,8,12,3,50,50
918,poorrug1side,3231,3208,0,31,8,22,0,50,50
1924,roof_redslate,3231,3208,1,31,8,12,3,50,50
917,poorrug1corner,3232,3208,0,32,8,22,1,50,50
1821,window,3232,3208,0,32,8,4,1,50,50
1924,roof_redslate,3232,3208,1,32,8,12,3,50,50
604,table4,3233,3208,0,33,8,10,3,50,50
1924,roof_redslate,3233,3208,1,33,8,12,3,50,50
1902,brickwall,3234,3208,0,34,8,0,0,50,50
3474,hanginglantern,3234,3208,0,34,8,5,0,50,50
5533,short_grass_3_wall_edge,3234,3208,0,34,8,22,0,50,50
5651,roofedge_al,3234,3208,1,34,8,0,0,50,50
1902,brickwall,3238,3208,0,38,8,0,1,50,50
5533,short_grass_3_wall_edge,3238,3208,0,38,8,22,1,50,50
5662,roofedge_rough,3238,3208,1,38,8,18,1,50,50
1902,brickwall,3239,3208,0,39,8,2,1,50,50
5535,short_grass_4_wall_corner,3239,3208,0,39,8,22,2,50,50
1790,roofedge_redslate,3239,3208,1,39,8,20,1,50,50
3474,hanginglantern,3240,3208,0,40,8,4,0,50,50
1924,roof_redslate,3240,3208,1,40,8,12,2,50,50
1924,roof_redslate,3241,3208,2,41,8,12,2,50,50
5662,roofedge_rough,3241,3208,3,41,8,18,2,50,50
5643,roof_doublelength,3242,3208,3,42,8,10,2,50,50
925,rugcorner,3243,3208,0,43,8,22,3,50,50
925,rugcorner,3244,3208,0,44,8,22,2,50,50
5643,roof_doublelength,3244,3208,3,44,8,10,0,50,50
2752,altar_icon,3245,3208,0,45,8,22,1,50,50
688,brokenfloorboards3,3246,3208,0,46,8,22,1,50,50
1924,roof_redslate,3246,3208,2,46,8,12,0,50,50
5662,roofedge_rough,3246,3208,3,46,8,18,0,50,50
3474,hanginglantern,3247,3208,0,47,8,4,2,50,50
1924,roof_redslate,3247,3208,1,47,8,12,0,50,50
1902,brickwall,3248,3208,0,48,8,0,0,50,50
5533,short_grass_3_wall_edge,3248,3208,0,48,8,22,0,50,50
5663,roofedge_rough2,3248,3208,1,48,8,18,0,50,50
4736,short_grass_2,3249,3208,0,49,8,22,1,50,50
980,fencing,3250,3208,0,50,8,0,2,50,50
1174,thistle,3250,3208,0,50,8,10,0,50,50
4735,short_grass_1,3250,3208,0,50,8,22,2,50,50
4738,short_grass_4,3251,3208,0,51,8,22,2,50,50
4738,short_grass_4,3252,3208,0,52,8,22,2,50,50
4737,short_grass_3,3253,3208,0,53,8,22,1,50,50
4735,short_grass_1,3254,3208,0,54,8,22,3,50,50
4735,short_grass_1,3255,3208,0,55,8,22,0,50,50
38848,inviswall,3258,3208,0,58,8,9,3,50,50
44603,blankwall_no_blockrange,3261,3208,0,61,8,0,2,50,50
4735,short_grass_1,3138,3209,0,2,9,22,2,49,50
4735,short_grass_1,3139,3209,0,3,9,22,2,49,50
4736,short_grass_2,3140,3209,0,4,9,22,0,49,50
4737,short_grass_3,3141,3209,0,5,9,22,3,49,50
4738,short_grass_4,3142,3209,0,6,9,22,3,49,50
4738,short_grass_4,3143,3209,0,7,9,22,1,49,50
4738,short_grass_4,3144,3209,0,8,9,22,1,49,50
4737,short_grass_3,3145,3209,0,9,9,22,1,49,50
1392,plant2,3150,3209,0,14,9,10,3,49,50
1247,broken_twig,3153,3209,0,17,9,22,3,49,50
1247,broken_twig,3154,3209,0,18,9,22,0,49,50
980,fencing,3156,3209,0,20,9,1,1,49,50
4736,short_grass_2,3156,3209,0,20,9,22,3,49,50
980,fencing,3157,3209,0,21,9,9,1,49,50
4736,short_grass_2,3157,3209,0,21,9,22,2,49,50
1276,tree,3158,3209,0,22,9,10,2,49,50
1247,broken_twig,3159,3209,0,23,9,22,2,49,50
1247,broken_twig,3161,3209,0,25,9,22,3,49,50
4735,short_grass_1,3168,3209,0,32,9,22,0,49,50
4735,short_grass_1,3169,3209,0,33,9,22,1,49,50
4735,short_grass_1,3170,3209,0,34,9,22,3,49,50
4735,short_grass_1,3171,3209,0,35,9,22,1,49,50
4737,short_grass_3,3172,3209,0,36,9,22,2,49,50
4735,short_grass_1,3173,3209,0,37,9,22,0,49,50
4735,short_grass_1,3174,3209,0,38,9,22,2,49,50
1189,daisys,3175,3209,0,39,9,10,0,49,50
4735,short_grass_1,3175,3209,0,39,9,22,1,49,50
1247,broken_twig,3177,3209,0,41,9,22,2,49,50
1247,broken_twig,3178,3209,0,42,9,22,3,49,50
1276,tree,3184,3209,0,48,9,10,2,49,50
1247,broken_twig,3185,3209,0,49,9,22,3,49,50
1247,broken_twig,3188,3209,0,52,9,22,3,49,50
321,dugupsoil3_light,3189,3209,0,53,9,22,1,49,50
321,dugupsoil3_light,3190,3209,0,54,9,22,2,49,50
320,dugupsoil2_light,3191,3209,0,55,9,22,3,49,50
4735,short_grass_1,3192,3209,0,56,9,22,3,49,50
4735,short_grass_1,3193,3209,0,57,9,22,2,49,50
4737,short_grass_3,3194,3209,0,58,9,22,3,49,50
4738,short_grass_4,3195,3209,0,59,9,22,0,49,50
4737,short_grass_3,3196,3209,0,60,9,22,1,49,50
1276,tree,3197,3209,0,61,9,10,0,49,50
1247,broken_twig,3198,3209,0,62,9,22,0,49,50
4735,short_grass_1,3199,3209,0,63,9,22,3,49,50
4735,short_grass_1,3200,3209,0,0,9,22,3,50,50
1911,castlewall,3201,3209,0,1,9,0,0,50,50
1651,cross_castleedge,3201,3209,1,1,9,0,0,50,50
1911,castlewall,3203,3209,0,3,9,1,2,50,50
1911,castlewall,3203,3209,1,3,9,1,2,50,50
1913,castlebattlements,3203,3209,2,3,9,1,2,50,50
1911,castlewall,3204,3209,0,4,9,9,2,50,50
1911,castlewall,3204,3209,1,4,9,9,2,50,50
1913,castlebattlements,3204,3209,2,4,9,9,2,50,50
1911,castlewall,3207,3209,1,7,9,0,2,50,50
1913,castlebattlements,3207,3209,2,7,9,0,2,50,50
1938,castlearrowslit,3208,3209,0,8,9,4,3,50,50
840,wallshield,3208,3209,1,8,9,4,0,50,50
196,torch,3210,3209,0,10,9,4,3,50,50
1938,castlearrowslit,3211,3209,0,11,9,4,3,50,50
357,crate2_old,3211,3209,1,11,9,10,1,50,50
196,torch,3212,3209,0,12,9,4,3,50,50
1938,castlearrowslit,3214,3209,0,14,9,4,3,50,50
1911,castlewall,3215,3209,0,15,9,9,0,50,50
1913,castlebattlements,3215,3209,1,15,9,9,0,50,50
1911,castlewall,3216,3209,0,16,9,1,0,50,50
1913,castlebattlements,3216,3209,1,16,9,1,0,50,50
336,dugupsoil2_grey,3221,3209,0,21,9,22,2,50,50
326,dugupsoil3_light2,3226,3209,0,26,9,22,1,50,50
1911,castlewall,3226,3209,0,26,9,0,2,50,50
1651,cross_castleedge,3226,3209,1,26,9,0,2,50,50
1911,castlewall,3227,3209,0,27,9,3,3,50,50
4738,short_grass_4,3227,3209,0,27,9,22,0,50,50
1913,castlebattlements,3227,3209,1,27,9,3,3,50,50
1902,brickwall,3228,3209,0,28,9,1,2,50,50
4736,short_grass_2,3228,3209,0,28,9,22,0,50,50
5648,roofedge_endr,3228,3209,1,28,9,21,2,50,50
1902,brickwall,3229,3209,0,29,9,0,3,50,50
4740,short_grass_4_castle_edge,3229,3209,0,29,9,22,3,50,50
5662,roofedge_rough,3229,3209,1,29,9,18,3,50,50
1821,window,3230,3209,0,30,9,5,3,50,50
1902,brickwall,3230,3209,0,30,9,0,3,50,50
4739,short_grass_3_castle_edge,3230,3209,0,30,9,22,3,50,50
5663,roofedge_rough2,3230,3209,1,30,9,18,3,50,50
1393,plant3,3231,3209,0,31,9,10,2,50,50
1902,brickwall,3231,3209,0,31,9,0,3,50,50
4740,short_grass_4_castle_edge,3231,3209,0,31,9,22,3,50,50
5662,roofedge_rough,3231,3209,1,31,9,18,3,50,50
1821,window,3232,3209,0,32,9,5,3,50,50
1902,brickwall,3232,3209,0,32,9,0,3,50,50
4739,short_grass_3_castle_edge,3232,3209,0,32,9,22,3,50,50
5662,roofedge_rough,3232,3209,1,32,9,18,3,50,50
1902,brickwall,3233,3209,0,33,9,0,3,50,50
4740,short_grass_4_castle_edge,3233,3209,0,33,9,22,3,50,50
5663,roofedge_rough2,3233,3209,1,33,9,18,3,50,50
1902,brickwall,3234,3209,0,34,9,1,3,50,50
4736,short_grass_2,3234,3209,0,34,9,22,1,50,50
5647,roofedge_endl,3234,3209,1,34,9,21,3,50,50
336,dugupsoil2_grey,3235,3209,0,35,9,22,3,50,50
14881,lantern_off,3237,3209,0,37,9,4,2,50,50
925,rugcorner,3238,3209,0,38,9,22,3,50,50
1902,brickwall,3238,3209,0,38,9,0,0,50,50
3474,hanginglantern,3238,3209,0,38,9,4,0,50,50
1924,roof_redslate,3238,3209,1,38,9,12,1,50,50
925,rugcorner,3239,3209,0,39,9,22,2,50,50
1924,roof_redslate,3239,3209,1,39,9,12,1,50,50
1924,roof_redslate,3240,3209,1,40,9,15,1,50,50
5788,pew_lumbridge,3241,3209,0,41,9,10,0,50,50
1924,roof_redslate,3241,3209,2,41,9,12,2,50,50
5663,roofedge_rough2,3241,3209,3,41,9,18,2,50,50
5643,roof_doublelength,3242,3209,3,42,9,10,2,50,50
926,rugside,3243,3209,0,43,9,22,3,50,50
926,rugside,3244,3209,0,44,9,22,1,50,50
5643,roof_doublelength,3244,3209,3,44,9,10,0,50,50
5788,pew_lumbridge,3245,3209,0,45,9,10,0,50,50
1924,roof_redslate,3246,3209,2,46,9,12,0,50,50
5663,roofedge_rough2,3246,3209,3,46,9,18,0,50,50
1924,roof_redslate,3247,3209,1,47,9,12,0,50,50
5536,short_grass_wall_edge_2,3248,3209,0,48,9,22,1,50,50
6964,brickwall_churchwindow2,3248,3209,0,48,9,4,0,50,50
6966,brickwall_church_frame,3248,3209,0,48,9,0,0,50,50
5662,roofedge_rough,3248,3209,1,48,9,18,0,50,50
4735,short_grass_1,3249,3209,0,49,9,22,2,50,50
980,fencing,3250,3209,0,50,9,0,2,50,50
4737,short_grass_3,3250,3209,0,50,9,22,3,50,50
4738,short_grass_4,3251,3209,0,51,9,22,3,50,50
4738,short_grass_4,3252,3209,0,52,9,22,1,50,50
4736,short_grass_2,3253,3209,0,53,9,22,1,50,50
4735,short_grass_1,3254,3209,0,54,9,22,0,50,50
44603,blankwall_no_blockrange,3258,3209,0,58,9,0,0,50,50
44603,blankwall_no_blockrange,3262,3209,0,62,9,9,2,50,50
1247,broken_twig,3136,3210,0,0,10,22,3,49,50
4735,short_grass_1,3138,3210,0,2,10,22,1,49,50
4735,short_grass_1,3139,3210,0,3,10,22,0,49,50
4737,short_grass_3,3141,3210,0,5,10,22,3,49,50
4738,short_grass_4,3142,3210,0,6,10,22,1,49,50
4738,short_grass_4,3143,3210,0,7,10,22,0,49,50
4738,short_grass_4,3144,3210,0,8,10,22,0,49,50
4736,short_grass_2,3145,3210,0,9,10,22,1,49,50
4735,short_grass_1,3146,3210,0,10,10,22,0,49,50
1246,full_twig,3150,3210,0,14,10,22,1,49,50
980,fencing,3155,3210,0,19,10,1,1,49,50
4736,short_grass_2,3155,3210,0,19,10,22,3,49,50
980,fencing,3156,3210,0,20,10,9,1,49,50
4738,short_grass_4,3156,3210,0,20,10,22,1,49,50
4736,short_grass_2,3157,3210,0,21,10,22,1,49,50
1247,broken_twig,3158,3210,0,22,10,22,1,49,50
4735,short_grass_1,3167,3210,0,31,10,22,1,49,50
4736,short_grass_2,3168,3210,0,32,10,22,3,49,50
4737,short_grass_3,3169,3210,0,33,10,22,3,49,50
4738,short_grass_4,3170,3210,0,34,10,22,1,49,50
4736,short_grass_2,3171,3210,0,35,10,22,3,49,50
1298,fern,3172,3210,0,36,10,11,0,49,50
4738,short_grass_4,3172,3210,0,36,10,22,2,49,50
4736,short_grass_2,3173,3210,0,37,10,22,3,49,50
4737,short_grass_3,3174,3210,0,38,10,22,2,49,50
4737,short_grass_3,3175,3210,0,39,10,22,2,49,50
4736,short_grass_2,3176,3210,0,40,10,22,2,49,50
4735,short_grass_1,3177,3210,0,41,10,22,3,49,50
1247,broken_twig,3184,3210,0,48,10,22,0,49,50
321,dugupsoil3_light,3188,3210,0,52,10,22,3,49,50
5613,ratbarrow,3189,3210,0,53,10,10,2,49,50
321,dugupsoil3_light,3190,3210,0,54,10,22,1,49,50
4735,short_grass_1,3191,3210,0,55,10,22,1,49,50
1189,daisys,3192,3210,0,56,10,10,0,49,50
4735,short_grass_1,3192,3210,0,56,10,22,0,49,50
4736,short_grass_2,3193,3210,0,57,10,22,3,49,50
4737,short_grass_3,3194,3210,0,58,10,22,3,49,50
4738,short_grass_4,3195,3210,0,59,10,22,0,49,50
4737,short_grass_3,3196,3210,0,60,10,22,1,49,50
1246,full_twig,3197,3210,0,61,10,22,1,49,50
1247,broken_twig,3198,3210,0,62,10,22,1,49,50
4735,short_grass_1,3199,3210,0,63,10,22,3,49,50
4736,short_grass_2,3200,3210,0,0,10,22,3,50,50
1911,castlewall,3201,3210,0,1,10,0,0,50,50
1651,cross_castleedge,3201,3210,1,1,10,0,0,50,50
4737,short_grass_3,3203,3210,0,3,10,22,0,50,50
1911,castlewall,3204,3210,0,4,10,0,2,50,50
4740,short_grass_4_castle_edge,3204,3210,0,4,10,22,2,50,50
840,wallshield,3204,3210,1,4,10,5,2,50,50
1911,castlewall,3204,3210,1,4,10,0,2,50,50
1913,castlebattlements,3204,3210,2,4,10,0,2,50,50
362,barrel,3205,3210,0,5,10,10,2,50,50
1911,castlewall,3205,3210,0,5,10,0,3,50,50
1248,sticks_twigs,3207,3210,0,7,10,22,1,50,50
1535,poordoor,3207,3210,1,7,10,0,2,50,50
1913,castlebattlements,3207,3210,2,7,10,0,2,50,50
827,damagedarmour3,3210,3210,1,10,10,22,2,50,50
1248,sticks_twigs,3214,3210,0,14,10,22,0,50,50
1247,broken_twig,3214,3210,1,14,10,22,1,50,50
1911,castlewall,3216,3210,0,16,10,9,0,50,50
1913,castlebattlements,3216,3210,1,16,10,9,0,50,50
1911,castlewall,3217,3210,0,17,10,1,0,50,50
1913,castlebattlements,3217,3210,1,17,10,1,0,50,50
336,dugupsoil2_grey,3220,3210,0,20,10,22,2,50,50
879,fountain,3221,3210,0,21,10,10,0,50,50
336,dugupsoil2_grey,3223,3210,0,23,10,22,0,50,50
37440,league_tutor_icon,3224,3210,0,24,10,22,0,50,50
1187,blueflower,3226,3210,0,26,10,10,3,50,50
1646,oldcastlearrowslit,3226,3210,0,26,10,5,2,50,50
1911,castlewall,3226,3210,0,26,10,0,2,50,50
1651,cross_castleedge,3226,3210,1,26,10,0,2,50,50
1938,castlearrowslit,3227,3210,0,27,10,4,0,50,50
4738,short_grass_4,3227,3210,0,27,10,22,1,50,50
4737,short_grass_3,3228,3210,0,28,10,22,0,50,50
4736,short_grass_2,3229,3210,0,29,10,22,0,50,50
4737,short_grass_3,3230,3210,0,30,10,22,0,50,50
4737,short_grass_3,3231,3210,0,31,10,22,1,50,50
4737,short_grass_3,3232,3210,0,32,10,22,2,50,50
4736,short_grass_2,3233,3210,0,33,10,22,1,50,50
4736,short_grass_2,3235,3210,0,35,10,22,3,50,50
4736,short_grass_2,3236,3210,0,36,10,22,2,50,50
336,dugupsoil2_grey,3237,3210,0,37,10,22,1,50,50
926,rugside,3238,3210,0,38,10,22,3,50,50
1540,poshdoor,3238,3210,0,38,10,0,0,50,50
1924,roof_redslate,3238,3210,1,38,10,17,3,50,50
926,rugside,3239,3210,0,39,10,22,1,50,50
1924,roof_redslate,3239,3210,1,39,10,17,3,50,50
1924,roof_redslate,3240,3210,1,40,10,17,3,50,50
42758,quest_start_icon_restlessghost,3241,3210,0,41,10,22,0,50,50
1924,roof_redslate,3241,3210,2,41,10,12,2,50,50
5662,roofedge_rough,3241,3210,3,41,10,18,2,50,50
5643,roof_doublelength,3242,3210,3,42,10,10,2,50,50
926,rugside,3243,3210,0,43,10,22,3,50,50
926,rugside,3244,3210,0,44,10,22,1,50,50
5643,roof_doublelength,3244,3210,3,44,10,10,0,50,50
1924,roof_redslate,3246,3210,2,46,10,12,0,50,50
5662,roofedge_rough,3246,3210,3,46,10,18,0,50,50
3474,hanginglantern,3247,3210,0,47,10,4,2,50,50
1924,roof_redslate,3247,3210,1,47,10,12,0,50,50
1902,brickwall,3248,3210,0,48,10,0,0,50,50
5536,short_grass_wall_edge_2,3248,3210,0,48,10,22,2,50,50
5662,roofedge_rough,3248,3210,1,48,10,18,0,50,50
4735,short_grass_1,3249,3210,0,49,10,22,2,50,50
980,fencing,3250,3210,0,50,10,0,2,50,50
4736,short_grass_2,3250,3210,0,50,10,22,0,50,50
4737,short_grass_3,3251,3210,0,51,10,22,0,50,50
4736,short_grass_2,3252,3210,0,52,10,22,1,50,50
4735,short_grass_1,3253,3210,0,53,10,22,1,50,50
44603,blankwall_no_blockrange,3257,3210,0,57,10,9,1,50,50
44603,blankwall_no_blockrange,3262,3210,0,62,10,0,2,50,50
4735,short_grass_1,3139,3211,0,3,11,22,2,49,50
4735,short_grass_1,3140,3211,0,4,11,22,3,49,50
4737,short_grass_3,3141,3211,0,5,11,22,3,49,50
1189,daisys,3142,3211,0,6,11,10,2,49,50
4738,short_grass_4,3142,3211,0,6,11,22,3,49,50
4737,short_grass_3,3143,3211,0,7,11,22,0,49,50
4737,short_grass_3,3144,3211,0,8,11,22,0,49,50
4735,short_grass_1,3145,3211,0,9,11,22,3,49,50
1189,daisys,3153,3211,0,17,11,10,2,49,50
980,fencing,3154,3211,0,18,11,1,1,49,50
4736,short_grass_2,3154,3211,0,18,11,22,3,49,50
980,fencing,3155,3211,0,19,11,9,1,49,50
4738,short_grass_4,3155,3211,0,19,11,22,1,49,50
4736,short_grass_2,3156,3211,0,20,11,22,1,49,50
1124,bush1,3157,3211,0,21,11,10,1,49,50
1189,daisys,3162,3211,0,26,11,10,3,49,50
1278,tree2,3165,3211,0,29,11,10,1,49,50
1247,broken_twig,3166,3211,0,30,11,22,1,49,50
4735,short_grass_1,3167,3211,0,31,11,22,1,49,50
1174,thistle,3168,3211,0,32,11,10,2,49,50
4736,short_grass_2,3168,3211,0,32,11,22,0,49,50
4737,short_grass_3,3169,3211,0,33,11,22,3,49,50
4738,short_grass_4,3170,3211,0,34,11,22,0,49,50
1174,thistle,3171,3211,0,35,11,10,3,49,50
4738,short_grass_4,3171,3211,0,35,11,22,2,49,50
4738,short_grass_4,3172,3211,0,36,11,22,0,49,50
4738,short_grass_4,3173,3211,0,37,11,22,0,49,50
4738,short_grass_4,3174,3211,0,38,11,22,0,49,50
4738,short_grass_4,3175,3211,0,39,11,22,1,49,50
4737,short_grass_3,3176,3211,0,40,11,22,1,49,50
4736,short_grass_2,3177,3211,0,41,11,22,2,49,50
4735,short_grass_1,3178,3211,0,42,11,22,2,49,50
320,dugupsoil2_light,3188,3211,0,52,11,22,2,49,50
321,dugupsoil3_light,3189,3211,0,53,11,22,0,49,50
320,dugupsoil2_light,3190,3211,0,54,11,22,0,49,50
4736,short_grass_2,3191,3211,0,55,11,22,3,49,50
4736,short_grass_2,3192,3211,0,56,11,22,2,49,50
4736,short_grass_2,3193,3211,0,57,11,22,0,49,50
4737,short_grass_3,3194,3211,0,58,11,22,3,49,50
4738,short_grass_4,3195,3211,0,59,11,22,0,49,50
4737,short_grass_3,3196,3211,0,60,11,22,1,49,50
4735,short_grass_1,3197,3211,0,61,11,22,3,49,50
4735,short_grass_1,3199,3211,0,63,11,22,3,49,50
4737,short_grass_3,3200,3211,0,0,11,22,3,50,50
1911,castlewall,3201,3211,0,1,11,0,0,50,50
1651,cross_castleedge,3201,3211,1,1,11,0,0,50,50
4735,short_grass_1,3203,3211,0,3,11,22,3,50,50
1911,castlewall,3204,3211,0,4,11,0,2,50,50
1938,castlearrowslit,3204,3211,0,4,11,5,2,50,50
4741,short_grass_4_castle_edge2,3204,3211,0,4,11,22,2,50,50
1911,castlewall,3204,3211,1,4,11,0,2,50,50
1913,castlebattlements,3204,3211,2,4,11,0,2,50,50
362,barrel,3205,3211,0,5,11,10,2,50,50
1911,castlewall,3205,3211,0,5,11,0,1,50,50
1938,castlearrowslit,3205,3211,0,5,11,4,0,50,50
1911,castlewall,3206,3211,0,6,11,0,1,50,50
196,torch,3207,3211,0,7,11,5,1,50,50
1911,castlewall,3207,3211,0,7,11,0,1,50,50
1911,castlewall,3207,3211,1,7,11,0,2,50,50
1913,castlebattlements,3207,3211,2,7,11,0,2,50,50
25637,qip_cook_door,3208,3211,0,8,11,0,0,50,50
1247,broken_twig,3208,3211,1,8,11,22,0,50,50
1911,castlewall,3208,3211,1,8,11,0,1,50,50
1913,castlebattlements,3208,3211,2,8,11,0,1,50,50
196,torch,3209,3211,0,9,11,5,1,50,50
1911,castlewall,3209,3211,0,9,11,0,1,50,50
1911,castlewall,3209,3211,1,9,11,0,1,50,50
1913,castlebattlements,3209,3211,2,9,11,0,1,50,50
1911,castlewall,3210,3211,0,10,11,0,1,50,50
5556,hanging_tapestry2,3210,3211,0,10,11,5,1,50,50
1911,castlewall,3210,3211,1,10,11,0,1,50,50
1938,castlearrowslit,3210,3211,1,10,11,5,1,50,50
1913,castlebattlements,3210,3211,2,10,11,0,1,50,50
196,torch,3211,3211,0,11,11,5,1,50,50
1248,sticks_twigs,3211,3211,0,11,11,22,1,50,50
1911,castlewall,3211,3211,0,11,11,0,1,50,50
1911,castlewall,3211,3211,1,11,11,0,1,50,50
1913,castlebattlements,3211,3211,2,11,11,0,1,50,50
1911,castlewall,3212,3211,0,12,11,0,1,50,50
5556,hanging_tapestry2,3212,3211,0,12,11,5,1,50,50
1911,castlewall,3212,3211,1,12,11,0,1,50,50
1913,castlebattlements,3212,3211,2,12,11,0,1,50,50
196,torch,3213,3211,0,13,11,5,1,50,50
1911,castlewall,3213,3211,0,13,11,0,1,50,50
1911,castlewall,3213,3211,1,13,11,1,0,50,50
1913,castlebattlements,3213,3211,2,13,11,1,0,50,50
1911,castlewall,3214,3211,0,14,11,0,1,50,50
5556,hanging_tapestry2,3214,3211,0,14,11,5,1,50,50
1248,sticks_twigs,3216,3211,0,16,11,22,3,50,50
1911,castlewall,3216,3211,0,16,11,0,1,50,50
1938,castlearrowslit,3216,3211,0,16,11,4,2,50,50
1911,castlewall,3217,3211,0,17,11,0,0,50,50
1938,castlearrowslit,3217,3211,0,17,11,5,0,50,50
1913,castlebattlements,3217,3211,1,17,11,0,0,50,50
2771,water_source_icon,3222,3211,0,22,11,22,0,50,50
336,dugupsoil2_grey,3223,3211,0,23,11,22,0,50,50
4735,short_grass_1,3224,3211,0,24,11,22,2,50,50
326,dugupsoil3_light2,3226,3211,0,26,11,22,0,50,50
1196,rareflowers_blue,3226,3211,0,26,11,10,3,50,50
1911,castlewall,3226,3211,0,26,11,0,2,50,50
1651,cross_castleedge,3226,3211,1,26,11,0,2,50,50
1911,castlewall,3227,3211,0,27,11,1,1,50,50
4738,short_grass_4,3227,3211,0,27,11,22,2,50,50
1911,castlewall,3227,3211,1,27,11,1,1,50,50
1913,castlebattlements,3227,3211,2,27,11,1,1,50,50
1911,castlewall,3228,3211,0,28,11,0,1,50,50
4741,short_grass_4_castle_edge2,3228,3211,0,28,11,22,1,50,50
1911,castlewall,3228,3211,1,28,11,0,1,50,50
1913,castlebattlements,3228,3211,2,28,11,0,1,50,50
1393,plant3,3229,3211,0,29,11,10,2,50,50
1911,castlewall,3229,3211,0,29,11,0,1,50,50
4739,short_grass_3_castle_edge,3229,3211,0,29,11,22,1,50,50
1911,castlewall,3229,3211,1,29,11,0,1,50,50
1938,castlearrowslit,3229,3211,1,29,11,5,1,50,50
1913,castlebattlements,3229,3211,2,29,11,0,1,50,50
1911,castlewall,3230,3211,0,30,11,1,0,50,50
4736,short_grass_2,3230,3211,0,30,11,22,1,50,50
1911,castlewall,3230,3211,1,30,11,1,0,50,50
1913,castlebattlements,3230,3211,2,30,11,1,0,50,50
4735,short_grass_1,3231,3211,0,31,11,22,3,50,50
4735,short_grass_1,3232,3211,0,32,11,22,2,50,50
1189,daisys,3233,3211,0,33,11,10,0,50,50
336,dugupsoil2_grey,3234,3211,0,34,11,22,3,50,50
4736,short_grass_2,3235,3211,0,35,11,22,0,50,50
4736,short_grass_2,3236,3211,0,36,11,22,1,50,50
14881,lantern_off,3237,3211,0,37,11,4,2,50,50
925,rugcorner,3238,3211,0,38,11,22,0,50,50
1902,brickwall,3238,3211,0,38,11,0,0,50,50
3474,hanginglantern,3238,3211,0,38,11,4,0,50,50
1924,roof_redslate,3238,3211,1,38,11,12,3,50,50
925,rugcorner,3239,3211,0,39,11,22,1,50,50
1924,roof_redslate,3239,3211,1,39,11,12,3,50,50
1924,roof_redslate,3240,3211,1,40,11,15,2,50,50
5788,pew_lumbridge,3241,3211,0,41,11,10,0,50,50
1924,roof_redslate,3241,3211,2,41,11,12,2,50,50
5662,roofedge_rough,3241,3211,3,41,11,18,2,50,50
5643,roof_doublelength,3242,3211,3,42,11,10,2,50,50
926,rugside,3243,3211,0,43,11,22,3,50,50
926,rugside,3244,3211,0,44,11,22,1,50,50
5643,roof_doublelength,3244,3211,3,44,11,10,0,50,50
5788,pew_lumbridge,3245,3211,0,45,11,10,0,50,50
1924,roof_redslate,3246,3211,2,46,11,12,0,50,50
5662,roofedge_rough,3246,3211,3,46,11,18,0,50,50
1924,roof_redslate,3247,3211,1,47,11,12,0,50,50
5533,short_grass_3_wall_edge,3248,3211,0,48,11,22,0,50,50
6963,brickwall_churchwindow1,3248,3211,0,48,11,4,0,50,50
6966,brickwall_church_frame,3248,3211,0,48,11,0,0,50,50
5663,roofedge_rough2,3248,3211,1,48,11,18,0,50,50
4736,short_grass_2,3249,3211,0,49,11,22,2,50,50
981,gardenfencing,3250,3211,0,50,11,3,2,50,50
4735,short_grass_1,3250,3211,0,50,11,22,2,50,50
4735,short_grass_1,3251,3211,0,51,11,22,1,50,50
4735,short_grass_1,3252,3211,0,52,11,22,1,50,50
4735,short_grass_1,3254,3211,0,54,11,22,0,50,50
44603,blankwall_no_blockrange,3257,3211,0,57,11,0,0,50,50
44603,blankwall_no_blockrange,3262,3211,0,62,11,0,2,50,50
1247,broken_twig,3136,3212,0,0,12,22,0,49,50
2409,leprechauntree,3138,3212,0,2,12,10,0,49,50
1246,full_twig,3139,3212,0,3,12,22,1,49,50
4735,short_grass_1,3140,3212,0,4,12,22,3,49,50
4736,short_grass_2,3141,3212,0,5,12,22,0,49,50
4738,short_grass_4,3142,3212,0,6,12,22,2,49,50
4736,short_grass_2,3143,3212,0,7,12,22,1,49,50
4735,short_grass_1,3144,3212,0,8,12,22,2,49,50
1392,plant2,3148,3212,0,12,12,10,1,49,50
1392,plant2,3151,3212,0,15,12,10,2,49,50
980,fencing,3153,3212,0,17,12,1,1,49,50
4736,short_grass_2,3153,3212,0,17,12,22,3,49,50
980,fencing,3154,3212,0,18,12,9,1,49,50
4738,short_grass_4,3154,3212,0,18,12,22,2,49,50
4736,short_grass_2,3155,3212,0,19,12,22,1,49,50
4735,short_grass_1,3156,3212,0,20,12,22,2,49,50
4735,short_grass_1,3157,3212,0,21,12,22,1,49,50
4735,short_grass_1,3158,3212,0,22,12,22,0,49,50
4735,short_grass_1,3159,3212,0,23,12,22,0,49,50
1247,broken_twig,3165,3212,0,29,12,22,1,49,50
1246,full_twig,3166,3212,0,30,12,22,0,49,50
4735,short_grass_1,3168,3212,0,32,12,22,3,49,50
4736,short_grass_2,3169,3212,0,33,12,22,0,49,50
4736,short_grass_2,3170,3212,0,34,12,22,0,49,50
4738,short_grass_4,3171,3212,0,35,12,22,3,49,50
4737,short_grass_3,3172,3212,0,36,12,22,0,49,50
4738,short_grass_4,3173,3212,0,37,12,22,3,49,50
4738,short_grass_4,3174,3212,0,38,12,22,1,49,50
1298,fern,3175,3212,0,39,12,11,1,49,50
4737,short_grass_3,3175,3212,0,39,12,22,2,49,50
4737,short_grass_3,3176,3212,0,40,12,22,1,49,50
4736,short_grass_2,3177,3212,0,41,12,22,1,49,50
4735,short_grass_1,3178,3212,0,42,12,22,1,49,50
1276,tree,3179,3212,0,43,12,10,3,49,50
1247,broken_twig,3180,3212,0,44,12,22,0,49,50
320,dugupsoil2_light,3189,3212,0,53,12,22,1,49,50
4735,short_grass_1,3190,3212,0,54,12,22,1,49,50
4736,short_grass_2,3191,3212,0,55,12,22,0,49,50
4736,short_grass_2,3192,3212,0,56,12,22,1,49,50
4735,short_grass_1,3193,3212,0,57,12,22,0,49,50
4735,short_grass_1,3194,3212,0,58,12,22,0,49,50
4737,short_grass_3,3195,3212,0,59,12,22,0,49,50
4735,short_grass_1,3196,3212,0,60,12,22,2,49,50
4736,short_grass_2,3197,3212,0,61,12,22,3,49,50
4735,short_grass_1,3198,3212,0,62,12,22,3,49,50
4737,short_grass_3,3199,3212,0,63,12,22,3,49,50
1938,castlearrowslit,3200,3212,0,0,12,4,2,50,50
4736,short_grass_2,3200,3212,0,0,12,22,0,50,50
1646,oldcastlearrowslit,3201,3212,0,1,12,5,0,50,50
1911,castlewall,3201,3212,0,1,12,0,0,50,50
1651,cross_castleedge,3201,3212,1,1,12,0,0,50,50
4737,short_grass_3,3203,3212,0,3,12,22,0,50,50
1911,castlewall,3204,3212,0,4,12,0,2,50,50
4739,short_grass_3_castle_edge,3204,3212,0,4,12,22,2,50,50
1911,castlewall,3204,3212,1,4,12,0,2,50,50
1913,castlebattlements,3204,3212,2,4,12,0,2,50,50
12961,qip_cook_crate,3205,3212,0,5,12,10,2,50,50
14875,qip_cook_kitchen_tiles_01,3205,3212,0,5,12,22,0,50,50
202,candles,3205,3212,1,5,12,10,1,50,50
14876,qip_cook_kitchen_tiles_02,3206,3212,0,6,12,22,0,50,50
196,torch,3207,3212,0,7,12,4,3,50,50
14877,qip_cook_kitchen_tiles_03,3207,3212,0,7,12,22,0,50,50
1902,brickwall,3207,3212,1,7,12,0,2,50,50
14875,qip_cook_kitchen_tiles_01,3208,3212,0,8,12,22,1,50,50
1088,chair,3208,3212,1,8,12,10,3,50,50
2768,spinningwheel_icon,3208,3212,1,8,12,22,0,50,50
824,gnomedefence1,3208,3212,2,8,12,10,2,50,50
14874,qip_cook_hangingmeat2,3209,3212,0,9,12,4,3,50,50
14876,qip_cook_kitchen_tiles_02,3209,3212,0,9,12,22,1,50,50
14889,spinningwheel,3209,3212,1,9,12,10,2,50,50
824,gnomedefence1,3209,3212,2,9,12,10,2,50,50
14873,qip_cook_hangingmeat1,3210,3212,0,10,12,4,3,50,50
14877,qip_cook_kitchen_tiles_03,3210,3212,0,10,12,22,1,50,50
1938,castlearrowslit,3210,3212,1,10,12,4,3,50,50
821,cannon,3210,3212,2,10,12,10,0,50,50
12962,qip_cook_large_table,3211,3212,0,11,12,10,0,50,50
14875,qip_cook_kitchen_tiles_01,3211,3212,0,11,12,22,2,50,50
890,painting2_king,3211,3212,1,11,12,4,3,50,50
5628,flag_lumbridge,3211,3212,2,11,12,10,0,50,50
962,noticeboard,3212,3212,0,12,12,4,3,50,50
14876,qip_cook_kitchen_tiles_02,3212,3212,0,12,12,22,2,50,50
196,torch,3212,3212,1,12,12,4,3,50,50
33158,tutor_crafting_icon,3212,3212,1,12,12,22,0,50,50
1911,castlewall,3213,3212,0,13,12,0,0,50,50
1911,castlewall,3213,3212,1,13,12,9,0,50,50
1913,castlebattlements,3213,3212,2,13,12,9,0,50,50
196,torch,3214,3212,0,14,12,4,3,50,50
1911,castlewall,3214,3212,1,14,12,1,0,50,50
1913,castlebattlements,3214,3212,2,14,12,1,0,50,50
1545,inactiveelfdoor,3215,3212,0,15,12,0,2,50,50
196,torch,3216,3212,0,16,12,4,3,50,50
1911,castlewall,3217,3212,0,17,12,0,0,50,50
1913,castlebattlements,3217,3212,1,17,12,0,0,50,50
336,dugupsoil2_grey,3221,3212,0,21,12,22,0,50,50
325,dugupsoil2_light2,3226,3212,0,26,12,22,3,50,50
1196,rareflowers_blue,3226,3212,0,26,12,10,0,50,50
1911,castlewall,3226,3212,0,26,12,0,2,50,50
1651,cross_castleedge,3226,3212,1,26,12,0,2,50,50
1913,castlebattlements,3226,3212,2,26,12,1,1,50,50
196,torch,3227,3212,0,27,12,7,1,50,50
1911,castlewall,3227,3212,0,27,12,9,1,50,50
196,torch,3227,3212,1,27,12,7,1,50,50
1911,castlewall,3227,3212,1,27,12,9,1,50,50
1913,castlebattlements,3227,3212,2,27,12,9,1,50,50
357,crate2_old,3228,3212,1,28,12,10,0,50,50
10627,treasure_trail_destination,3228,3212,1,28,12,22,0,50,50
827,damagedarmour3,3229,3212,0,29,12,22,1,50,50
767,floor_depth2,3229,3212,1,29,12,22,0,50,50
1938,castlearrowslit,3229,3212,1,29,12,4,3,50,50
196,torch,3230,3212,0,30,12,7,0,50,50
1911,castlewall,3230,3212,0,30,12,9,0,50,50
196,torch,3230,3212,1,30,12,7,0,50,50
1911,castlewall,3230,3212,1,30,12,9,0,50,50
1913,castlebattlements,3230,3212,2,30,12,9,0,50,50
1911,castlewall,3231,3212,0,31,12,1,0,50,50
4735,short_grass_1,3231,3212,0,31,12,22,0,50,50
1911,castlewall,3231,3212,1,31,12,1,0,50,50
1913,castlebattlements,3231,3212,2,31,12,1,0,50,50
4735,short_grass_1,3233,3212,0,33,12,22,0,50,50
336,dugupsoil2_grey,3235,3212,0,35,12,22,0,50,50
1902,brickwall,3238,3212,0,38,12,0,3,50,50
5533,short_grass_3_wall_edge,3238,3212,0,38,12,22,3,50,50
5663,roofedge_rough2,3238,3212,1,38,12,18,3,50,50
1902,brickwall,3239,3212,0,39,12,2,2,50,50
5535,short_grass_4_wall_corner,3239,3212,0,39,12,22,3,50,50
1790,roofedge_redslate,3239,3212,1,39,12,20,2,50,50
3474,hanginglantern,3240,3212,0,40,12,4,0,50,50
1924,roof_redslate,3240,3212,1,40,12,12,2,50,50
1924,roof_redslate,3241,3212,2,41,12,12,2,50,50
5663,roofedge_rough2,3241,3212,3,41,12,18,2,50,50
5643,roof_doublelength,3242,3212,3,42,12,10,2,50,50
926,rugside,3243,3212,0,43,12,22,3,50,50
926,rugside,3244,3212,0,44,12,22,1,50,50
5643,roof_doublelength,3244,3212,3,44,12,10,0,50,50
1924,roof_redslate,3246,3212,2,46,12,12,0,50,50
5663,roofedge_rough2,3246,3212,3,46,12,18,0,50,50
3474,hanginglantern,3247,3212,0,47,12,4,2,50,50
1924,roof_redslate,3247,3212,1,47,12,12,0,50,50
1902,brickwall,3248,3212,0,48,12,0,0,50,50
5534,short_grass_4_wall_edge,3248,3212,0,48,12,22,0,50,50
5662,roofedge_rough,3248,3212,1,48,12,18,0,50,50
4737,short_grass_3,3249,3212,0,49,12,22,1,50,50
981,gardenfencing,3250,3212,0,50,12,3,1,50,50
4735,short_grass_1,3252,3212,0,52,12,22,3,50,50
325,dugupsoil2_light2,3255,3212,0,55,12,22,2,50,50
44603,blankwall_no_blockrange,3256,3212,0,56,12,9,3,50,50
44603,blankwall_no_blockrange,3262,3212,0,62,12,0,2,50,50
1247,broken_twig,3138,3213,0,2,13,22,3,49,50
1247,broken_twig,3139,3213,0,3,13,22,1,49,50
4735,short_grass_1,3141,3213,0,5,13,22,2,49,50
4737,short_grass_3,3142,3213,0,6,13,22,0,49,50
4735,short_grass_1,3143,3213,0,7,13,22,1,49,50
981,gardenfencing,3147,3213,0,11,13,1,1,49,50
980,fencing,3148,3213,0,12,13,0,1,49,50
980,fencing,3149,3213,0,13,13,0,1,49,50
980,fencing,3150,3213,0,14,13,0,1,49,50
980,fencing,3151,3213,0,15,13,0,1,49,50
980,fencing,3152,3213,0,16,13,0,1,49,50
980,fencing,3153,3213,0,17,13,9,1,49,50
4736,short_grass_2,3154,3213,0,18,13,22,1,49,50
4735,short_grass_1,3155,3213,0,19,13,22,3,49,50
4735,short_grass_1,3156,3213,0,20,13,22,3,49,50
4737,short_grass_3,3157,3213,0,21,13,22,2,49,50
4736,short_grass_2,3158,3213,0,22,13,22,2,49,50
4735,short_grass_1,3159,3213,0,23,13,22,3,49,50
1247,broken_twig,3160,3213,0,24,13,22,3,49,50
1286,deadtree2,3161,3213,0,25,13,10,1,49,50
1247,broken_twig,3164,3213,0,28,13,22,3,49,50
1278,tree2,3164,3213,0,28,13,10,2,49,50
1246,full_twig,3165,3213,0,29,13,22,0,49,50
4735,short_grass_1,3169,3213,0,33,13,22,2,49,50
1276,tree,3170,3213,0,34,13,10,2,49,50
4736,short_grass_2,3170,3213,0,34,13,22,0,49,50
4737,short_grass_3,3171,3213,0,35,13,22,0,49,50
4736,short_grass_2,3172,3213,0,36,13,22,1,49,50
4737,short_grass_3,3173,3213,0,37,13,22,0,49,50
1298,fern,3174,3213,0,38,13,11,2,49,50
4736,short_grass_2,3174,3213,0,38,13,22,1,49,50
4738,short_grass_4,3175,3213,0,39,13,22,3,49,50
4735,short_grass_1,3176,3213,0,40,13,22,2,49,50
4735,short_grass_1,3177,3213,0,41,13,22,0,49,50
1247,broken_twig,3187,3213,0,51,13,22,0,49,50
1276,tree,3187,3213,0,51,13,10,2,49,50
1247,broken_twig,3188,3213,0,52,13,22,0,49,50
4735,short_grass_1,3189,3213,0,53,13,22,0,49,50
4735,short_grass_1,3191,3213,0,55,13,22,3,49,50
10820,oaktree,3192,3213,0,56,13,10,0,49,50
4735,short_grass_1,3193,3213,0,57,13,22,2,49,50
1247,broken_twig,3194,3213,0,58,13,22,3,49,50
4735,short_grass_1,3195,3213,0,59,13,22,1,49,50
4735,short_grass_1,3196,3213,0,60,13,22,1,49,50
4737,short_grass_3,3197,3213,0,61,13,22,3,49,50
4738,short_grass_4,3198,3213,0,62,13,22,3,49,50
5628,flag_lumbridge,3198,3213,0,62,13,10,2,49,50
4735,short_grass_1,3199,3213,0,63,13,22,3,49,50
1911,castlewall,3200,3213,0,0,13,3,1,50,50
4735,short_grass_1,3200,3213,0,0,13,22,2,50,50
1913,castlebattlements,3200,3213,1,0,13,3,1,50,50
1911,castlewall,3201,3213,0,1,13,0,0,50,50
1651,cross_castleedge,3201,3213,1,1,13,0,0,50,50
4735,short_grass_1,3203,3213,0,3,13,22,3,50,50
1911,castlewall,3204,3213,0,4,13,0,2,50,50
4741,short_grass_4_castle_edge2,3204,3213,0,4,13,22,2,50,50
12961,qip_cook_crate,3204,3213,0,4,13,10,3,50,50
1911,castlewall,3204,3213,1,4,13,0,2,50,50
1938,castlearrowslit,3204,3213,1,4,13,5,2,50,50
1913,castlebattlements,3204,3213,2,4,13,0,2,50,50
14869,qip_cook_cookingshelves,3205,3213,0,5,13,10,0,50,50
14876,qip_cook_kitchen_tiles_02,3205,3213,0,5,13,22,1,50,50
1247,broken_twig,3205,3213,1,5,13,22,3,50,50
1938,castlearrowslit,3205,3213,1,5,13,4,0,50,50
827,damagedarmour3,3205,3213,2,5,13,22,1,50,50
14877,qip_cook_kitchen_tiles_03,3206,3213,0,6,13,22,1,50,50
42755,quest_start_icon_recipefordisaster,3207,3213,0,7,13,22,2,50,50
196,torch,3207,3213,1,7,13,5,2,50,50
1902,brickwall,3207,3213,1,7,13,0,2,50,50
14876,qip_cook_kitchen_tiles_02,3208,3213,0,8,13,22,2,50,50
196,torch,3208,3213,1,8,13,4,0,50,50
362,barrel,3208,3213,2,8,13,10,0,50,50
14877,qip_cook_kitchen_tiles_03,3209,3213,0,9,13,22,2,50,50
925,rugcorner,3209,3213,1,9,13,22,3,50,50
14875,qip_cook_kitchen_tiles_01,3210,3213,0,10,13,22,3,50,50
926,rugside,3210,3213,1,10,13,22,2,50,50
1248,sticks_twigs,3210,3213,2,10,13,22,1,50,50
14876,qip_cook_kitchen_tiles_02,3211,3213,0,11,13,22,3,50,50
926,rugside,3211,3213,1,11,13,22,2,50,50
822,cannonballs,3211,3213,2,11,13,10,0,50,50
5609,potsandpans1,3212,3213,0,12,13,10,1,50,50
14877,qip_cook_kitchen_tiles_03,3212,3213,0,12,13,22,3,50,50
925,rugcorner,3212,3213,1,12,13,22,2,50,50
891,painting2_landscape,3213,3213,0,13,13,5,0,50,50
1911,castlewall,3213,3213,0,13,13,0,0,50,50
202,candles,3213,3213,1,13,13,10,1,50,50
822,cannonballs,3213,3213,2,13,13,10,3,50,50
577,gargoyle1,3214,3213,1,14,13,5,0,50,50
1911,castlewall,3214,3213,1,14,13,0,0,50,50
1913,castlebattlements,3214,3213,2,14,13,0,0,50,50
856,standard_blue3,3216,3213,1,16,13,10,3,50,50
1911,castlewall,3217,3213,0,17,13,0,0,50,50
1913,castlebattlements,3217,3213,1,17,13,0,0,50,50
336,dugupsoil2_grey,3221,3213,0,21,13,22,2,50,50
336,dugupsoil2_grey,3222,3213,0,22,13,22,1,50,50
4735,short_grass_1,3224,3213,0,24,13,22,1,50,50
325,dugupsoil2_light2,3226,3213,0,26,13,22,2,50,50
1187,blueflower,3226,3213,0,26,13,10,0,50,50
1911,castlewall,3226,3213,0,26,13,0,2,50,50
1911,castlewall,3226,3213,1,26,13,0,2,50,50
1938,castlearrowslit,3226,3213,1,26,13,5,2,50,50
1913,castlebattlements,3226,3213,2,26,13,0,2,50,50
1938,castlearrowslit,3227,3213,1,27,13,4,0,50,50
767,floor_depth2,3228,3213,1,28,13,22,1,50,50
16683,ladder,3229,3213,0,29,13,10,0,50,50
16684,laddermiddle,3229,3213,1,29,13,10,2,50,50
16679,laddertop,3229,3213,2,29,13,10,0,50,50
840,wallshield,3230,3213,0,30,13,4,2,50,50
767,floor_depth2,3230,3213,1,30,13,22,3,50,50
1938,castlearrowslit,3230,3213,1,30,13,4,2,50,50
840,wallshield,3231,3213,0,31,13,5,0,50,50
1911,castlewall,3231,3213,0,31,13,0,0,50,50
5536,short_grass_wall_edge_2,3231,3213,0,31,13,22,2,50,50
1911,castlewall,3231,3213,1,31,13,0,0,50,50
1938,castlearrowslit,3231,3213,1,31,13,5,0,50,50
1913,castlebattlements,3231,3213,2,31,13,0,0,50,50
1189,daisys,3232,3213,0,32,13,10,3,50,50
4735,short_grass_1,3233,3213,0,33,13,22,1,50,50
4736,short_grass_2,3238,3213,0,38,13,22,0,50,50
5533,short_grass_3_wall_edge,3239,3213,0,39,13,22,2,50,50
6964,brickwall_churchwindow2,3239,3213,0,39,13,4,2,50,50
6966,brickwall_church_frame,3239,3213,0,39,13,0,2,50,50
5662,roofedge_rough,3239,3213,1,39,13,18,2,50,50
1924,roof_redslate,3240,3213,1,40,13,12,2,50,50
5788,pew_lumbridge,3241,3213,0,41,13,10,0,50,50
1924,roof_redslate,3241,3213,2,41,13,12,2,50,50
5662,roofedge_rough,3241,3213,3,41,13,18,2,50,50
5643,roof_doublelength,3242,3213,3,42,13,10,2,50,50
925,rugcorner,3243,3213,0,43,13,22,0,50,50
925,rugcorner,3244,3213,0,44,13,22,1,50,50
5643,roof_doublelength,3244,3213,3,44,13,10,0,50,50
5788,pew_lumbridge,3245,3213,0,45,13,10,0,50,50
1924,roof_redslate,3246,3213,2,46,13,12,0,50,50
5663,roofedge_rough2,3246,3213,3,46,13,18,0,50,50
1924,roof_redslate,3247,3213,1,47,13,12,0,50,50
5533,short_grass_3_wall_edge,3248,3213,0,48,13,22,0,50,50
6964,brickwall_churchwindow2,3248,3213,0,48,13,4,0,50,50
6966,brickwall_church_frame,3248,3213,0,48,13,0,0,50,50
5663,roofedge_rough2,3248,3213,1,48,13,18,0,50,50
4736,short_grass_2,3249,3213,0,49,13,22,1,50,50
980,fencing,3250,3213,0,50,13,0,2,50,50
1392,plant2,3251,3213,0,51,13,10,3,50,50
4737,short_grass_3,3251,3213,0,51,13,22,1,50,50
325,dugupsoil2_light2,3253,3213,0,53,13,22,1,50,50
325,dugupsoil2_light2,3254,3213,0,54,13,22,0,50,50
44603,blankwall_no_blockrange,3255,3213,0,55,13,9,3,50,50
44603,blankwall_no_blockrange,3262,3213,0,62,13,9,3,50,50
4735,short_grass_1,3141,3214,0,5,14,22,3,49,50
4735,short_grass_1,3142,3214,0,6,14,22,0,49,50
4735,short_grass_1,3143,3214,0,7,14,22,2,49,50
981,gardenfencing,3146,3214,0,10,14,1,1,49,50
980,fencing,3147,3214,0,11,14,9,1,49,50
1247,broken_twig,3152,3214,0,16,14,22,3,49,50
1278,tree2,3152,3214,0,16,14,10,2,49,50
1246,full_twig,3153,3214,0,17,14,22,2,49,50
4736,short_grass_2,3154,3214,0,18,14,22,3,49,50
4737,short_grass_3,3155,3214,0,19,14,22,2,49,50
1276,tree,3156,3214,0,20,14,10,1,49,50
4737,short_grass_3,3156,3214,0,20,14,22,2,49,50
4738,short_grass_4,3157,3214,0,21,14,22,3,49,50
4737,short_grass_3,3158,3214,0,22,14,22,1,49,50
4735,short_grass_1,3159,3214,0,23,14,22,2,49,50
1247,broken_twig,3164,3214,0,28,14,22,2,49,50
1246,full_twig,3165,3214,0,29,14,22,2,49,50
4735,short_grass_1,3166,3214,0,30,14,22,2,49,50
1174,thistle,3167,3214,0,31,14,10,1,49,50
4735,short_grass_1,3167,3214,0,31,14,22,2,49,50
1248,sticks_twigs,3170,3214,0,34,14,22,3,49,50
4735,short_grass_1,3171,3214,0,35,14,22,0,49,50
4735,short_grass_1,3172,3214,0,36,14,22,3,49,50
4735,short_grass_1,3173,3214,0,37,14,22,2,49,50
4735,short_grass_1,3174,3214,0,38,14,22,3,49,50
4736,short_grass_2,3175,3214,0,39,14,22,3,49,50
4736,short_grass_2,3176,3214,0,40,14,22,2,49,50
4735,short_grass_1,3177,3214,0,41,14,22,1,49,50
320,dugupsoil2_light,3183,3214,0,47,14,22,0,49,50
1247,broken_twig,3187,3214,0,51,14,22,0,49,50
1247,broken_twig,3188,3214,0,52,14,22,1,49,50
4735,short_grass_1,3191,3214,0,55,14,22,2,49,50
1247,broken_twig,3192,3214,0,56,14,22,0,49,50
1247,broken_twig,3195,3214,0,59,14,22,2,49,50
1276,tree,3196,3214,0,60,14,10,3,49,50
4736,short_grass_2,3197,3214,0,61,14,22,0,49,50
4737,short_grass_3,3198,3214,0,62,14,22,0,49,50
4736,short_grass_2,3199,3214,0,63,14,22,1,49,50
4736,short_grass_2,3200,3214,0,0,14,22,3,50,50
1911,castlewall,3201,3214,0,1,14,0,0,50,50
1651,cross_castleedge,3201,3214,1,1,14,0,0,50,50
3684,death_skewsteps,3203,3214,0,3,14,22,1,50,50
336,dugupsoil2_grey,3204,3214,0,4,14,22,0,50,50
3744,castledoor_inactive,3204,3214,0,4,14,0,1,50,50
1911,castlewall,3204,3214,1,4,14,0,2,50,50
1913,castlebattlements,3204,3214,2,4,14,0,2,50,50
14877,qip_cook_kitchen_tiles_03,3205,3214,0,5,14,22,2,50,50
836,cabinet_bows,3205,3214,1,5,14,10,0,50,50
14875,qip_cook_kitchen_tiles_01,3206,3214,0,6,14,22,3,50,50
1911,castlewall,3206,3214,2,6,14,1,1,50,50
1913,castlebattlements,3206,3214,3,6,14,1,1,50,50
14876,qip_cook_kitchen_tiles_02,3207,3214,0,7,14,22,3,50,50
1543,elfdoor,3207,3214,1,7,14,0,2,50,50
1911,castlewall,3207,3214,2,7,14,0,1,50,50
1913,castlebattlements,3207,3214,3,7,14,0,1,50,50
12962,qip_cook_large_table,3208,3214,0,8,14,10,0,50,50
14877,qip_cook_kitchen_tiles_03,3208,3214,0,8,14,22,3,50,50
1911,castlewall,3208,3214,2,8,14,0,1,50,50
1938,castlearrowslit,3208,3214,2,8,14,5,1,50,50
1913,castlebattlements,3208,3214,3,8,14,0,1,50,50
14875,qip_cook_kitchen_tiles_01,3209,3214,0,9,14,22,0,50,50
926,rugside,3209,3214,1,9,14,22,3,50,50
1911,castlewall,3209,3214,2,9,14,0,1,50,50
1913,castlebattlements,3209,3214,3,9,14,0,1,50,50
14872,qip_cook_stool,3210,3214,0,10,14,10,3,50,50
14876,qip_cook_kitchen_tiles_02,3210,3214,0,10,14,22,0,50,50
927,rugmiddle,3210,3214,1,10,14,22,1,50,50
1911,castlewall,3210,3214,2,10,14,1,0,50,50
1913,castlebattlements,3210,3214,3,10,14,1,0,50,50
14877,qip_cook_kitchen_tiles_03,3211,3214,0,11,14,22,0,50,50
424,bigbed,3211,3214,1,11,14,10,1,50,50
927,rugmiddle,3211,3214,1,11,14,22,1,50,50
5610,potsandpans2,3212,3214,0,12,14,10,1,50,50
14870,qip_cook_cookingshelf,3212,3214,0,12,14,4,2,50,50
14875,qip_cook_kitchen_tiles_01,3212,3214,0,12,14,22,1,50,50
926,rugside,3212,3214,1,12,14,22,1,50,50
821,cannon,3212,3214,2,12,14,10,3,50,50
1911,castlewall,3213,3214,0,13,14,0,0,50,50
1938,castlearrowslit,3213,3214,1,13,14,4,2,50,50
1911,castlewall,3214,3214,1,14,14,0,0,50,50
1938,castlearrowslit,3214,3214,1,14,14,5,0,50,50
1913,castlebattlements,3214,3214,2,14,14,0,0,50,50
1247,broken_twig,3215,3214,1,15,14,22,2,50,50
1938,castlearrowslit,3216,3214,0,16,14,4,2,50,50
1911,castlewall,3217,3214,0,17,14,0,0,50,50
1938,castlearrowslit,3217,3214,0,17,14,5,0,50,50
1913,castlebattlements,3217,3214,1,17,14,0,0,50,50
336,dugupsoil2_grey,3226,3214,0,26,14,22,2,50,50
1535,poordoor,3226,3214,0,26,14,0,2,50,50
1911,castlewall,3226,3214,1,26,14,0,2,50,50
1913,castlebattlements,3226,3214,2,26,14,0,2,50,50
1107,wallbench,3227,3214,1,27,14,4,0,50,50
1248,sticks_twigs,3227,3214,2,27,14,22,1,50,50
767,floor_depth2,3229,3214,1,29,14,22,2,50,50
973,hanging_javelin,3230,3214,0,30,14,4,2,50,50
1107,wallbench,3230,3214,1,30,14,4,2,50,50
5630,flag_lumbridge_overhang_pole,3230,3214,2,30,14,10,0,50,50
1911,castlewall,3231,3214,0,31,14,0,0,50,50
4739,short_grass_3_castle_edge,3231,3214,0,31,14,22,0,50,50
1911,castlewall,3231,3214,1,31,14,0,0,50,50
1913,castlebattlements,3231,3214,2,31,14,0,0,50,50
5629,flag_lumbridge_overhang,3231,3214,2,31,14,10,0,50,50
4735,short_grass_1,3232,3214,0,32,14,22,0,50,50
23590,task_icon,3234,3214,0,34,14,22,0,50,50
336,dugupsoil2_grey,3235,3214,0,35,14,22,2,50,50
4735,short_grass_1,3237,3214,0,37,14,22,3,50,50
4735,short_grass_1,3238,3214,0,38,14,22,0,50,50
1902,brickwall,3239,3214,0,39,14,0,2,50,50
5534,short_grass_4_wall_edge,3239,3214,0,39,14,22,2,50,50
5663,roofedge_rough2,3239,3214,1,39,14,18,2,50,50
1924,roof_redslate,3240,3214,1,40,14,12,2,50,50
1924,roof_redslate,3241,3214,2,41,14,12,2,50,50
5663,roofedge_rough2,3241,3214,3,41,14,18,2,50,50
5643,roof_doublelength,3242,3214,3,42,14,10,2,50,50
33161,tutor_prayer_icon,3244,3214,0,44,14,22,0,50,50
5643,roof_doublelength,3244,3214,3,44,14,10,0,50,50
1924,roof_redslate,3246,3214,2,46,14,12,0,50,50
5662,roofedge_rough,3246,3214,3,46,14,18,0,50,50
3474,hanginglantern,3247,3214,0,47,14,4,2,50,50
1924,roof_redslate,3247,3214,1,47,14,12,0,50,50
1902,brickwall,3248,3214,0,48,14,0,0,50,50
5536,short_grass_wall_edge_2,3248,3214,0,48,14,22,1,50,50
5662,roofedge_rough,3248,3214,1,48,14,18,0,50,50
325,dugupsoil2_light2,3249,3214,0,49,14,22,2,50,50
980,fencing,3250,3214,0,50,14,0,2,50,50
325,dugupsoil2_light2,3252,3214,0,52,14,22,1,50,50
324,dugupsoil1_light2,3253,3214,0,53,14,22,2,50,50
44603,blankwall_no_blockrange,3254,3214,0,54,14,9,3,50,50
44603,blankwall_no_blockrange,3262,3214,0,62,14,0,0,50,50
1247,broken_twig,3136,3215,0,0,15,22,3,49,50
1278,tree2,3136,3215,0,0,15,10,0,49,50
1173,smallfern,3138,3215,0,2,15,10,1,49,50
4735,short_grass_1,3141,3215,0,5,15,22,3,49,50
4735,short_grass_1,3142,3215,0,6,15,22,2,49,50
4735,short_grass_1,3143,3215,0,7,15,22,3,49,50
981,gardenfencing,3145,3215,0,9,15,3,1,49,50
980,fencing,3146,3215,0,10,15,9,1,49,50
1393,plant3,3147,3215,0,11,15,10,2,49,50
1286,deadtree2,3150,3215,0,14,15,10,1,49,50
4735,short_grass_1,3151,3215,0,15,15,22,1,49,50
1247,broken_twig,3152,3215,0,16,15,22,1,49,50
1247,broken_twig,3153,3215,0,17,15,22,0,49,50
4737,short_grass_3,3154,3215,0,18,15,22,2,49,50
4737,short_grass_3,3155,3215,0,19,15,22,2,49,50
4738,short_grass_4,3156,3215,0,20,15,22,0,49,50
4738,short_grass_4,3157,3215,0,21,15,22,2,49,50
4737,short_grass_3,3158,3215,0,22,15,22,1,49,50
4735,short_grass_1,3159,3215,0,23,15,22,3,49,50
1278,tree2,3160,3215,0,24,15,10,2,49,50
4735,short_grass_1,3160,3215,0,24,15,22,1,49,50
1247,broken_twig,3161,3215,0,25,15,22,2,49,50
4735,short_grass_1,3165,3215,0,29,15,22,0,49,50
4736,short_grass_2,3166,3215,0,30,15,22,3,49,50
4736,short_grass_2,3167,3215,0,31,15,22,2,49,50
4735,short_grass_1,3168,3215,0,32,15,22,0,49,50
1174,thistle,3169,3215,0,33,15,10,0,49,50
1189,daisys,3173,3215,0,37,15,10,1,49,50
4735,short_grass_1,3173,3215,0,37,15,22,1,49,50
4738,short_grass_4,3174,3215,0,38,15,22,3,49,50
4738,short_grass_4,3175,3215,0,39,15,22,1,49,50
4736,short_grass_2,3176,3215,0,40,15,22,1,49,50
4735,short_grass_1,3177,3215,0,41,15,22,0,49,50
320,dugupsoil2_light,3182,3215,0,46,15,22,3,49,50
1335,hollowlogsmaller,3182,3215,0,46,15,10,0,49,50
321,dugupsoil3_light,3183,3215,0,47,15,22,1,49,50
320,dugupsoil2_light,3184,3215,0,48,15,22,3,49,50
1247,broken_twig,3193,3215,0,57,15,22,3,49,50
1246,full_twig,3194,3215,0,58,15,22,2,49,50
1247,broken_twig,3196,3215,0,60,15,22,3,49,50
1247,broken_twig,3197,3215,0,61,15,22,0,49,50
4735,short_grass_1,3199,3215,0,63,15,22,3,49,50
1938,castlearrowslit,3200,3215,0,0,15,4,2,50,50
4737,short_grass_3,3200,3215,0,0,15,22,3,50,50
1646,oldcastlearrowslit,3201,3215,0,1,15,5,0,50,50
1911,castlewall,3201,3215,0,1,15,0,0,50,50
1651,cross_castleedge,3201,3215,1,1,15,0,0,50,50
4737,short_grass_3,3203,3215,0,3,15,22,0,50,50
362,barrel,3204,3215,0,4,15,10,2,50,50
1911,castlewall,3204,3215,0,4,15,0,2,50,50
4739,short_grass_3_castle_edge,3204,3215,0,4,15,22,2,50,50
1911,castlewall,3204,3215,1,4,15,0,2,50,50
1913,castlebattlements,3204,3215,2,4,15,0,2,50,50
14868,qip_cook_sink,3205,3215,0,5,15,10,0,50,50
42521,water_source_icon_kitchen,3205,3215,0,5,15,22,0,50,50
14872,qip_cook_stool,3206,3215,0,6,15,10,2,50,50
14877,qip_cook_kitchen_tiles_03,3206,3215,0,6,15,22,0,50,50
940,bluerugcorner,3206,3215,1,6,15,22,3,50,50
1911,castlewall,3206,3215,2,6,15,0,2,50,50
1913,castlebattlements,3206,3215,3,6,15,0,2,50,50
14875,qip_cook_kitchen_tiles_01,3207,3215,0,7,15,22,1,50,50
196,torch,3207,3215,1,7,15,5,2,50,50
940,bluerugcorner,3207,3215,1,7,15,22,2,50,50
1902,brickwall,3207,3215,1,7,15,0,2,50,50
590,banktable,3207,3215,2,7,15,10,3,50,50
14876,qip_cook_kitchen_tiles_02,3208,3215,0,8,15,22,1,50,50
196,torch,3208,3215,1,8,15,4,0,50,50
1088,chair,3208,3215,2,8,15,11,1,50,50
1938,castlearrowslit,3208,3215,2,8,15,4,3,50,50
14877,qip_cook_kitchen_tiles_03,3209,3215,0,9,15,22,1,50,50
926,rugside,3209,3215,1,9,15,22,3,50,50
8720,pollbooth_blue,3209,3215,2,9,15,10,3,50,50
26301,poll_booth_icon,3209,3215,2,9,15,22,0,50,50
42665,quest_start_icon_cooksassistant,3210,3215,0,10,15,22,2,50,50
927,rugmiddle,3210,3215,1,10,15,22,1,50,50
196,torch,3210,3215,2,10,15,7,0,50,50
1911,castlewall,3210,3215,2,10,15,9,0,50,50
1913,castlebattlements,3210,3215,3,10,15,9,0,50,50
14876,qip_cook_kitchen_tiles_02,3211,3215,0,11,15,22,2,50,50
927,rugmiddle,3211,3215,1,11,15,22,1,50,50
1911,castlewall,3211,3215,2,11,15,1,0,50,50
1913,castlebattlements,3211,3215,3,11,15,1,0,50,50
114,cooksquestrange,3212,3215,0,12,15,10,2,50,50
14875,qip_cook_kitchen_tiles_01,3212,3215,0,12,15,22,3,50,50
926,rugside,3212,3215,1,12,15,22,1,50,50
1911,castlewall,3213,3215,0,13,15,0,0,50,50
822,cannonballs,3213,3215,2,13,15,10,3,50,50
1911,castlewall,3214,3215,1,14,15,0,0,50,50
1913,castlebattlements,3214,3215,2,14,15,0,0,50,50
821,cannon,3215,3215,1,15,15,10,3,50,50
1247,broken_twig,3216,3215,1,16,15,22,3,50,50
1911,castlewall,3217,3215,0,17,15,0,0,50,50
1913,castlebattlements,3217,3215,1,17,15,0,0,50,50
4735,short_grass_1,3224,3215,0,24,15,22,2,50,50
1911,castlewall,3226,3215,0,26,15,0,2,50,50
1911,castlewall,3226,3215,1,26,15,0,2,50,50
1938,castlearrowslit,3226,3215,1,26,15,5,2,50,50
1913,castlebattlements,3226,3215,2,26,15,0,2,50,50
1938,castlearrowslit,3227,3215,1,27,15,4,0,50,50
4641,barrel_stacked,3227,3215,2,27,15,10,3,50,50
840,wallshield,3230,3215,0,30,15,4,2,50,50
29714,lost_property_merchant_chair_forstandard,3230,3215,0,30,15,10,1,50,50
1938,castlearrowslit,3230,3215,1,30,15,4,2,50,50
840,wallshield,3231,3215,0,31,15,5,0,50,50
1911,castlewall,3231,3215,0,31,15,0,0,50,50
5536,short_grass_wall_edge_2,3231,3215,0,31,15,22,1,50,50
1911,castlewall,3231,3215,1,31,15,0,0,50,50
1938,castlearrowslit,3231,3215,1,31,15,5,0,50,50
1913,castlebattlements,3231,3215,2,31,15,0,0,50,50
4735,short_grass_1,3238,3215,0,38,15,22,3,50,50
5533,short_grass_3_wall_edge,3239,3215,0,39,15,22,2,50,50
6963,brickwall_churchwindow1,3239,3215,0,39,15,4,2,50,50
6966,brickwall_church_frame,3239,3215,0,39,15,0,2,50,50
5662,roofedge_rough,3239,3215,1,39,15,18,2,50,50
1902,brickwall,3240,3215,0,40,15,0,1,50,50
1924,roof_redslate,3240,3215,1,40,15,12,2,50,50
6964,brickwall_churchwindow2,3241,3215,0,41,15,4,1,50,50
6966,brickwall_church_frame,3241,3215,0,41,15,0,1,50,50
1923,roofwallfiller,3241,3215,1,41,15,0,1,50,50
1924,roof_redslate,3241,3215,2,41,15,12,2,50,50
5663,roofedge_rough2,3241,3215,3,41,15,18,2,50,50
1902,brickwall,3242,3215,0,42,15,0,1,50,50
3474,hanginglantern,3242,3215,0,42,15,4,1,50,50
1923,roofwallfiller,3242,3215,1,42,15,0,1,50,50
54132,roofwallfiller_church,3242,3215,2,42,15,10,1,50,50
5643,roof_doublelength,3242,3215,3,42,15,10,2,50,50
1923,roofwallfiller,3243,3215,1,43,15,0,1,50,50
54132,roofwallfiller_church,3243,3215,2,43,15,10,1,50,50
1923,roofwallfiller,3244,3215,1,44,15,0,1,50,50
54132,roofwallfiller_church,3244,3215,2,44,15,10,1,50,50
5643,roof_doublelength,3244,3215,3,44,15,10,0,50,50
1902,brickwall,3245,3215,0,45,15,0,1,50,50
3474,hanginglantern,3245,3215,0,45,15,4,1,50,50
1923,roofwallfiller,3245,3215,1,45,15,0,1,50,50
54132,roofwallfiller_church,3245,3215,2,45,15,10,1,50,50
6964,brickwall_churchwindow2,3246,3215,0,46,15,4,1,50,50
6966,brickwall_church_frame,3246,3215,0,46,15,0,1,50,50
1923,roofwallfiller,3246,3215,1,46,15,0,1,50,50
1924,roof_redslate,3246,3215,2,46,15,12,0,50,50
5663,roofedge_rough2,3246,3215,3,46,15,18,0,50,50
1902,brickwall,3247,3215,0,47,15,0,1,50,50
1924,roof_redslate,3247,3215,1,47,15,12,0,50,50
326,dugupsoil3_light2,3248,3215,0,48,15,22,1,50,50
6963,brickwall_churchwindow1,3248,3215,0,48,15,4,0,50,50
6966,brickwall_church_frame,3248,3215,0,48,15,0,0,50,50
5662,roofedge_rough,3248,3215,1,48,15,18,0,50,50
325,dugupsoil2_light2,3249,3215,0,49,15,22,3,50,50
980,fencing,3250,3215,0,50,15,9,1,50,50
325,dugupsoil2_light2,3251,3215,0,51,15,22,0,50,50
44603,blankwall_no_blockrange,3252,3215,0,52,15,9,3,50,50
44603,blankwall_no_blockrange,3253,3215,0,53,15,0,3,50,50
5604,rock_pool,3258,3215,0,58,15,10,3,50,50
44603,blankwall_no_blockrange,3261,3215,0,61,15,9,3,50,50
1248,sticks_twigs,3137,3216,0,1,16,22,0,49,50
1247,broken_twig,3139,3216,0,3,16,22,2,49,50
1298,fern,3140,3216,0,4,16,10,3,49,50
4735,short_grass_1,3142,3216,0,6,16,22,0,49,50
4735,short_grass_1,3151,3216,0,15,16,22,3,49,50
4737,short_grass_3,3152,3216,0,16,16,22,2,49,50
4737,short_grass_3,3153,3216,0,17,16,22,2,49,50
4738,short_grass_4,3154,3216,0,18,16,22,1,49,50
4738,short_grass_4,3155,3216,0,19,16,22,1,49,50
4738,short_grass_4,3156,3216,0,20,16,22,1,49,50
4738,short_grass_4,3157,3216,0,21,16,22,1,49,50
4736,short_grass_2,3158,3216,0,22,16,22,1,49,50
4735,short_grass_1,3159,3216,0,23,16,22,2,49,50
4735,short_grass_1,3160,3216,0,24,16,22,3,49,50
4735,short_grass_1,3161,3216,0,25,16,22,1,49,50
4735,short_grass_1,3162,3216,0,26,16,22,2,49,50
1247,broken_twig,3163,3216,0,27,16,22,0,49,50
1392,plant2,3163,3216,0,27,16,10,1,49,50
4736,short_grass_2,3165,3216,0,29,16,22,3,49,50
4737,short_grass_3,3166,3216,0,30,16,22,2,49,50
1124,bush1,3167,3216,0,31,16,10,1,49,50
4736,short_grass_2,3167,3216,0,31,16,22,2,49,50
4735,short_grass_1,3168,3216,0,32,16,22,1,49,50
1276,tree,3173,3216,0,37,16,10,2,49,50
1247,broken_twig,3174,3216,0,38,16,22,2,49,50
4737,short_grass_3,3175,3216,0,39,16,22,0,49,50
4735,short_grass_1,3176,3216,0,40,16,22,3,49,50
1278,tree2,3178,3216,0,42,16,10,0,49,50
1247,broken_twig,3179,3216,0,43,16,22,2,49,50
320,dugupsoil2_light,3183,3216,0,47,16,22,2,49,50
1911,castlewall,3199,3216,0,63,16,1,1,49,50
4735,short_grass_1,3199,3216,0,63,16,22,3,49,50
1651,cross_castleedge,3199,3216,1,63,16,1,1,49,50
1911,castlewall,3200,3216,0,0,16,0,1,50,50
4736,short_grass_2,3200,3216,0,0,16,22,0,50,50
1651,cross_castleedge,3200,3216,1,0,16,0,1,50,50
1911,castlewall,3201,3216,0,1,16,0,0,50,50
1651,cross_castleedge,3201,3216,1,1,16,0,0,50,50
4735,short_grass_1,3203,3216,0,3,16,22,0,50,50
1911,castlewall,3204,3216,0,4,16,0,2,50,50
4741,short_grass_4_castle_edge2,3204,3216,0,4,16,22,2,50,50
1911,castlewall,3204,3216,1,4,16,0,2,50,50
1913,castlebattlements,3204,3216,2,4,16,0,2,50,50
14875,qip_cook_kitchen_tiles_01,3205,3216,0,5,16,22,0,50,50
202,candles,3205,3216,1,5,16,10,1,50,50
840,wallshield,3205,3216,1,5,16,4,0,50,50
14875,qip_cook_kitchen_tiles_01,3206,3216,0,6,16,22,3,50,50
941,bluerugside,3206,3216,1,6,16,22,3,50,50
1911,castlewall,3206,3216,2,6,16,0,2,50,50
1913,castlebattlements,3206,3216,3,6,16,0,2,50,50
14876,qip_cook_kitchen_tiles_02,3207,3216,0,7,16,22,3,50,50
901,hangingbannerr,3207,3216,1,7,16,5,2,50,50
941,bluerugside,3207,3216,1,7,16,22,1,50,50
1902,brickwall,3207,3216,1,7,16,0,2,50,50
14877,qip_cook_kitchen_tiles_03,3208,3216,0,8,16,22,3,50,50
14880,qip_cook_trapdoor_open,3209,3216,0,9,16,22,0,50,50
925,rugcorner,3209,3216,1,9,16,22,0,50,50
14875,qip_cook_kitchen_tiles_01,3210,3216,0,10,16,22,0,50,50
926,rugside,3210,3216,1,10,16,22,0,50,50
27270,deadman_chest_lumbridge_multi,3210,3216,2,10,16,10,1,50,50
14876,qip_cook_kitchen_tiles_02,3211,3216,0,11,16,22,0,50,50
926,rugside,3211,3216,1,11,16,22,0,50,50
1911,castlewall,3211,3216,2,11,16,0,0,50,50
1913,castlebattlements,3211,3216,3,11,16,0,0,50,50
42522,range_icon_kitchen,3212,3216,0,12,16,22,2,50,50
925,rugcorner,3212,3216,1,12,16,22,1,50,50
890,painting2_king,3213,3216,0,13,16,5,0,50,50
1911,castlewall,3213,3216,0,13,16,0,0,50,50
5618,drawers4,3213,3216,1,13,16,10,2,50,50
10627,treasure_trail_destination,3213,3216,1,13,16,22,0,50,50
940,bluerugcorner,3214,3216,0,14,16,22,3,50,50
840,wallshield,3214,3216,1,14,16,5,0,50,50
1911,castlewall,3214,3216,1,14,16,0,0,50,50
1913,castlebattlements,3214,3216,2,14,16,0,0,50,50
940,bluerugcorner,3215,3216,0,15,16,22,2,50,50
840,wallshield,3217,3216,0,17,16,5,0,50,50
1911,castlewall,3217,3216,0,17,16,0,0,50,50
1913,castlebattlements,3217,3216,1,17,16,0,0,50,50
4735,short_grass_1,3224,3216,0,24,16,22,0,50,50
1911,castlewall,3226,3216,0,26,16,1,2,50,50
1911,castlewall,3226,3216,1,26,16,1,2,50,50
1913,castlebattlements,3226,3216,2,26,16,0,2,50,50
840,wallshield,3227,3216,0,27,16,6,2,50,50
1911,castlewall,3227,3216,0,27,16,9,2,50,50
196,torch,3227,3216,1,27,16,7,2,50,50
1911,castlewall,3227,3216,1,27,16,9,2,50,50
364,barrelwithtap,3228,3216,0,28,16,10,0,50,50
899,hangingbannerl,3228,3216,0,28,16,4,1,50,50
1938,castlearrowslit,3228,3216,1,28,16,4,1,50,50
4641,barrel_stacked,3228,3216,1,28,16,10,0,50,50
901,hangingbannerr,3229,3216,0,29,16,4,1,50,50
4641,barrel_stacked,3229,3216,0,29,16,10,3,50,50
718,barrel_swords,3229,3216,1,29,16,10,1,50,50
1248,sticks_twigs,3229,3216,2,29,16,22,2,50,50
196,torch,3230,3216,0,30,16,7,3,50,50
1911,castlewall,3230,3216,0,30,16,9,3,50,50
196,torch,3230,3216,1,30,16,7,3,50,50
1911,castlewall,3230,3216,1,30,16,9,3,50,50
1911,castlewall,3231,3216,0,31,16,1,3,50,50
4735,short_grass_1,3231,3216,0,31,16,22,0,50,50
1911,castlewall,3231,3216,1,31,16,1,3,50,50
1913,castlebattlements,3231,3216,2,31,16,0,0,50,50
336,dugupsoil2_grey,3235,3216,0,35,16,22,3,50,50
4735,short_grass_1,3237,3216,0,37,16,22,0,50,50
4735,short_grass_1,3238,3216,0,38,16,22,3,50,50
1902,brickwall,3239,3216,0,39,16,3,2,50,50
4736,short_grass_2,3239,3216,0,39,16,22,0,50,50
1912,bigstone_castlewall,3240,3216,0,40,16,3,3,50,50
5536,short_grass_wall_edge_2,3240,3216,0,40,16,22,1,50,50
5633,brickwall_riveredge,3240,3216,1,40,16,0,3,50,50
5633,brickwall_riveredge,3241,3216,1,41,16,0,3,50,50
1911,castlewall,3242,3216,0,42,16,3,2,50,50
1847,roundchurchwindow,3242,3216,1,42,16,4,3,50,50
5633,brickwall_riveredge,3242,3216,1,42,16,0,3,50,50
325,dugupsoil2_light2,3243,3216,0,43,16,22,2,50,50
1524,castledoubledoorr,3243,3216,0,43,16,0,3,50,50
5633,brickwall_riveredge,3243,3216,1,43,16,0,3,50,50
325,dugupsoil2_light2,3244,3216,0,44,16,22,1,50,50
1521,castledoubledoorl,3244,3216,0,44,16,0,3,50,50
5633,brickwall_riveredge,3244,3216,1,44,16,0,3,50,50
325,dugupsoil2_light2,3245,3216,0,45,16,22,0,50,50
1911,castlewall,3245,3216,0,45,16,3,3,50,50
1847,roundchurchwindow,3245,3216,1,45,16,4,3,50,50
5633,brickwall_riveredge,3245,3216,1,45,16,0,3,50,50
325,dugupsoil2_light2,3246,3216,0,46,16,22,2,50,50
5633,brickwall_riveredge,3246,3216,1,46,16,0,3,50,50
324,dugupsoil1_light2,3247,3216,0,47,16,22,1,50,50
1912,bigstone_castlewall,3247,3216,0,47,16,3,2,50,50
5633,brickwall_riveredge,3247,3216,1,47,16,0,3,50,50
325,dugupsoil2_light2,3248,3216,0,48,16,22,2,50,50
1902,brickwall,3248,3216,0,48,16,3,3,50,50
325,dugupsoil2_light2,3249,3216,0,49,16,22,0,50,50
980,fencing,3249,3216,0,49,16,0,2,50,50
325,dugupsoil2_light2,3250,3216,0,50,16,22,1,50,50
325,dugupsoil2_light2,3251,3216,0,51,16,22,1,50,50
44603,blankwall_no_blockrange,3252,3216,0,52,16,0,0,50,50
44603,blankwall_no_blockrange,3260,3216,0,60,16,9,3,50,50
1393,plant3,3139,3217,0,3,17,10,1,49,50
1278,tree2,3140,3217,0,4,17,10,0,49,50
1246,full_twig,3141,3217,0,5,17,22,3,49,50
4735,short_grass_1,3142,3217,0,6,17,22,1,49,50
1392,plant2,3145,3217,0,9,17,10,1,49,50
1247,broken_twig,3146,3217,0,10,17,22,2,49,50
4735,short_grass_1,3150,3217,0,14,17,22,0,49,50
4735,short_grass_1,3151,3217,0,15,17,22,2,49,50
4736,short_grass_2,3152,3217,0,16,17,22,3,49,50
1163,mushroom,3153,3217,0,17,17,10,1,49,50
4738,short_grass_4,3153,3217,0,17,17,22,3,49,50
1276,tree,3154,3217,0,18,17,10,2,49,50
4738,short_grass_4,3154,3217,0,18,17,22,3,49,50
4738,short_grass_4,3155,3217,0,19,17,22,1,49,50
4737,short_grass_3,3156,3217,0,20,17,22,1,49,50
4736,short_grass_2,3157,3217,0,21,17,22,1,49,50
4735,short_grass_1,3158,3217,0,22,17,22,1,49,50
4736,short_grass_2,3159,3217,0,23,17,22,3,49,50
4737,short_grass_3,3160,3217,0,24,17,22,2,49,50
1189,daisys,3161,3217,0,25,17,10,2,49,50
4735,short_grass_1,3161,3217,0,25,17,22,1,49,50
4735,short_grass_1,3162,3217,0,26,17,22,1,49,50
1248,sticks_twigs,3163,3217,0,27,17,22,3,49,50
1247,broken_twig,3164,3217,0,28,17,22,3,49,50
4737,short_grass_3,3165,3217,0,29,17,22,3,49,50
4738,short_grass_4,3166,3217,0,30,17,22,2,49,50
4737,short_grass_3,3167,3217,0,31,17,22,1,49,50
4735,short_grass_1,3168,3217,0,32,17,22,1,49,50
1298,fern,3170,3217,0,34,17,11,1,49,50
1247,broken_twig,3173,3217,0,37,17,22,0,49,50
1248,sticks_twigs,3174,3217,0,38,17,22,2,49,50
4735,short_grass_1,3175,3217,0,39,17,22,1,49,50
1247,broken_twig,3178,3217,0,42,17,22,1,49,50
320,dugupsoil2_light,3181,3217,0,45,17,22,3,49,50
1276,tree,3190,3217,0,54,17,10,0,49,50
1247,broken_twig,3191,3217,0,55,17,22,1,49,50
1393,plant3,3195,3217,0,59,17,10,0,49,50
1911,castlewall,3198,3217,0,62,17,1,1,49,50
4735,short_grass_1,3198,3217,0,62,17,22,3,49,50
1651,cross_castleedge,3198,3217,1,62,17,1,1,49,50
1911,castlewall,3199,3217,0,63,17,9,1,49,50
1651,cross_castleedge,3199,3217,1,63,17,9,1,49,50
336,dugupsoil2_grey,3200,3217,0,0,17,22,1,50,50
365,sacks,3200,3217,0,0,17,10,2,50,50
1911,castlewall,3201,3217,0,1,17,0,0,50,50
1651,cross_castleedge,3201,3217,1,1,17,0,0,50,50
4735,short_grass_1,3203,3217,0,3,17,22,3,50,50
1911,castlewall,3204,3217,0,4,17,0,2,50,50
1938,castlearrowslit,3204,3217,0,4,17,5,2,50,50
4740,short_grass_4_castle_edge,3204,3217,0,4,17,22,2,50,50
1911,castlewall,3204,3217,1,4,17,0,2,50,50
1938,castlearrowslit,3204,3217,1,4,17,5,2,50,50
1913,castlebattlements,3204,3217,2,4,17,0,2,50,50
1911,castlewall,3205,3217,0,5,17,0,1,50,50
1938,castlearrowslit,3205,3217,0,5,17,4,0,50,50
14878,qip_cook_kitchen_tiles_04,3205,3217,0,5,17,22,0,50,50
1938,castlearrowslit,3205,3217,1,5,17,4,0,50,50
1911,castlewall,3206,3217,0,6,17,0,1,50,50
14878,qip_cook_kitchen_tiles_04,3206,3217,0,6,17,22,0,50,50
940,bluerugcorner,3206,3217,1,6,17,22,0,50,50
1911,castlewall,3206,3217,2,6,17,0,2,50,50
1913,castlebattlements,3206,3217,3,6,17,0,2,50,50
12348,hundred_lumbridge_door,3207,3217,0,7,17,0,1,50,50
14878,qip_cook_kitchen_tiles_04,3207,3217,0,7,17,22,0,50,50
899,hangingbannerl,3207,3217,1,7,17,5,2,50,50
940,bluerugcorner,3207,3217,1,7,17,22,1,50,50
1902,brickwall,3207,3217,1,7,17,0,2,50,50
196,torch,3207,3217,2,7,17,4,0,50,50
1911,castlewall,3208,3217,0,8,17,0,1,50,50
14871,qip_cook_cookingshelf_utensils,3208,3217,0,8,17,5,1,50,50
14878,qip_cook_kitchen_tiles_04,3208,3217,0,8,17,22,0,50,50
575,bust2,3208,3217,1,8,17,10,0,50,50
1902,brickwall,3208,3217,1,8,17,0,1,50,50
1911,castlewall,3209,3217,0,9,17,0,1,50,50
14873,qip_cook_hangingmeat1,3209,3217,0,9,17,5,1,50,50
14878,qip_cook_kitchen_tiles_04,3209,3217,0,9,17,22,0,50,50
196,torch,3209,3217,1,9,17,5,1,50,50
1902,brickwall,3209,3217,1,9,17,0,1,50,50
6910,lost_tribe_chest,3209,3217,1,9,17,10,2,50,50
1911,castlewall,3210,3217,0,10,17,0,1,50,50
14866,qip_cook_barrel_tap,3210,3217,0,10,17,10,0,50,50
14871,qip_cook_cookingshelf_utensils,3210,3217,0,10,17,5,1,50,50
14878,qip_cook_kitchen_tiles_04,3210,3217,0,10,17,22,0,50,50
899,hangingbannerl,3210,3217,1,10,17,5,1,50,50
1902,brickwall,3210,3217,1,10,17,0,1,50,50
1938,castlearrowslit,3210,3217,2,10,17,4,2,50,50
10529,bank_deposit_box,3210,3217,2,10,17,11,1,50,50
1911,castlewall,3211,3217,0,11,17,0,1,50,50
12961,qip_cook_crate,3211,3217,0,11,17,10,1,50,50
14870,qip_cook_cookingshelf,3211,3217,0,11,17,5,1,50,50
14878,qip_cook_kitchen_tiles_04,3211,3217,0,11,17,22,0,50,50
901,hangingbannerr,3211,3217,1,11,17,5,1,50,50
1902,brickwall,3211,3217,1,11,17,0,1,50,50
1911,castlewall,3211,3217,2,11,17,0,0,50,50
1938,castlearrowslit,3211,3217,2,11,17,5,0,50,50
1913,castlebattlements,3211,3217,3,11,17,0,0,50,50
1911,castlewall,3212,3217,0,12,17,0,1,50,50
14867,qip_cook_barrel_stacked,3212,3217,0,12,17,10,0,50,50
14870,qip_cook_cookingshelf,3212,3217,0,12,17,5,1,50,50
14878,qip_cook_kitchen_tiles_04,3212,3217,0,12,17,22,0,50,50
196,torch,3212,3217,1,12,17,5,1,50,50
1902,brickwall,3212,3217,1,12,17,0,1,50,50
821,cannon,3212,3217,2,12,17,10,3,50,50
1911,castlewall,3213,3217,0,13,17,0,0,50,50
575,bust2,3213,3217,1,13,17,10,0,50,50
1902,brickwall,3213,3217,1,13,17,0,1,50,50
1938,castlearrowslit,3213,3217,1,13,17,4,2,50,50
941,bluerugside,3214,3217,0,14,17,22,3,50,50
1911,castlewall,3214,3217,1,14,17,0,0,50,50
1938,castlearrowslit,3214,3217,1,14,17,5,0,50,50
1913,castlebattlements,3214,3217,2,14,17,0,0,50,50
941,bluerugside,3215,3217,0,15,17,22,1,50,50
196,torch,3216,3217,0,16,17,4,2,50,50
5630,flag_lumbridge_overhang_pole,3216,3217,1,16,17,10,0,50,50
1911,castlewall,3217,3217,0,17,17,0,0,50,50
5791,bust_lumbridge,3217,3217,0,17,17,10,3,50,50
1913,castlebattlements,3217,3217,1,17,17,0,0,50,50
5629,flag_lumbridge_overhang,3217,3217,1,17,17,10,0,50,50
1124,bush1,3218,3217,0,18,17,10,0,50,50
1124,bush1,3219,3217,0,19,17,10,0,50,50
10586,pvpw_bankchest_bush,3220,3217,0,20,17,10,1,50,50
10818,pvpw_bankicon,3220,3217,0,20,17,22,0,50,50
336,dugupsoil2_grey,3221,3217,0,21,17,22,1,50,50
10778,pvpw_armourstand_bush,3223,3217,0,23,17,10,1,50,50
1913,castlebattlements,3226,3217,2,26,17,0,2,50,50
1911,castlewall,3227,3217,0,27,17,1,2,50,50
4735,short_grass_1,3227,3217,0,27,17,22,0,50,50
1911,castlewall,3227,3217,1,27,17,1,2,50,50
1911,castlewall,3228,3217,0,28,17,0,3,50,50
4739,short_grass_3_castle_edge,3228,3217,0,28,17,22,3,50,50
1911,castlewall,3228,3217,1,28,17,0,3,50,50
1938,castlearrowslit,3228,3217,1,28,17,5,3,50,50
1911,castlewall,3229,3217,0,29,17,0,3,50,50
4739,short_grass_3_castle_edge,3229,3217,0,29,17,22,3,50,50
1911,castlewall,3229,3217,1,29,17,0,3,50,50
821,cannon,3229,3217,2,29,17,10,3,50,50
1911,castlewall,3230,3217,0,30,17,0,0,50,50
4735,short_grass_1,3230,3217,0,30,17,22,3,50,50
1911,castlewall,3230,3217,1,30,17,0,0,50,50
5556,hanging_tapestry2,3230,3217,1,30,17,5,0,50,50
1248,sticks_twigs,3230,3217,2,30,17,22,1,50,50
9251,garden_lumbridge_statue,3231,3217,0,31,17,10,3,50,50
1913,castlebattlements,3231,3217,2,31,17,0,0,50,50
4736,short_grass_2,3232,3217,0,32,17,22,2,50,50
4735,short_grass_1,3238,3217,0,38,17,22,2,50,50
325,dugupsoil2_light2,3241,3217,0,41,17,22,2,50,50
325,dugupsoil2_light2,3242,3217,0,42,17,22,3,50,50
325,dugupsoil2_light2,3243,3217,0,43,17,22,1,50,50
980,fencing,3243,3217,0,43,17,1,1,50,50
325,dugupsoil2_light2,3244,3217,0,44,17,22,0,50,50
980,fencing,3244,3217,0,44,17,0,1,50,50
980,fencing,3245,3217,0,45,17,0,1,50,50
325,dugupsoil2_light2,3246,3217,0,46,17,22,3,50,50
980,fencing,3246,3217,0,46,17,0,1,50,50
325,dugupsoil2_light2,3247,3217,0,47,17,22,0,50,50
980,fencing,3247,3217,0,47,17,0,1,50,50
325,dugupsoil2_light2,3248,3217,0,48,17,22,1,50,50
980,fencing,3248,3217,0,48,17,0,1,50,50
980,fencing,3249,3217,0,49,17,9,1,50,50
325,dugupsoil2_light2,3250,3217,0,50,17,22,3,50,50
325,dugupsoil2_light2,3251,3217,0,51,17,22,2,50,50
44603,blankwall_no_blockrange,3252,3217,0,52,17,0,0,50,50
5605,rock_pool_small,3257,3217,0,57,17,10,3,50,50
3547,regicide_grass1,3258,3217,0,58,17,22,0,50,50
44603,blankwall_no_blockrange,3259,3217,0,59,17,9,3,50,50
1247,broken_twig,3140,3218,0,4,18,22,3,49,50
1247,broken_twig,3141,3218,0,5,18,22,1,49,50
1246,full_twig,3145,3218,0,9,18,22,2,49,50
1244,small_grass_stones,3146,3218,0,10,18,22,3,49,50
10820,oaktree,3148,3218,0,12,18,10,2,49,50
4735,short_grass_1,3150,3218,0,14,18,22,3,49,50
4737,short_grass_3,3151,3218,0,15,18,22,3,49,50
4738,short_grass_4,3152,3218,0,16,18,22,3,49,50
4738,short_grass_4,3153,3218,0,17,18,22,3,49,50
4738,short_grass_4,3154,3218,0,18,18,22,1,49,50
4738,short_grass_4,3155,3218,0,19,18,22,1,49,50
4737,short_grass_3,3156,3218,0,20,18,22,1,49,50
1278,tree2,3157,3218,0,21,18,10,0,49,50
4735,short_grass_1,3157,3218,0,21,18,22,2,49,50
4735,short_grass_1,3158,3218,0,22,18,22,3,49,50
4737,short_grass_3,3159,3218,0,23,18,22,3,49,50
1189,daisys,3160,3218,0,24,18,10,0,49,50
4738,short_grass_4,3160,3218,0,24,18,22,0,49,50
4737,short_grass_3,3161,3218,0,25,18,22,1,49,50
4735,short_grass_1,3162,3218,0,26,18,22,0,49,50
4735,short_grass_1,3164,3218,0,28,18,22,3,49,50
4736,short_grass_2,3165,3218,0,29,18,22,0,49,50
4736,short_grass_2,3166,3218,0,30,18,22,1,49,50
4735,short_grass_1,3167,3218,0,31,18,22,3,49,50
1393,plant3,3168,3218,0,32,18,10,0,49,50
320,dugupsoil2_light,3180,3218,0,44,18,22,2,49,50
321,dugupsoil3_light,3181,3218,0,45,18,22,2,49,50
1334,hollowlog,3181,3218,0,45,18,10,1,49,50
320,dugupsoil2_light,3182,3218,0,46,18,22,1,49,50
1246,full_twig,3187,3218,0,51,18,22,0,49,50
1276,tree,3187,3218,0,51,18,10,0,49,50
1247,broken_twig,3188,3218,0,52,18,22,3,49,50
1247,broken_twig,3190,3218,0,54,18,22,0,49,50
1246,full_twig,3191,3218,0,55,18,22,1,49,50
1276,tree,3193,3218,0,57,18,10,1,49,50
1247,broken_twig,3194,3218,0,58,18,22,1,49,50
4735,short_grass_1,3196,3218,0,60,18,22,2,49,50
1651,cross_castleedge,3198,3218,1,62,18,0,2,49,50
337,dugupsoil3_grey,3199,3218,0,63,18,22,1,49,50
1548,inactiveprisondoor,3199,3218,0,63,18,0,3,49,50
1548,inactiveprisondoor,3201,3218,0,1,18,0,3,50,50
1651,cross_castleedge,3201,3218,1,1,18,0,0,50,50
4735,short_grass_1,3203,3218,0,3,18,22,3,50,50
1911,castlewall,3204,3218,0,4,18,0,2,50,50
4739,short_grass_3_castle_edge,3204,3218,0,4,18,22,2,50,50
840,wallshield,3204,3218,1,4,18,5,2,50,50
1911,castlewall,3204,3218,1,4,18,0,2,50,50
1913,castlebattlements,3204,3218,2,4,18,0,2,50,50
817,suitofarmour,3205,3218,0,5,18,10,3,50,50
1911,castlewall,3205,3218,0,5,18,1,3,50,50
834,cabinet_swords,3205,3218,1,5,18,10,0,50,50
365,sacks,3205,3218,2,5,18,10,0,50,50
1911,castlewall,3206,3218,2,6,18,1,2,50,50
1913,castlebattlements,3206,3218,3,6,18,0,2,50,50
574,bust1,3207,3218,1,7,18,10,1,50,50
840,wallshield,3207,3218,1,7,18,5,2,50,50
1902,brickwall,3207,3218,1,7,18,0,2,50,50
24124,fai_falador_bank_door_inactive_r,3207,3218,2,7,18,0,3,50,50
347,cabinet2,3208,3218,1,8,18,10,0,50,50
940,bluerugcorner,3208,3218,2,8,18,22,3,50,50
12354,hundred_portal_multi,3209,3218,0,9,18,10,0,50,50
14108,dungeonentrance_icon_clickable,3209,3218,0,9,18,22,0,50,50
196,torch,3209,3218,1,9,18,4,3,50,50
375,chestclosed,3209,3218,1,9,18,10,0,50,50
10627,treasure_trail_destination,3209,3218,1,9,18,22,0,50,50
941,bluerugside,3209,3218,2,9,18,22,2,50,50
366,crate,3210,3218,1,10,18,10,0,50,50
940,bluerugcorner,3210,3218,2,10,18,22,2,50,50
891,painting2_landscape,3211,3218,1,11,18,4,3,50,50
1911,castlewall,3211,3218,2,11,18,0,0,50,50
1913,castlebattlements,3211,3218,3,11,18,0,0,50,50
202,candles,3212,3218,0,12,18,10,1,50,50
196,torch,3212,3218,1,12,18,4,3,50,50
899,hangingbannerl,3213,3218,0,13,18,5,0,50,50
1911,castlewall,3213,3218,0,13,18,0,0,50,50
602,table,3213,3218,1,13,18,10,0,50,50
362,barrel,3213,3218,2,13,18,10,0,50,50
1248,sticks_twigs,3213,3218,2,13,18,22,0,50,50
941,bluerugside,3214,3218,0,14,18,22,3,50,50
1911,castlewall,3214,3218,1,14,18,0,0,50,50
1913,castlebattlements,3214,3218,2,14,18,0,0,50,50
941,bluerugside,3215,3218,0,15,18,22,1,50,50
1529,inaccastledoubledoorlopen,3216,3218,0,16,18,0,3,50,50
1913,castlebattlements,3217,3218,1,17,18,0,0,50,50
3684,death_skewsteps,3218,3218,0,18,18,22,3,50,50
3684,death_skewsteps,3219,3218,0,19,18,22,3,50,50
3684,death_skewsteps,3220,3218,0,20,18,22,3,50,50
336,dugupsoil2_grey,3223,3218,0,23,18,22,3,50,50
1913,castlebattlements,3226,3218,2,26,18,0,2,50,50
1556,portcullis_2l,3230,3218,1,30,18,0,0,50,50
255,winch,3230,3218,2,30,18,10,2,50,50
336,dugupsoil2_grey,3231,3218,0,31,18,22,0,50,50
1913,castlebattlements,3231,3218,2,31,18,0,0,50,50
336,dugupsoil2_grey,3233,3218,0,33,18,22,2,50,50
16407,bgsound_breeze_1_15,3233,3218,1,33,18,22,0,50,50
325,dugupsoil2_light2,3241,3218,0,41,18,22,0,50,50
326,dugupsoil3_light2,3242,3218,0,42,18,22,1,50,50
980,fencing,3242,3218,0,42,18,1,1,50,50
980,fencing,3243,3218,0,43,18,9,1,50,50
325,dugupsoil2_light2,3244,3218,0,44,18,22,0,50,50
325,dugupsoil2_light2,3245,3218,0,45,18,22,3,50,50
324,dugupsoil1_light2,3246,3218,0,46,18,22,0,50,50
325,dugupsoil2_light2,3247,3218,0,47,18,22,2,50,50
325,dugupsoil2_light2,3248,3218,0,48,18,22,1,50,50
326,dugupsoil3_light2,3249,3218,0,49,18,22,3,50,50
325,dugupsoil2_light2,3250,3218,0,50,18,22,0,50,50
44603,blankwall_no_blockrange,3251,3218,0,51,18,9,1,50,50
44603,blankwall_no_blockrange,3257,3218,0,57,18,9,3,50,50
320,dugupsoil2_light,3258,3218,0,58,18,22,1,50,50
44603,blankwall_no_blockrange,3258,3218,0,58,18,0,3,50,50
320,dugupsoil2_light,3259,3218,0,59,18,22,1,50,50
4735,short_grass_1,3261,3218,0,61,18,22,2,50,50
4735,short_grass_1,3263,3218,0,63,18,22,0,50,50
1278,tree2,3139,3219,0,3,19,10,0,49,50
1247,broken_twig,3140,3219,0,4,19,22,3,49,50
4735,short_grass_1,3150,3219,0,14,19,22,2,49,50
4737,short_grass_3,3151,3219,0,15,19,22,3,49,50
4738,short_grass_4,3152,3219,0,16,19,22,3,49,50
4738,short_grass_4,3153,3219,0,17,19,22,2,49,50
4738,short_grass_4,3154,3219,0,18,19,22,1,49,50
4738,short_grass_4,3155,3219,0,19,19,22,2,49,50
4738,short_grass_4,3156,3219,0,20,19,22,0,49,50
4737,short_grass_3,3157,3219,0,21,19,22,1,49,50
4735,short_grass_1,3158,3219,0,22,19,22,0,49,50
4736,short_grass_2,3159,3219,0,23,19,22,0,49,50
4737,short_grass_3,3160,3219,0,24,19,22,0,49,50
4736,short_grass_2,3161,3219,0,25,19,22,1,49,50
4735,short_grass_1,3162,3219,0,26,19,22,3,49,50
4735,short_grass_1,3163,3219,0,27,19,22,2,49,50
4736,short_grass_2,3164,3219,0,28,19,22,2,49,50
10822,yewtree,3165,3219,0,29,19,10,2,49,50
1244,small_grass_stones,3166,3219,0,30,19,22,3,49,50
1248,sticks_twigs,3167,3219,0,31,19,22,2,49,50
1247,broken_twig,3170,3219,0,34,19,22,2,49,50
1278,tree2,3170,3219,0,34,19,10,2,49,50
1246,full_twig,3171,3219,0,35,19,22,0,49,50
1247,broken_twig,3175,3219,0,39,19,22,1,49,50
320,dugupsoil2_light,3179,3219,0,43,19,22,1,49,50
321,dugupsoil3_light,3180,3219,0,44,19,22,3,49,50
320,dugupsoil2_light,3181,3219,0,45,19,22,2,49,50
320,dugupsoil2_light,3183,3219,0,47,19,22,1,49,50
1247,broken_twig,3187,3219,0,51,19,22,2,49,50
4735,short_grass_1,3192,3219,0,56,19,22,1,49,50
1247,broken_twig,3193,3219,0,57,19,22,3,49,50
1246,full_twig,3194,3219,0,58,19,22,1,49,50
1911,castlewall,3198,3219,0,62,19,1,2,49,50
1651,cross_castleedge,3198,3219,1,62,19,1,2,49,50
1911,castlewall,3199,3219,0,63,19,9,2,49,50
1651,cross_castleedge,3199,3219,1,63,19,9,2,49,50
336,dugupsoil2_grey,3200,3219,0,0,19,22,0,50,50
362,barrel,3200,3219,0,0,19,10,2,50,50
1911,castlewall,3201,3219,0,1,19,0,0,50,50
1651,cross_castleedge,3201,3219,1,1,19,0,0,50,50
4737,short_grass_3,3203,3219,0,3,19,22,3,50,50
1911,castlewall,3204,3219,0,4,19,0,2,50,50
4740,short_grass_4_castle_edge,3204,3219,0,4,19,22,2,50,50
840,wallshield,3204,3219,1,4,19,5,2,50,50
1911,castlewall,3204,3219,1,4,19,0,2,50,50
1913,castlebattlements,3204,3219,2,4,19,0,2,50,50
196,torch,3205,3219,0,5,19,4,0,50,50
925,rugcorner,3206,3219,0,6,19,22,3,50,50
940,bluerugcorner,3206,3219,1,6,19,22,3,50,50
1911,castlewall,3206,3219,2,6,19,1,1,50,50
1913,castlebattlements,3206,3219,3,6,19,0,2,50,50
926,rugside,3207,3219,0,7,19,22,2,50,50
901,hangingbannerr,3207,3219,1,7,19,5,2,50,50
940,bluerugcorner,3207,3219,1,7,19,22,2,50,50
1902,brickwall,3207,3219,1,7,19,0,2,50,50
24123,fai_falador_bank_door_inactive_l,3207,3219,2,7,19,0,1,50,50
925,rugcorner,3208,3219,0,8,19,22,2,50,50
346,cabinet,3208,3219,1,8,19,10,0,50,50
941,bluerugside,3208,3219,2,8,19,22,3,50,50
1097,throne,3209,3219,0,9,19,10,0,50,50
925,rugcorner,3209,3219,1,9,19,22,3,50,50
942,bluerugmiddle,3209,3219,2,9,19,22,0,50,50
925,rugcorner,3210,3219,1,10,19,22,2,50,50
941,bluerugside,3210,3219,2,10,19,22,1,50,50
1911,castlewall,3211,3219,2,11,19,0,0,50,50
1913,castlebattlements,3211,3219,3,11,19,0,0,50,50
5556,hanging_tapestry2,3212,3219,0,12,19,4,2,50,50
901,hangingbannerr,3213,3219,0,13,19,5,0,50,50
1911,castlewall,3213,3219,0,13,19,0,0,50,50
817,suitofarmour,3213,3219,1,13,19,10,1,50,50
941,bluerugside,3214,3219,0,14,19,22,3,50,50
1911,castlewall,3214,3219,1,14,19,0,0,50,50
1913,castlebattlements,3214,3219,2,14,19,0,0,50,50
941,bluerugside,3215,3219,0,15,19,22,1,50,50
1530,inaccastledoubledoorropen,3216,3219,0,16,19,0,1,50,50
1913,castlebattlements,3217,3219,1,17,19,0,0,50,50
3684,death_skewsteps,3218,3219,0,18,19,22,3,50,50
3684,death_skewsteps,3219,3219,0,19,19,22,3,50,50
3684,death_skewsteps,3220,3219,0,20,19,22,3,50,50
336,dugupsoil2_grey,3226,3219,0,26,19,22,2,50,50
1913,castlebattlements,3226,3219,2,26,19,0,2,50,50
827,damagedarmour3,3227,3219,2,27,19,22,2,50,50
336,dugupsoil2_grey,3228,3219,0,28,19,22,1,50,50
1557,portcullis_2r,3230,3219,1,30,19,0,0,50,50
255,winch,3230,3219,2,30,19,10,2,50,50
1913,castlebattlements,3231,3219,2,31,19,0,0,50,50
336,dugupsoil2_grey,3234,3219,0,34,19,22,0,50,50
325,dugupsoil2_light2,3241,3219,0,41,19,22,2,50,50
981,gardenfencing,3241,3219,0,41,19,3,1,50,50
980,fencing,3242,3219,0,42,19,9,1,50,50
326,dugupsoil3_light2,3243,3219,0,43,19,22,3,50,50
325,dugupsoil2_light2,3244,3219,0,44,19,22,1,50,50
44603,blankwall_no_blockrange,3245,3219,0,45,19,9,1,50,50
44603,blankwall_no_blockrange,3246,3219,0,46,19,0,3,50,50
44603,blankwall_no_blockrange,3247,3219,0,47,19,0,3,50,50
44603,blankwall_no_blockrange,3248,3219,0,48,19,0,3,50,50
44603,blankwall_no_blockrange,3249,3219,0,49,19,0,3,50,50
44603,blankwall_no_blockrange,3250,3219,0,50,19,0,3,50,50
44603,blankwall_no_blockrange,3256,3219,0,56,19,9,3,50,50
321,dugupsoil3_light,3257,3219,0,57,19,22,1,50,50
320,dugupsoil2_light,3258,3219,0,58,19,22,2,50,50
1392,plant2,3259,3219,0,59,19,10,3,50,50
4735,short_grass_1,3261,3219,0,61,19,22,1,50,50
1247,broken_twig,3139,3220,0,3,20,22,1,49,50
1247,broken_twig,3140,3220,0,4,20,22,2,49,50
1247,broken_twig,3142,3220,0,6,20,22,2,49,50
1276,tree,3142,3220,0,6,20,10,2,49,50
1247,broken_twig,3143,3220,0,7,20,22,0,49,50
1286,deadtree2,3145,3220,0,9,20,10,1,49,50
16433,randomsound_song_birds,3147,3220,0,11,20,22,0,49,50
4735,short_grass_1,3149,3220,0,13,20,22,3,49,50
4735,short_grass_1,3150,3220,0,14,20,22,0,49,50
4736,short_grass_2,3151,3220,0,15,20,22,0,49,50
4738,short_grass_4,3152,3220,0,16,20,22,2,49,50
1278,tree2,3153,3220,0,17,20,10,0,49,50
4738,short_grass_4,3153,3220,0,17,20,22,1,49,50
4738,short_grass_4,3154,3220,0,18,20,22,3,49,50
4738,short_grass_4,3155,3220,0,19,20,22,2,49,50
1297,darkfallentree,3156,3220,0,20,20,10,3,49,50
4737,short_grass_3,3156,3220,0,20,20,22,1,49,50
4736,short_grass_2,3157,3220,0,21,20,22,1,49,50
4735,short_grass_1,3159,3220,0,23,20,22,0,49,50
4735,short_grass_1,3160,3220,0,24,20,22,3,49,50
884,well,3161,3220,0,25,20,10,0,49,50
2771,water_source_icon,3161,3220,0,25,20,22,2,49,50
4735,short_grass_1,3162,3220,0,26,20,22,1,49,50
4738,short_grass_4,3163,3220,0,27,20,22,3,49,50
4737,short_grass_3,3164,3220,0,28,20,22,1,49,50
2767,rare_trees_icon,3166,3220,0,30,20,22,0,49,50
1247,broken_twig,3170,3220,0,34,20,22,2,49,50
1247,broken_twig,3171,3220,0,35,20,22,2,49,50
1247,broken_twig,3175,3220,0,39,20,22,0,49,50
1247,broken_twig,3176,3220,0,40,20,22,2,49,50
1278,tree2,3176,3220,0,40,20,10,3,49,50
1246,full_twig,3177,3220,0,41,20,22,0,49,50
320,dugupsoil2_light,3180,3220,0,44,20,22,0,49,50
320,dugupsoil2_light,3182,3220,0,46,20,22,3,49,50
319,dugupsoil1_light,3183,3220,0,47,20,22,0,49,50
320,dugupsoil2_light,3184,3220,0,48,20,22,2,49,50
4735,short_grass_1,3191,3220,0,55,20,22,0,49,50
4735,short_grass_1,3192,3220,0,56,20,22,2,49,50
4737,short_grass_3,3193,3220,0,57,20,22,2,49,50
4735,short_grass_1,3194,3220,0,58,20,22,0,49,50
1276,tree,3195,3220,0,59,20,10,1,49,50
1246,full_twig,3196,3220,0,60,20,22,3,49,50
4735,short_grass_1,3197,3220,0,61,20,22,3,49,50
1911,castlewall,3199,3220,0,63,20,1,2,49,50
4735,short_grass_1,3199,3220,0,63,20,22,3,49,50
1651,cross_castleedge,3199,3220,1,63,20,1,2,49,50
1911,castlewall,3200,3220,0,0,20,0,3,50,50
4735,short_grass_1,3200,3220,0,0,20,22,2,50,50
1651,cross_castleedge,3200,3220,1,0,20,0,3,50,50
1911,castlewall,3201,3220,0,1,20,0,0,50,50
1651,cross_castleedge,3201,3220,1,1,20,0,0,50,50
4735,short_grass_1,3203,3220,0,3,20,22,3,50,50
1911,castlewall,3204,3220,0,4,20,0,2,50,50
4739,short_grass_3_castle_edge,3204,3220,0,4,20,22,2,50,50
1911,castlewall,3204,3220,1,4,20,0,2,50,50
1938,castlearrowslit,3204,3220,1,4,20,5,2,50,50
1913,castlebattlements,3204,3220,2,4,20,0,2,50,50
5555,hanging_tapestry1,3205,3220,0,5,20,4,0,50,50
5791,bust_lumbridge,3205,3220,0,5,20,10,3,50,50
1938,castlearrowslit,3205,3220,1,5,20,4,0,50,50
926,rugside,3206,3220,0,6,20,22,3,50,50
941,bluerugside,3206,3220,1,6,20,22,3,50,50
1911,castlewall,3206,3220,2,6,20,0,2,50,50
1913,castlebattlements,3206,3220,3,6,20,0,2,50,50
927,rugmiddle,3207,3220,0,7,20,22,2,50,50
899,hangingbannerl,3207,3220,1,7,20,5,2,50,50
941,bluerugside,3207,3220,1,7,20,22,1,50,50
1902,brickwall,3207,3220,1,7,20,0,2,50,50
196,torch,3207,3220,2,7,20,4,0,50,50
926,rugside,3208,3220,0,8,20,22,1,50,50
5614,chair_redseat,3208,3220,0,8,20,10,3,50,50
940,bluerugcorner,3208,3220,2,8,20,22,0,50,50
596,longtable,3209,3220,0,9,20,10,1,50,50
926,rugside,3209,3220,1,9,20,22,3,50,50
941,bluerugside,3209,3220,2,9,20,22,0,50,50
5614,chair_redseat,3210,3220,0,10,20,10,1,50,50
926,rugside,3210,3220,1,10,20,22,1,50,50
940,bluerugcorner,3210,3220,2,10,20,22,1,50,50
1938,castlearrowslit,3210,3220,2,10,20,4,2,50,50
42727,quest_start_icon_losttribe,3211,3220,1,11,20,22,0,50,50
1911,castlewall,3211,3220,2,11,20,0,0,50,50
1938,castlearrowslit,3211,3220,2,11,20,5,0,50,50
1913,castlebattlements,3211,3220,3,11,20,0,0,50,50
817,suitofarmour,3212,3220,0,12,20,10,1,50,50
821,cannon,3212,3220,2,12,20,10,3,50,50
196,torch,3213,3220,0,13,20,5,0,50,50
1911,castlewall,3213,3220,0,13,20,0,0,50,50
202,candles,3213,3220,1,13,20,10,1,50,50
1938,castlearrowslit,3213,3220,1,13,20,4,2,50,50
941,bluerugside,3214,3220,0,14,20,22,3,50,50
1911,castlewall,3214,3220,1,14,20,0,0,50,50
1938,castlearrowslit,3214,3220,1,14,20,5,0,50,50
1913,castlebattlements,3214,3220,2,14,20,0,0,50,50
941,bluerugside,3215,3220,0,15,20,22,1,50,50
196,torch,3216,3220,0,16,20,4,2,50,50
5630,flag_lumbridge_overhang_pole,3216,3220,1,16,20,10,0,50,50
1911,castlewall,3217,3220,0,17,20,0,0,50,50
5791,bust_lumbridge,3217,3220,0,17,20,10,3,50,50
1913,castlebattlements,3217,3220,1,17,20,0,0,50,50
5629,flag_lumbridge_overhang,3217,3220,1,17,20,10,0,50,50
1124,bush1,3218,3220,0,18,20,10,0,50,50
16407,bgsound_breeze_1_15,3218,3220,2,18,20,22,0,50,50
1124,bush1,3219,3220,0,19,20,10,0,50,50
44782,wildy_hub_loot_chest_pvpw_bush1,3220,3220,0,20,20,10,3,50,50
29715,lost_property_merchant_bush_forcombatty,3223,3220,0,23,20,10,0,50,50
16438,randomsound_woodland_ambience,3224,3220,2,24,20,22,0,50,50
336,dugupsoil2_grey,3225,3220,0,25,20,22,0,50,50
1913,castlebattlements,3226,3220,2,26,20,0,2,50,50
1911,castlewall,3227,3220,0,27,20,1,1,50,50
4735,short_grass_1,3227,3220,0,27,20,22,0,50,50
1911,castlewall,3227,3220,1,27,20,1,1,50,50
1911,castlewall,3228,3220,0,28,20,0,1,50,50
4739,short_grass_3_castle_edge,3228,3220,0,28,20,22,1,50,50
1911,castlewall,3228,3220,1,28,20,0,1,50,50
1938,castlearrowslit,3228,3220,1,28,20,5,1,50,50
1911,castlewall,3229,3220,0,29,20,0,1,50,50
4739,short_grass_3_castle_edge,3229,3220,0,29,20,22,1,50,50
1911,castlewall,3229,3220,1,29,20,0,1,50,50
1248,sticks_twigs,3229,3220,2,29,20,22,3,50,50
1911,castlewall,3230,3220,0,30,20,0,0,50,50
4735,short_grass_1,3230,3220,0,30,20,22,2,50,50
1911,castlewall,3230,3220,1,30,20,0,0,50,50
5556,hanging_tapestry2,3230,3220,1,30,20,5,0,50,50
822,cannonballs,3230,3220,2,30,20,10,3,50,50
9292,garden_queen_statue,3231,3220,0,31,20,10,1,50,50
1913,castlebattlements,3231,3220,2,31,20,0,0,50,50
4736,short_grass_2,3232,3220,0,32,20,22,1,50,50
33150,tutor_main_icon,3238,3220,0,38,20,22,0,50,50
325,dugupsoil2_light2,3241,3220,0,41,20,22,3,50,50
325,dugupsoil2_light2,3242,3220,0,42,20,22,3,50,50
44603,blankwall_no_blockrange,3243,3220,0,43,20,9,3,50,50
44603,blankwall_no_blockrange,3244,3220,0,44,20,0,3,50,50
44603,blankwall_no_blockrange,3255,3220,0,55,20,9,3,50,50
320,dugupsoil2_light,3256,3220,0,56,20,22,2,50,50
320,dugupsoil2_light,3257,3220,0,57,20,22,0,50,50
1393,plant3,3136,3221,0,0,21,10,2,49,50
1247,broken_twig,3138,3221,0,2,21,22,0,49,50
1247,broken_twig,3142,3221,0,6,21,22,1,49,50
1247,broken_twig,3143,3221,0,7,21,22,1,49,50
1247,broken_twig,3145,3221,0,9,21,22,2,49,50
1187,blueflower,3147,3221,0,11,21,10,1,49,50
4735,short_grass_1,3150,3221,0,14,21,22,3,49,50
4735,short_grass_1,3151,3221,0,15,21,22,1,49,50
4737,short_grass_3,3152,3221,0,16,21,22,0,49,50
4738,short_grass_4,3153,3221,0,17,21,22,1,49,50
4738,short_grass_4,3154,3221,0,18,21,22,1,49,50
4737,short_grass_3,3155,3221,0,19,21,22,0,49,50
4737,short_grass_3,3156,3221,0,20,21,22,1,49,50
16438,randomsound_woodland_ambience,3159,3221,0,23,21,22,0,49,50
324,dugupsoil1_light2,3161,3221,0,25,21,22,0,49,50
4737,short_grass_3,3163,3221,0,27,21,22,0,49,50
4735,short_grass_1,3164,3221,0,28,21,22,0,49,50
1253,grass_1,3167,3221,0,31,21,22,2,49,50
4735,short_grass_1,3170,3221,0,34,21,22,3,49,50
4735,short_grass_1,3171,3221,0,35,21,22,3,49,50
1247,broken_twig,3173,3221,0,37,21,22,3,49,50
1278,tree2,3173,3221,0,37,21,10,2,49,50
1246,full_twig,3174,3221,0,38,21,22,2,49,50
1246,full_twig,3176,3221,0,40,21,22,3,49,50
1247,broken_twig,3177,3221,0,41,21,22,3,49,50
320,dugupsoil2_light,3183,3221,0,47,21,22,2,49,50
1276,tree,3185,3221,0,49,21,10,1,49,50
1247,broken_twig,3186,3221,0,50,21,22,0,49,50
1247,broken_twig,3190,3221,0,54,21,22,1,49,50
1276,tree,3190,3221,0,54,21,10,3,49,50
1247,broken_twig,3191,3221,0,55,21,22,0,49,50
4736,short_grass_2,3192,3221,0,56,21,22,3,49,50
4738,short_grass_4,3193,3221,0,57,21,22,1,49,50
4736,short_grass_2,3194,3221,0,58,21,22,2,49,50
1247,broken_twig,3195,3221,0,59,21,22,2,49,50
1247,broken_twig,3196,3221,0,60,21,22,1,49,50
4735,short_grass_1,3198,3221,0,62,21,22,0,49,50
4735,short_grass_1,3199,3221,0,63,21,22,3,49,50
1938,castlearrowslit,3200,3221,0,0,21,4,2,50,50
4736,short_grass_2,3200,3221,0,0,21,22,3,50,50
1646,oldcastlearrowslit,3201,3221,0,1,21,5,0,50,50
1911,castlewall,3201,3221,0,1,21,0,0,50,50
1651,cross_castleedge,3201,3221,1,1,21,0,0,50,50
4735,short_grass_1,3203,3221,0,3,21,22,3,50,50
1911,castlewall,3204,3221,0,4,21,0,2,50,50
4741,short_grass_4_castle_edge2,3204,3221,0,4,21,22,2,50,50
1911,castlewall,3204,3221,1,4,21,0,2,50,50
1913,castlebattlements,3204,3221,2,4,21,0,2,50,50
24970,grandfireplace,3205,3221,0,5,21,10,0,50,50
202,candles,3205,3221,1,5,21,10,1,50,50
840,wallshield,3205,3221,1,5,21,4,0,50,50
926,rugside,3206,3221,0,6,21,22,3,50,50
940,bluerugcorner,3206,3221,1,6,21,22,0,50,50
1911,castlewall,3206,3221,2,6,21,0,2,50,50
1938,castlearrowslit,3206,3221,2,6,21,5,2,50,50
33151,tutor_bank_icon,3206,3221,2,6,21,22,0,50,50
1913,castlebattlements,3206,3221,3,6,21,0,2,50,50
927,rugmiddle,3207,3221,0,7,21,22,2,50,50
196,torch,3207,3221,1,7,21,5,2,50,50
940,bluerugcorner,3207,3221,1,7,21,22,1,50,50
1902,brickwall,3207,3221,1,7,21,0,2,50,50
1938,castlearrowslit,3207,3221,2,7,21,4,0,50,50
18492,aide_bankbooth_closed,3207,3221,2,7,21,10,2,50,50
926,rugside,3208,3221,0,8,21,22,1,50,50
5614,chair_redseat,3208,3221,0,8,21,10,3,50,50
196,torch,3208,3221,1,8,21,4,0,50,50
18491,aide_bankbooth,3208,3221,2,8,21,10,2,50,50
925,rugcorner,3209,3221,1,9,21,22,0,50,50
27291,aide_bankbooth_multi,3209,3221,2,9,21,10,2,50,50
5614,chair_redseat,3210,3221,0,10,21,10,1,50,50
925,rugcorner,3210,3221,1,10,21,22,1,50,50
2738,bank_store_icon,3210,3221,2,10,21,22,0,50,50
18492,aide_bankbooth_closed,3210,3221,2,10,21,10,2,50,50
424,bigbed,3211,3221,1,11,21,10,1,50,50
1248,sticks_twigs,3211,3221,2,11,21,22,3,50,50
1911,castlewall,3211,3221,2,11,21,0,0,50,50
1913,castlebattlements,3211,3221,3,11,21,0,0,50,50
12349,hundred_lumbridge_doubledoorl,3213,3221,0,13,21,0,0,50,50
901,hangingbannerr,3213,3221,1,13,21,4,2,50,50
822,cannonballs,3213,3221,2,13,21,10,3,50,50
940,bluerugcorner,3214,3221,0,14,21,22,0,50,50
840,wallshield,3214,3221,1,14,21,5,0,50,50
1911,castlewall,3214,3221,1,14,21,0,0,50,50
1913,castlebattlements,3214,3221,2,14,21,0,0,50,50
940,bluerugcorner,3215,3221,0,15,21,22,1,50,50
840,wallshield,3217,3221,0,17,21,5,0,50,50
1911,castlewall,3217,3221,0,17,21,0,0,50,50
1913,castlebattlements,3217,3221,1,17,21,0,0,50,50
4735,short_grass_1,3224,3221,0,24,21,22,0,50,50
1911,castlewall,3226,3221,0,26,21,1,1,50,50
4735,short_grass_1,3226,3221,0,26,21,22,0,50,50
1911,castlewall,3226,3221,1,26,21,1,1,50,50
1913,castlebattlements,3226,3221,2,26,21,0,2,50,50
840,wallshield,3227,3221,0,27,21,6,1,50,50
1911,castlewall,3227,3221,0,27,21,9,1,50,50
196,torch,3227,3221,1,27,21,7,1,50,50
1911,castlewall,3227,3221,1,27,21,9,1,50,50
817,suitofarmour,3228,3221,0,28,21,10,2,50,50
901,hangingbannerr,3228,3221,0,28,21,4,3,50,50
1938,castlearrowslit,3228,3221,1,28,21,4,3,50,50
2877,barrel_staffs,3228,3221,1,28,21,10,2,50,50
1247,broken_twig,3228,3221,2,28,21,22,3,50,50
899,hangingbannerl,3229,3221,0,29,21,4,3,50,50
4641,barrel_stacked,3229,3221,0,29,21,10,3,50,50
358,crate3_old,3229,3221,1,29,21,10,1,50,50
821,cannon,3229,3221,2,29,21,10,3,50,50
1248,sticks_twigs,3229,3221,2,29,21,22,0,50,50
196,torch,3230,3221,0,30,21,7,0,50,50
1911,castlewall,3230,3221,0,30,21,9,0,50,50
196,torch,3230,3221,1,30,21,7,0,50,50
1911,castlewall,3230,3221,1,30,21,9,0,50,50
1911,castlewall,3231,3221,0,31,21,1,0,50,50
1911,castlewall,3231,3221,1,31,21,1,0,50,50
1913,castlebattlements,3231,3221,2,31,21,0,0,50,50
336,dugupsoil2_grey,3235,3221,0,35,21,22,3,50,50
325,dugupsoil2_light2,3241,3221,0,41,21,22,1,50,50
325,dugupsoil2_light2,3242,3221,0,42,21,22,0,50,50
44603,blankwall_no_blockrange,3243,3221,0,43,21,0,0,50,50
44603,blankwall_no_blockrange,3254,3221,0,54,21,9,3,50,50
320,dugupsoil2_light,3255,3221,0,55,21,22,3,50,50
320,dugupsoil2_light,3256,3221,0,56,21,22,1,50,50
1394,plant4,3256,3221,0,56,21,10,0,50,50
4735,short_grass_1,3258,3221,0,58,21,22,3,50,50
4735,short_grass_1,3259,3221,0,59,21,22,2,50,50
1276,tree,3138,3222,0,2,22,10,3,49,50
1247,broken_twig,3139,3222,0,3,22,22,2,49,50
1276,tree,3145,3222,0,9,22,10,0,49,50
1247,broken_twig,3146,3222,0,10,22,22,0,49,50
1173,smallfern,3149,3222,0,13,22,10,0,49,50
1247,broken_twig,3149,3222,0,13,22,22,3,49,50
4735,short_grass_1,3151,3222,0,15,22,22,0,49,50
4735,short_grass_1,3152,3222,0,16,22,22,2,49,50
4737,short_grass_3,3153,3222,0,17,22,22,0,49,50
4737,short_grass_3,3154,3222,0,18,22,22,0,49,50
4737,short_grass_3,3155,3222,0,19,22,22,0,49,50
4735,short_grass_1,3162,3222,0,26,22,22,3,49,50
4735,short_grass_1,3163,3222,0,27,22,22,1,49,50
4735,short_grass_1,3164,3222,0,28,22,22,3,49,50
4735,short_grass_1,3165,3222,0,29,22,22,3,49,50
4735,short_grass_1,3166,3222,0,30,22,22,3,49,50
4735,short_grass_1,3169,3222,0,33,22,22,2,49,50
4735,short_grass_1,3170,3222,0,34,22,22,0,49,50
4735,short_grass_1,3171,3222,0,35,22,22,2,49,50
4735,short_grass_1,3172,3222,0,36,22,22,2,49,50
1247,broken_twig,3173,3222,0,37,22,22,3,49,50
1244,small_grass_stones,3174,3222,0,38,22,22,3,49,50
4735,short_grass_1,3176,3222,0,40,22,22,3,49,50
4737,short_grass_3,3177,3222,0,41,22,22,2,49,50
1246,full_twig,3185,3222,0,49,22,22,3,49,50
1247,broken_twig,3186,3222,0,50,22,22,1,49,50
4735,short_grass_1,3188,3222,0,52,22,22,1,49,50
4735,short_grass_1,3189,3222,0,53,22,22,0,49,50
1246,full_twig,3190,3222,0,54,22,22,2,49,50
1247,broken_twig,3191,3222,0,55,22,22,0,49,50
4737,short_grass_3,3192,3222,0,56,22,22,3,49,50
1189,daisys,3193,3222,0,57,22,10,2,49,50
4738,short_grass_4,3193,3222,0,57,22,22,2,49,50
4737,short_grass_3,3194,3222,0,58,22,22,1,49,50
4735,short_grass_1,3195,3222,0,59,22,22,3,49,50
4735,short_grass_1,3196,3222,0,60,22,22,2,49,50
4735,short_grass_1,3198,3222,0,62,22,22,3,49,50
4735,short_grass_1,3199,3222,0,63,22,22,3,49,50
4737,short_grass_3,3200,3222,0,0,22,22,3,50,50
1911,castlewall,3201,3222,0,1,22,0,0,50,50
1651,cross_castleedge,3201,3222,1,1,22,0,0,50,50
4737,short_grass_3,3203,3222,0,3,22,22,0,50,50
1911,castlewall,3204,3222,0,4,22,0,2,50,50
4740,short_grass_4_castle_edge,3204,3222,0,4,22,22,2,50,50
1911,castlewall,3204,3222,1,4,22,0,2,50,50
1913,castlebattlements,3204,3222,2,4,22,0,2,50,50
837,cabinet_axes,3205,3222,1,5,22,10,0,50,50
365,sacks,3205,3222,2,5,22,10,0,50,50
926,rugside,3206,3222,0,6,22,22,3,50,50
1911,castlewall,3206,3222,2,6,22,0,2,50,50
1913,castlebattlements,3206,3222,3,6,22,0,2,50,50
927,rugmiddle,3207,3222,0,7,22,22,2,50,50
1543,elfdoor,3207,3222,1,7,22,0,2,50,50
196,torch,3207,3222,2,7,22,4,1,50,50
926,rugside,3208,3222,0,8,22,22,1,50,50
5614,chair_redseat,3208,3222,0,8,22,10,3,50,50
1938,castlearrowslit,3208,3222,2,8,22,4,1,50,50
925,rugcorner,3209,3222,1,9,22,22,3,50,50
5614,chair_redseat,3210,3222,0,10,22,10,1,50,50
925,rugcorner,3210,3222,1,10,22,22,2,50,50
196,torch,3210,3222,2,10,22,7,3,50,50
1911,castlewall,3210,3222,2,10,22,9,3,50,50
1913,castlebattlements,3210,3222,3,10,22,9,3,50,50
1911,castlewall,3211,3222,2,11,22,1,3,50,50
1913,castlebattlements,3211,3222,3,11,22,1,3,50,50
12350,hundred_lumbridge_doubledoorr,3213,3222,0,13,22,0,0,50,50
899,hangingbannerl,3213,3222,1,13,22,4,2,50,50
1911,castlewall,3214,3222,1,14,22,0,0,50,50
1913,castlebattlements,3214,3222,2,14,22,0,0,50,50
821,cannon,3215,3222,1,15,22,10,3,50,50
1247,broken_twig,3215,3222,1,15,22,22,0,50,50
1911,castlewall,3217,3222,0,17,22,0,0,50,50
1913,castlebattlements,3217,3222,1,17,22,0,0,50,50
4735,short_grass_1,3224,3222,0,24,22,22,2,50,50
1911,castlewall,3226,3222,0,26,22,0,2,50,50
1911,castlewall,3226,3222,1,26,22,0,2,50,50
1938,castlearrowslit,3226,3222,1,26,22,5,2,50,50
1913,castlebattlements,3226,3222,2,26,22,0,2,50,50
1938,castlearrowslit,3227,3222,1,27,22,4,0,50,50
364,barrelwithtap,3227,3222,2,27,22,10,3,50,50
840,wallshield,3230,3222,0,30,22,4,2,50,50
1938,castlearrowslit,3230,3222,1,30,22,4,2,50,50
822,cannonballs,3230,3222,2,30,22,10,3,50,50
840,wallshield,3231,3222,0,31,22,5,0,50,50
1911,castlewall,3231,3222,0,31,22,0,0,50,50
5536,short_grass_wall_edge_2,3231,3222,0,31,22,22,2,50,50
1911,castlewall,3231,3222,1,31,22,0,0,50,50
1938,castlearrowslit,3231,3222,1,31,22,5,0,50,50
1913,castlebattlements,3231,3222,2,31,22,0,0,50,50
1189,daisys,3237,3222,0,37,22,11,3,50,50
324,dugupsoil1_light2,3241,3222,0,41,22,22,3,50,50
44603,blankwall_no_blockrange,3242,3222,0,42,22,9,1,50,50
5605,rock_pool_small,3249,3222,0,49,22,10,2,50,50
44603,blankwall_no_blockrange,3252,3222,0,52,22,9,3,50,50
320,dugupsoil2_light,3253,3222,0,53,22,22,2,50,50
44603,blankwall_no_blockrange,3253,3222,0,53,22,0,3,50,50
321,dugupsoil3_light,3254,3222,0,54,22,22,2,50,50
320,dugupsoil2_light,3255,3222,0,55,22,22,0,50,50
4735,short_grass_1,3258,3222,0,58,22,22,0,50,50
1247,broken_twig,3138,3223,0,2,23,22,3,49,50
1247,broken_twig,3139,3223,0,3,23,22,2,49,50
1276,tree,3140,3223,0,4,23,10,1,49,50
1246,full_twig,3141,3223,0,5,23,22,1,49,50
1173,smallfern,3143,3223,0,7,23,10,0,49,50
1247,broken_twig,3145,3223,0,9,23,22,2,49,50
1247,broken_twig,3146,3223,0,10,23,22,3,49,50
1173,smallfern,3148,3223,0,12,23,10,0,49,50
1247,broken_twig,3149,3223,0,13,23,22,3,49,50
1298,fern,3149,3223,0,13,23,10,1,49,50
1392,plant2,3151,3223,0,15,23,10,1,49,50
4735,short_grass_1,3153,3223,0,17,23,22,1,49,50
4735,short_grass_1,3154,3223,0,18,23,22,3,49,50
4735,short_grass_1,3155,3223,0,19,23,22,2,49,50
4735,short_grass_1,3161,3223,0,25,23,22,3,49,50
4736,short_grass_2,3162,3223,0,26,23,22,3,49,50
4737,short_grass_3,3163,3223,0,27,23,22,2,49,50
4736,short_grass_2,3164,3223,0,28,23,22,2,49,50
4735,short_grass_1,3165,3223,0,29,23,22,2,49,50
1278,tree2,3166,3223,0,30,23,10,1,49,50
1247,broken_twig,3167,3223,0,31,23,22,0,49,50
4735,short_grass_1,3168,3223,0,32,23,22,3,49,50
4735,short_grass_1,3169,3223,0,33,23,22,1,49,50
1278,tree2,3170,3223,0,34,23,10,1,49,50
4735,short_grass_1,3170,3223,0,34,23,22,3,49,50
1247,broken_twig,3171,3223,0,35,23,22,1,49,50
4736,short_grass_2,3172,3223,0,36,23,22,3,49,50
4736,short_grass_2,3173,3223,0,37,23,22,2,49,50
4735,short_grass_1,3174,3223,0,38,23,22,0,49,50
4735,short_grass_1,3175,3223,0,39,23,22,0,49,50
4736,short_grass_2,3176,3223,0,40,23,22,3,49,50
4736,short_grass_2,3177,3223,0,41,23,22,2,49,50
4736,short_grass_2,3178,3223,0,42,23,22,2,49,50
4735,short_grass_1,3187,3223,0,51,23,22,1,49,50
4736,short_grass_2,3188,3223,0,52,23,22,2,49,50
4735,short_grass_1,3189,3223,0,53,23,22,3,49,50
4735,short_grass_1,3190,3223,0,54,23,22,2,49,50
4735,short_grass_1,3191,3223,0,55,23,22,3,49,50
4736,short_grass_2,3192,3223,0,56,23,22,0,49,50
4737,short_grass_3,3193,3223,0,57,23,22,0,49,50
4736,short_grass_2,3194,3223,0,58,23,22,1,49,50
4735,short_grass_1,3195,3223,0,59,23,22,1,49,50
4735,short_grass_1,3196,3223,0,60,23,22,1,49,50
4736,short_grass_2,3197,3223,0,61,23,22,3,49,50
4737,short_grass_3,3198,3223,0,62,23,22,2,49,50
4735,short_grass_1,3199,3223,0,63,23,22,3,49,50
4736,short_grass_2,3200,3223,0,0,23,22,0,50,50
1911,castlewall,3201,3223,0,1,23,0,0,50,50
1651,cross_castleedge,3201,3223,1,1,23,0,0,50,50
4735,short_grass_1,3203,3223,0,3,23,22,2,50,50
1911,castlewall,3204,3223,0,4,23,0,2,50,50
4739,short_grass_3_castle_edge,3204,3223,0,4,23,22,2,50,50
1911,castlewall,3204,3223,1,4,23,0,2,50,50
1913,castlebattlements,3204,3223,2,4,23,0,2,50,50
926,rugside,3206,3223,0,6,23,22,3,50,50
1248,sticks_twigs,3206,3223,2,6,23,22,3,50,50
1911,castlewall,3206,3223,2,6,23,1,2,50,50
1913,castlebattlements,3206,3223,3,6,23,1,2,50,50
927,rugmiddle,3207,3223,0,7,23,22,2,50,50
196,torch,3207,3223,1,7,23,5,2,50,50
1902,brickwall,3207,3223,1,7,23,0,2,50,50
822,cannonballs,3207,3223,2,7,23,11,3,50,50
1911,castlewall,3207,3223,2,7,23,0,3,50,50
1913,castlebattlements,3207,3223,3,7,23,0,3,50,50
926,rugside,3208,3223,0,8,23,22,1,50,50
5614,chair_redseat,3208,3223,0,8,23,10,3,50,50
196,torch,3208,3223,1,8,23,4,0,50,50
1911,castlewall,3208,3223,2,8,23,0,3,50,50
1938,castlearrowslit,3208,3223,2,8,23,5,3,50,50
37444,logpile_small,3208,3223,2,8,23,10,1,50,50
1913,castlebattlements,3208,3223,3,8,23,0,3,50,50
926,rugside,3209,3223,1,9,23,22,3,50,50
1911,castlewall,3209,3223,2,9,23,0,3,50,50
37444,logpile_small,3209,3223,2,9,23,10,3,50,50
1913,castlebattlements,3209,3223,3,9,23,0,3,50,50
5614,chair_redseat,3210,3223,0,10,23,10,1,50,50
926,rugside,3210,3223,1,10,23,22,1,50,50
822,cannonballs,3210,3223,2,10,23,11,1,50,50
1911,castlewall,3210,3223,2,10,23,1,3,50,50
1913,castlebattlements,3210,3223,3,10,23,1,3,50,50
817,suitofarmour,3212,3223,0,12,23,10,1,50,50
821,cannon,3212,3223,2,12,23,10,3,50,50
1248,sticks_twigs,3212,3223,2,12,23,22,2,50,50
196,torch,3213,3223,0,13,23,5,0,50,50
1911,castlewall,3213,3223,0,13,23,0,0,50,50
202,candles,3213,3223,1,13,23,10,1,50,50
1938,castlearrowslit,3213,3223,1,13,23,4,2,50,50
1911,castlewall,3214,3223,1,14,23,0,0,50,50
1938,castlearrowslit,3214,3223,1,14,23,5,0,50,50
1913,castlebattlements,3214,3223,2,14,23,0,0,50,50
1247,broken_twig,3215,3223,1,15,23,22,0,50,50
1938,castlearrowslit,3216,3223,0,16,23,4,2,50,50
1911,castlewall,3217,3223,0,17,23,0,0,50,50
1938,castlearrowslit,3217,3223,0,17,23,5,0,50,50
1913,castlebattlements,3217,3223,1,17,23,0,0,50,50
336,dugupsoil2_grey,3226,3223,0,26,23,22,2,50,50
1535,poordoor,3226,3223,0,26,23,0,2,50,50
1911,castlewall,3226,3223,1,26,23,0,2,50,50
1913,castlebattlements,3226,3223,2,26,23,0,2,50,50
1107,wallbench,3227,3223,1,27,23,4,0,50,50
4641,barrel_stacked,3227,3223,2,27,23,10,0,50,50
767,floor_depth2,3229,3223,1,29,23,22,0,50,50
973,hanging_javelin,3230,3223,0,30,23,4,2,50,50
1107,wallbench,3230,3223,1,30,23,4,2,50,50
5630,flag_lumbridge_overhang_pole,3230,3223,2,30,23,10,0,50,50
1911,castlewall,3231,3223,0,31,23,0,0,50,50
4739,short_grass_3_castle_edge,3231,3223,0,31,23,22,0,50,50
1911,castlewall,3231,3223,1,31,23,0,0,50,50
1913,castlebattlements,3231,3223,2,31,23,0,0,50,50
5629,flag_lumbridge_overhang,3231,3223,2,31,23,10,0,50,50
33162,tutor_danger_icon,3232,3223,0,32,23,22,0,50,50
325,dugupsoil2_light2,3241,3223,0,41,23,22,2,50,50
44603,blankwall_no_blockrange,3242,3223,0,42,23,0,0,50,50
5604,rock_pool,3246,3223,0,46,23,10,2,50,50
3547,regicide_grass1,3248,3223,0,48,23,22,3,50,50
320,dugupsoil2_light,3249,3223,0,49,23,22,2,50,50
44603,blankwall_no_blockrange,3249,3223,0,49,23,9,3,50,50
320,dugupsoil2_light,3250,3223,0,50,23,22,1,50,50
44603,blankwall_no_blockrange,3250,3223,0,50,23,0,3,50,50
320,dugupsoil2_light,3251,3223,0,51,23,22,1,50,50
44603,blankwall_no_blockrange,3251,3223,0,51,23,0,3,50,50
321,dugupsoil3_light,3252,3223,0,52,23,22,0,50,50
320,dugupsoil2_light,3253,3223,0,53,23,22,3,50,50
320,dugupsoil2_light,3254,3223,0,54,23,22,1,50,50
320,dugupsoil2_light,3255,3223,0,55,23,22,3,50,50
10820,oaktree,3260,3223,0,60,23,10,2,50,50
1391,plant1,3138,3224,0,2,24,10,3,49,50
1246,full_twig,3140,3224,0,4,24,22,0,49,50
1298,fern,3143,3224,0,7,24,11,1,49,50
1253,grass_1,3154,3224,0,18,24,22,2,49,50
1276,tree,3154,3224,0,18,24,10,3,49,50
1247,broken_twig,3155,3224,0,19,24,22,3,49,50
4735,short_grass_1,3156,3224,0,20,24,22,2,49,50
1171,nastyfungus_dark,3157,3224,0,21,24,10,0,49,50
4735,short_grass_1,3160,3224,0,24,24,22,2,49,50
4736,short_grass_2,3161,3224,0,25,24,22,3,49,50
1171,nastyfungus_dark,3162,3224,0,26,24,10,3,49,50
4738,short_grass_4,3162,3224,0,26,24,22,1,49,50
4738,short_grass_4,3163,3224,0,27,24,22,2,49,50
4738,short_grass_4,3164,3224,0,28,24,22,2,49,50
4736,short_grass_2,3165,3224,0,29,24,22,2,49,50
4735,short_grass_1,3166,3224,0,30,24,22,3,49,50
1247,broken_twig,3167,3224,0,31,24,22,1,49,50
4736,short_grass_2,3168,3224,0,32,24,22,3,49,50
4737,short_grass_3,3169,3224,0,33,24,22,2,49,50
4736,short_grass_2,3170,3224,0,34,24,22,2,49,50
4735,short_grass_1,3171,3224,0,35,24,22,0,49,50
4737,short_grass_3,3172,3224,0,36,24,22,2,49,50
4737,short_grass_3,3173,3224,0,37,24,22,2,49,50
1246,full_twig,3174,3224,0,38,24,22,2,49,50
1278,tree2,3174,3224,0,38,24,10,0,49,50
1246,full_twig,3175,3224,0,39,24,22,3,49,50
4735,short_grass_1,3176,3224,0,40,24,22,1,49,50
4738,short_grass_4,3177,3224,0,41,24,22,3,49,50
4737,short_grass_3,3178,3224,0,42,24,22,1,49,50
1276,tree,3180,3224,0,44,24,10,0,49,50
1248,sticks_twigs,3181,3224,0,45,24,22,0,49,50
4736,short_grass_2,3186,3224,0,50,24,22,3,49,50
4737,short_grass_3,3187,3224,0,51,24,22,2,49,50
4737,short_grass_3,3188,3224,0,52,24,22,2,49,50
1247,broken_twig,3189,3224,0,53,24,22,3,49,50
1276,tree,3189,3224,0,53,24,10,0,49,50
1246,full_twig,3190,3224,0,54,24,22,0,49,50
16433,randomsound_song_birds,3191,3224,0,55,24,22,0,49,50
1276,tree,3192,3224,0,56,24,10,3,49,50
4735,short_grass_1,3193,3224,0,57,24,22,1,49,50
4736,short_grass_2,3194,3224,0,58,24,22,3,49,50
1173,smallfern,3195,3224,0,59,24,10,0,49,50
4738,short_grass_4,3195,3224,0,59,24,22,3,49,50
4738,short_grass_4,3196,3224,0,60,24,22,3,49,50
4737,short_grass_3,3197,3224,0,61,24,22,3,49,50
4738,short_grass_4,3198,3224,0,62,24,22,3,49,50
5628,flag_lumbridge,3198,3224,0,62,24,10,2,49,50
4736,short_grass_2,3199,3224,0,63,24,22,3,49,50
1911,castlewall,3200,3224,0,0,24,3,2,50,50
1938,castlearrowslit,3200,3224,0,0,24,4,2,50,50
4735,short_grass_1,3200,3224,0,0,24,22,2,50,50
1913,castlebattlements,3200,3224,1,0,24,3,2,50,50
1646,oldcastlearrowslit,3201,3224,0,1,24,5,0,50,50
1911,castlewall,3201,3224,0,1,24,0,0,50,50
1651,cross_castleedge,3201,3224,1,1,24,0,0,50,50
4735,short_grass_1,3203,3224,0,3,24,22,3,50,50
1911,castlewall,3204,3224,0,4,24,0,2,50,50
4741,short_grass_4_castle_edge2,3204,3224,0,4,24,22,2,50,50
1911,castlewall,3204,3224,1,4,24,0,2,50,50
1938,castlearrowslit,3204,3224,1,4,24,5,2,50,50
1913,castlebattlements,3204,3224,2,4,24,0,2,50,50
5555,hanging_tapestry1,3205,3224,0,5,24,4,0,50,50
5791,bust_lumbridge,3205,3224,0,5,24,10,3,50,50
1938,castlearrowslit,3205,3224,1,5,24,4,0,50,50
925,rugcorner,3206,3224,0,6,24,22,0,50,50
926,rugside,3207,3224,0,7,24,22,0,50,50
1902,brickwall,3207,3224,1,7,24,0,2,50,50
925,rugcorner,3208,3224,0,8,24,22,1,50,50
347,cabinet2,3208,3224,1,8,24,10,0,50,50
1097,throne,3209,3224,0,9,24,10,2,50,50
925,rugcorner,3209,3224,1,9,24,22,0,50,50
925,rugcorner,3210,3224,1,10,24,22,1,50,50
5556,hanging_tapestry2,3212,3224,0,12,24,4,2,50,50
42763,quest_start_icon_runemysteries,3212,3224,1,12,24,22,0,50,50
825,damagedarmour1,3212,3224,2,12,24,22,2,50,50
1911,castlewall,3213,3224,0,13,24,0,0,50,50
817,suitofarmour,3213,3224,1,13,24,10,1,50,50
577,gargoyle1,3214,3224,1,14,24,5,0,50,50
1911,castlewall,3214,3224,1,14,24,0,0,50,50
1913,castlebattlements,3214,3224,2,14,24,0,0,50,50
856,standard_blue3,3216,3224,1,16,24,10,3,50,50
1911,castlewall,3217,3224,0,17,24,0,0,50,50
1913,castlebattlements,3217,3224,1,17,24,0,0,50,50
336,dugupsoil2_grey,3222,3224,0,22,24,22,0,50,50
4735,short_grass_1,3223,3224,0,23,24,22,0,50,50
325,dugupsoil2_light2,3226,3224,0,26,24,22,0,50,50
1187,blueflower,3226,3224,0,26,24,10,1,50,50
1911,castlewall,3226,3224,0,26,24,0,2,50,50
1911,castlewall,3226,3224,1,26,24,0,2,50,50
1938,castlearrowslit,3226,3224,1,26,24,5,2,50,50
1913,castlebattlements,3226,3224,2,26,24,0,2,50,50
1248,sticks_twigs,3227,3224,0,27,24,22,0,50,50
1938,castlearrowslit,3227,3224,1,27,24,4,0,50,50
825,damagedarmour1,3227,3224,2,27,24,22,2,50,50
767,floor_depth2,3228,3224,1,28,24,22,1,50,50
16683,ladder,3229,3224,0,29,24,10,0,50,50
16684,laddermiddle,3229,3224,1,29,24,10,0,50,50
16679,laddertop,3229,3224,2,29,24,10,0,50,50
840,wallshield,3230,3224,0,30,24,4,2,50,50
767,floor_depth2,3230,3224,1,30,24,22,3,50,50
1938,castlearrowslit,3230,3224,1,30,24,4,2,50,50
840,wallshield,3231,3224,0,31,24,5,0,50,50
1911,castlewall,3231,3224,0,31,24,0,0,50,50
5536,short_grass_wall_edge_2,3231,3224,0,31,24,22,1,50,50
1911,castlewall,3231,3224,1,31,24,0,0,50,50
1938,castlearrowslit,3231,3224,1,31,24,5,0,50,50
1913,castlebattlements,3231,3224,2,31,24,0,0,50,50
981,gardenfencing,3236,3224,0,36,24,3,2,50,50
980,fencing,3237,3224,0,37,24,9,2,50,50
981,gardenfencing,3238,3224,0,38,24,3,1,50,50
326,dugupsoil3_light2,3241,3224,0,41,24,22,3,50,50
44603,blankwall_no_blockrange,3242,3224,0,42,24,9,0,50,50
44603,blankwall_no_blockrange,3243,3224,0,43,24,0,1,50,50
44603,blankwall_no_blockrange,3244,3224,0,44,24,0,1,50,50
16395,bgsound_bubbling_stream_10,3245,3224,0,45,24,22,0,50,50
44603,blankwall_no_blockrange,3245,3224,0,45,24,0,1,50,50
44603,blankwall_no_blockrange,3246,3224,0,46,24,0,1,50,50
44603,blankwall_no_blockrange,3247,3224,0,47,24,0,1,50,50
44603,blankwall_no_blockrange,3248,3224,0,48,24,9,3,50,50
320,dugupsoil2_light,3249,3224,0,49,24,22,3,50,50
319,dugupsoil1_light,3250,3224,0,50,24,22,1,50,50
320,dugupsoil2_light,3251,3224,0,51,24,22,2,50,50
980,fencing,3251,3224,0,51,24,0,1,50,50
980,fencing,3252,3224,0,52,24,0,1,50,50
4735,short_grass_1,3252,3224,0,52,24,22,1,50,50
980,fencing,3253,3224,0,53,24,0,1,50,50
1341,treestump,3253,3224,0,53,24,10,2,50,50
4735,short_grass_1,3253,3224,0,53,24,22,1,50,50
980,fencing,3254,3224,0,54,24,0,1,50,50
1189,daisys,3254,3224,0,54,24,11,1,50,50
980,fencing,3255,3224,0,55,24,1,0,50,50
1341,treestump,3257,3224,0,57,24,10,2,50,50
4735,short_grass_1,3263,3224,0,63,24,22,1,50,50
1246,full_twig,3149,3225,0,13,25,22,3,49,50
10820,oaktree,3149,3225,0,13,25,10,0,49,50
1247,broken_twig,3150,3225,0,14,25,22,2,49,50
1246,full_twig,3151,3225,0,15,25,22,3,49,50
4735,short_grass_1,3154,3225,0,18,25,22,3,49,50
4735,short_grass_1,3155,3225,0,19,25,22,0,49,50
4735,short_grass_1,3156,3225,0,20,25,22,1,49,50
4735,short_grass_1,3159,3225,0,23,25,22,3,49,50
4735,short_grass_1,3160,3225,0,24,25,22,0,49,50
4737,short_grass_3,3161,3225,0,25,25,22,3,49,50
4738,short_grass_4,3162,3225,0,26,25,22,0,49,50
4738,short_grass_4,3163,3225,0,27,25,22,3,49,50
4738,short_grass_4,3164,3225,0,28,25,22,3,49,50
4737,short_grass_3,3165,3225,0,29,25,22,1,49,50
4735,short_grass_1,3166,3225,0,30,25,22,2,49,50
4736,short_grass_2,3167,3225,0,31,25,22,3,49,50
4738,short_grass_4,3168,3225,0,32,25,22,1,49,50
4738,short_grass_4,3169,3225,0,33,25,22,0,49,50
4738,short_grass_4,3170,3225,0,34,25,22,1,49,50
4738,short_grass_4,3171,3225,0,35,25,22,2,49,50
1299,fern1,3172,3225,0,36,25,10,0,49,50
4738,short_grass_4,3172,3225,0,36,25,22,2,49,50
4738,short_grass_4,3173,3225,0,37,25,22,1,49,50
4736,short_grass_2,3174,3225,0,38,25,22,2,49,50
1247,broken_twig,3175,3225,0,39,25,22,0,49,50
4736,short_grass_2,3176,3225,0,40,25,22,0,49,50
4737,short_grass_3,3177,3225,0,41,25,22,0,49,50
4736,short_grass_2,3178,3225,0,42,25,22,1,49,50
4735,short_grass_1,3185,3225,0,49,25,22,3,49,50
4737,short_grass_3,3186,3225,0,50,25,22,3,49,50
4737,short_grass_3,3187,3225,0,51,25,22,3,49,50
4738,short_grass_4,3188,3225,0,52,25,22,0,49,50
4736,short_grass_2,3189,3225,0,53,25,22,2,49,50
1247,broken_twig,3190,3225,0,54,25,22,2,49,50
4735,short_grass_1,3191,3225,0,55,25,22,1,49,50
4735,short_grass_1,3192,3225,0,56,25,22,0,49,50
4736,short_grass_2,3193,3225,0,57,25,22,3,49,50
4738,short_grass_4,3194,3225,0,58,25,22,2,49,50
4738,short_grass_4,3195,3225,0,59,25,22,0,49,50
4738,short_grass_4,3196,3225,0,60,25,22,0,49,50
4736,short_grass_2,3197,3225,0,61,25,22,0,49,50
4737,short_grass_3,3198,3225,0,62,25,22,0,49,50
4737,short_grass_3,3199,3225,0,63,25,22,3,49,50
4736,short_grass_2,3200,3225,0,0,25,22,3,50,50
1911,castlewall,3201,3225,0,1,25,0,0,50,50
1651,cross_castleedge,3201,3225,1,1,25,0,0,50,50
4737,short_grass_3,3203,3225,0,3,25,22,2,50,50
1911,castlewall,3204,3225,0,4,25,0,2,50,50
4740,short_grass_4_castle_edge,3204,3225,0,4,25,22,2,50,50
1911,castlewall,3204,3225,1,4,25,0,2,50,50
1913,castlebattlements,3204,3225,2,4,25,0,2,50,50
196,torch,3205,3225,0,5,25,4,0,50,50
202,candles,3205,3225,1,5,25,10,1,50,50
1902,brickwall,3207,3225,1,7,25,0,2,50,50
346,cabinet,3208,3225,1,8,25,10,0,50,50
196,torch,3209,3225,1,9,25,4,1,50,50
824,gnomedefence1,3209,3225,2,9,25,10,0,50,50
1938,castlearrowslit,3210,3225,1,10,25,4,1,50,50
890,painting2_king,3211,3225,1,11,25,4,1,50,50
5628,flag_lumbridge,3211,3225,2,11,25,10,0,50,50
202,candles,3212,3225,0,12,25,10,1,50,50
196,torch,3212,3225,1,12,25,4,1,50,50
1911,castlewall,3213,3225,0,13,25,2,0,50,50
1911,castlewall,3213,3225,1,13,25,9,3,50,50
1913,castlebattlements,3213,3225,2,13,25,9,3,50,50
817,suitofarmour,3214,3225,0,14,25,10,0,50,50
1911,castlewall,3214,3225,0,14,25,0,1,50,50
1911,castlewall,3214,3225,1,14,25,1,3,50,50
1913,castlebattlements,3214,3225,2,14,25,1,3,50,50
817,suitofarmour,3216,3225,0,16,25,10,0,50,50
1911,castlewall,3216,3225,0,16,25,0,1,50,50
1911,castlewall,3217,3225,0,17,25,0,0,50,50
4735,short_grass_1,3217,3225,0,17,25,22,2,50,50
1913,castlebattlements,3217,3225,1,17,25,0,0,50,50
325,dugupsoil2_light2,3226,3225,0,26,25,22,1,50,50
1195,rareflower_blue,3226,3225,0,26,25,10,2,50,50
1911,castlewall,3226,3225,0,26,25,0,2,50,50
1651,cross_castleedge,3226,3225,1,26,25,0,2,50,50
1913,castlebattlements,3226,3225,2,26,25,1,2,50,50
196,torch,3227,3225,0,27,25,7,2,50,50
1911,castlewall,3227,3225,0,27,25,9,2,50,50
196,torch,3227,3225,1,27,25,7,2,50,50
1911,castlewall,3227,3225,1,27,25,9,2,50,50
1913,castlebattlements,3227,3225,2,27,25,9,2,50,50
1107,wallbench,3228,3225,0,28,25,4,1,50,50
5556,hanging_tapestry2,3228,3225,1,28,25,4,1,50,50
767,floor_depth2,3229,3225,1,29,25,22,2,50,50
1938,castlearrowslit,3229,3225,1,29,25,4,1,50,50
196,torch,3230,3225,0,30,25,7,3,50,50
1911,castlewall,3230,3225,0,30,25,9,3,50,50
196,torch,3230,3225,1,30,25,7,3,50,50
1911,castlewall,3230,3225,1,30,25,9,3,50,50
1913,castlebattlements,3230,3225,2,30,25,9,3,50,50
1911,castlewall,3231,3225,0,31,25,1,3,50,50
1911,castlewall,3231,3225,1,31,25,1,3,50,50
1913,castlebattlements,3231,3225,2,31,25,1,3,50,50
980,fencing,3237,3225,0,37,25,1,2,50,50
336,dugupsoil2_grey,3238,3225,0,38,25,22,1,50,50
980,fencing,3238,3225,0,38,25,0,3,50,50
981,gardenfencing,3239,3225,0,39,25,3,2,50,50
3007,lum_bridge_edge,3240,3225,1,40,25,0,3,50,50
1619,lum_bridge_e,3241,3225,0,41,25,10,0,50,50
3007,lum_bridge_edge,3241,3225,1,41,25,0,3,50,50
3005,lum_bridge_d,3242,3225,0,42,25,10,0,50,50
3007,lum_bridge_edge,3242,3225,1,42,25,0,3,50,50
3003,lum_bridge_c,3243,3225,0,43,25,10,0,50,50
3007,lum_bridge_edge,3243,3225,1,43,25,0,3,50,50
3001,lum_bridge_b,3244,3225,0,44,25,10,0,50,50
3007,lum_bridge_edge,3244,3225,1,44,25,0,3,50,50
2999,lum_bridge_a,3245,3225,0,45,25,10,0,50,50
336,dugupsoil2_grey,3245,3225,1,45,25,22,0,50,50
3007,lum_bridge_edge,3245,3225,1,45,25,0,3,50,50
3002,lum_bridge_b_mirror,3246,3225,0,46,25,10,0,50,50
3007,lum_bridge_edge,3246,3225,1,46,25,0,3,50,50
3004,lum_bridge_c_mirror,3247,3225,0,47,25,10,0,50,50
3007,lum_bridge_edge,3247,3225,1,47,25,0,3,50,50
3006,lum_bridge_d_mirror,3248,3225,0,48,25,10,0,50,50
336,dugupsoil2_grey,3248,3225,1,48,25,22,0,50,50
3007,lum_bridge_edge,3248,3225,1,48,25,0,3,50,50
3008,lum_bridge_e_l,3249,3225,0,49,25,10,0,50,50
3007,lum_bridge_edge,3249,3225,1,49,25,0,3,50,50
3011,lum_bridge_f_low,3250,3225,0,50,25,10,0,50,50
3007,lum_bridge_edge,3250,3225,1,50,25,0,3,50,50
336,dugupsoil2_grey,3251,3225,0,51,25,22,2,50,50
981,gardenfencing,3251,3225,0,51,25,3,3,50,50
336,dugupsoil2_grey,3254,3225,0,54,25,22,3,50,50
980,fencing,3255,3225,0,55,25,9,0,50,50
980,fencing,3256,3225,0,56,25,0,1,50,50
981,gardenfencing,3257,3225,0,57,25,3,0,50,50
4735,short_grass_1,3261,3225,0,61,25,22,0,50,50
4737,short_grass_3,3262,3225,0,62,25,22,2,50,50
4735,short_grass_1,3263,3225,0,63,25,22,1,50,50
1298,fern,3142,3226,0,6,26,11,2,49,50
1341,treestump,3145,3226,0,9,26,10,2,49,50
1247,broken_twig,3146,3226,0,10,26,22,2,49,50
1276,tree,3146,3226,0,10,26,10,0,49,50
1247,broken_twig,3147,3226,0,11,26,22,1,49,50
1247,broken_twig,3149,3226,0,13,26,22,1,49,50
1246,full_twig,3151,3226,0,15,26,22,3,49,50
4735,short_grass_1,3154,3226,0,18,26,22,2,49,50
4736,short_grass_2,3155,3226,0,19,26,22,3,49,50
4737,short_grass_3,3156,3226,0,20,26,22,2,49,50
4736,short_grass_2,3157,3226,0,21,26,22,2,49,50
1278,tree2,3159,3226,0,23,26,10,0,49,50
4735,short_grass_1,3160,3226,0,24,26,22,1,49,50
4736,short_grass_2,3161,3226,0,25,26,22,0,49,50
4738,short_grass_4,3162,3226,0,26,26,22,0,49,50
4738,short_grass_4,3163,3226,0,27,26,22,0,49,50
1171,nastyfungus_dark,3164,3226,0,28,26,10,2,49,50
4738,short_grass_4,3164,3226,0,28,26,22,2,49,50
4736,short_grass_2,3165,3226,0,29,26,22,1,49,50
4735,short_grass_1,3166,3226,0,30,26,22,1,49,50
4737,short_grass_3,3167,3226,0,31,26,22,3,49,50
1299,fern1,3168,3226,0,32,26,10,0,49,50
4738,short_grass_4,3168,3226,0,32,26,22,3,49,50
1299,fern1,3169,3226,0,33,26,10,1,49,50
4738,short_grass_4,3169,3226,0,33,26,22,0,49,50
4738,short_grass_4,3170,3226,0,34,26,22,0,49,50
4738,short_grass_4,3171,3226,0,35,26,22,0,49,50
4738,short_grass_4,3172,3226,0,36,26,22,1,49,50
4738,short_grass_4,3173,3226,0,37,26,22,0,49,50
4737,short_grass_3,3174,3226,0,38,26,22,1,49,50
4735,short_grass_1,3175,3226,0,39,26,22,2,49,50
4736,short_grass_2,3176,3226,0,40,26,22,3,49,50
4736,short_grass_2,3177,3226,0,41,26,22,2,49,50
4735,short_grass_1,3178,3226,0,42,26,22,3,49,50
10822,yewtree,3184,3226,0,48,26,10,2,49,50
4735,short_grass_1,3185,3226,0,49,26,22,3,49,50
4737,short_grass_3,3186,3226,0,50,26,22,3,49,50
1189,daisys,3187,3226,0,51,26,11,1,49,50
4738,short_grass_4,3187,3226,0,51,26,22,2,49,50
4738,short_grass_4,3188,3226,0,52,26,22,0,49,50
4737,short_grass_3,3189,3226,0,53,26,22,1,49,50
4736,short_grass_2,3190,3226,0,54,26,22,2,49,50
4735,short_grass_1,3191,3226,0,55,26,22,3,49,50
4737,short_grass_3,3192,3226,0,56,26,22,3,49,50
4738,short_grass_4,3193,3226,0,57,26,22,2,49,50
1298,fern,3194,3226,0,58,26,10,2,49,50
4738,short_grass_4,3194,3226,0,58,26,22,2,49,50
4738,short_grass_4,3195,3226,0,59,26,22,0,49,50
1276,tree,3196,3226,0,60,26,10,2,49,50
4738,short_grass_4,3196,3226,0,60,26,22,1,49,50
1247,broken_twig,3197,3226,0,61,26,22,0,49,50
4735,short_grass_1,3198,3226,0,62,26,22,3,49,50
4736,short_grass_2,3199,3226,0,63,26,22,0,49,50
4737,short_grass_3,3200,3226,0,0,26,22,3,50,50
1911,castlewall,3201,3226,0,1,26,0,0,50,50
1651,cross_castleedge,3201,3226,1,1,26,0,0,50,50
4735,short_grass_1,3203,3226,0,3,26,22,1,50,50
1911,castlewall,3204,3226,0,4,26,0,2,50,50
4740,short_grass_4_castle_edge,3204,3226,0,4,26,22,2,50,50
1911,castlewall,3204,3226,1,4,26,0,2,50,50
1913,castlebattlements,3204,3226,2,4,26,0,2,50,50
817,suitofarmour,3205,3226,0,5,26,10,3,50,50
1911,castlewall,3205,3226,0,5,26,0,1,50,50
1247,broken_twig,3205,3226,1,5,26,22,3,50,50
891,painting2_landscape,3206,3226,0,6,26,5,1,50,50
1911,castlewall,3206,3226,0,6,26,0,1,50,50
1911,castlewall,3207,3226,0,7,26,0,1,50,50
5555,hanging_tapestry1,3207,3226,0,7,26,5,1,50,50
1911,castlewall,3207,3226,1,7,26,0,2,50,50
1913,castlebattlements,3207,3226,2,7,26,0,2,50,50
1911,castlewall,3208,3226,0,8,26,0,1,50,50
1911,castlewall,3208,3226,1,8,26,0,3,50,50
1913,castlebattlements,3208,3226,2,8,26,0,3,50,50
1911,castlewall,3209,3226,0,9,26,0,1,50,50
1911,castlewall,3209,3226,1,9,26,0,3,50,50
1913,castlebattlements,3209,3226,2,9,26,0,3,50,50
1911,castlewall,3210,3226,0,10,26,0,1,50,50
5555,hanging_tapestry1,3210,3226,0,10,26,5,1,50,50
1911,castlewall,3210,3226,1,10,26,0,3,50,50
1938,castlearrowslit,3210,3226,1,10,26,5,3,50,50
1913,castlebattlements,3210,3226,2,10,26,0,3,50,50
890,painting2_king,3211,3226,0,11,26,5,1,50,50
1248,sticks_twigs,3211,3226,0,11,26,22,3,50,50
1911,castlewall,3211,3226,0,11,26,0,1,50,50
1247,broken_twig,3211,3226,1,11,26,22,1,50,50
1911,castlewall,3211,3226,1,11,26,0,3,50,50
1913,castlebattlements,3211,3226,2,11,26,0,3,50,50
1911,castlewall,3212,3226,0,12,26,0,1,50,50
1911,castlewall,3212,3226,1,12,26,0,3,50,50
1913,castlebattlements,3212,3226,2,12,26,0,3,50,50
827,damagedarmour3,3213,3226,0,13,26,22,0,50,50
1911,castlewall,3213,3226,0,13,26,0,0,50,50
1911,castlewall,3213,3226,1,13,26,1,3,50,50
1913,castlebattlements,3213,3226,2,13,26,1,3,50,50
1545,inactiveelfdoor,3215,3226,0,15,26,0,2,50,50
1248,sticks_twigs,3216,3226,0,16,26,22,0,50,50
1938,castlearrowslit,3216,3226,0,16,26,4,2,50,50
1911,castlewall,3217,3226,0,17,26,0,0,50,50
1938,castlearrowslit,3217,3226,0,17,26,5,0,50,50
1913,castlebattlements,3217,3226,1,17,26,0,0,50,50
336,dugupsoil2_grey,3220,3226,0,20,26,22,2,50,50
879,fountain,3221,3226,0,21,26,10,0,50,50
2771,water_source_icon,3222,3226,0,22,26,22,0,50,50
4735,short_grass_1,3225,3226,0,25,26,22,3,50,50
326,dugupsoil3_light2,3226,3226,0,26,26,22,0,50,50
1195,rareflower_blue,3226,3226,0,26,26,10,1,50,50
1911,castlewall,3226,3226,0,26,26,0,2,50,50
1651,cross_castleedge,3226,3226,1,26,26,0,2,50,50
1911,castlewall,3227,3226,0,27,26,1,2,50,50
4742,short_grass_4_castle_corner,3227,3226,0,27,26,22,0,50,50
1911,castlewall,3227,3226,1,27,26,1,2,50,50
1913,castlebattlements,3227,3226,2,27,26,1,2,50,50
1911,castlewall,3228,3226,0,28,26,0,3,50,50
4739,short_grass_3_castle_edge,3228,3226,0,28,26,22,3,50,50
1911,castlewall,3228,3226,1,28,26,0,3,50,50
1913,castlebattlements,3228,3226,2,28,26,0,3,50,50
1911,castlewall,3229,3226,0,29,26,0,3,50,50
4741,short_grass_4_castle_edge2,3229,3226,0,29,26,22,3,50,50
1911,castlewall,3229,3226,1,29,26,0,3,50,50
1938,castlearrowslit,3229,3226,1,29,26,5,3,50,50
1913,castlebattlements,3229,3226,2,29,26,0,3,50,50
1911,castlewall,3230,3226,0,30,26,1,3,50,50
4736,short_grass_2,3230,3226,0,30,26,22,1,50,50
1911,castlewall,3230,3226,1,30,26,1,3,50,50
1913,castlebattlements,3230,3226,2,30,26,1,3,50,50
1189,daisys,3231,3226,0,31,26,10,3,50,50
1189,daisys,3234,3226,0,34,26,11,3,50,50
336,dugupsoil2_grey,3237,3226,0,37,26,22,3,50,50
980,fencing,3237,3226,0,37,26,1,1,50,50
980,fencing,3238,3226,0,38,26,0,1,50,50
981,gardenfencing,3239,3226,0,39,26,3,1,50,50
3012,lum_bridge_f_low_b,3240,3226,0,40,26,10,2,50,50
3007,lum_bridge_edge,3240,3226,1,40,26,0,1,50,50
3009,lum_bridge_e_l_high,3241,3226,0,41,26,10,2,50,50
3007,lum_bridge_edge,3241,3226,1,41,26,0,1,50,50
3006,lum_bridge_d_mirror,3242,3226,0,42,26,10,2,50,50
3007,lum_bridge_edge,3242,3226,1,42,26,0,1,50,50
3004,lum_bridge_c_mirror,3243,3226,0,43,26,10,2,50,50
3007,lum_bridge_edge,3243,3226,1,43,26,0,1,50,50
3002,lum_bridge_b_mirror,3244,3226,0,44,26,10,2,50,50
3007,lum_bridge_edge,3244,3226,1,44,26,0,1,50,50
2999,lum_bridge_a,3245,3226,0,45,26,10,2,50,50
3007,lum_bridge_edge,3245,3226,1,45,26,0,1,50,50
3001,lum_bridge_b,3246,3226,0,46,26,10,2,50,50
336,dugupsoil2_grey,3246,3226,1,46,26,22,3,50,50
3007,lum_bridge_edge,3246,3226,1,46,26,0,1,50,50
3003,lum_bridge_c,3247,3226,0,47,26,10,2,50,50
3007,lum_bridge_edge,3247,3226,1,47,26,0,1,50,50
3013,lum_bridge_d_low,3248,3226,0,48,26,10,2,50,50
3007,lum_bridge_edge,3248,3226,1,48,26,0,1,50,50
3007,lum_bridge_edge,3249,3226,1,49,26,0,1,50,50
336,dugupsoil2_grey,3250,3226,1,50,26,22,1,50,50
3007,lum_bridge_edge,3250,3226,1,50,26,0,1,50,50
336,dugupsoil2_grey,3251,3226,0,51,26,22,2,50,50
981,gardenfencing,3251,3226,0,51,26,3,0,50,50
4736,short_grass_2,3261,3226,0,61,26,22,3,50,50
4738,short_grass_4,3262,3226,0,62,26,22,1,50,50
4736,short_grass_2,3263,3226,0,63,26,22,2,50,50
325,dugupsoil2_light2,3136,3227,0,0,27,22,2,49,50
326,dugupsoil3_light2,3137,3227,0,1,27,22,1,49,50
325,dugupsoil2_light2,3138,3227,0,2,27,22,0,49,50
1173,smallfern,3141,3227,0,5,27,10,3,49,50
1173,smallfern,3142,3227,0,6,27,10,2,49,50
1247,broken_twig,3146,3227,0,10,27,22,2,49,50
1246,full_twig,3149,3227,0,13,27,22,1,49,50
1247,broken_twig,3150,3227,0,14,27,22,0,49,50
1247,broken_twig,3151,3227,0,15,27,22,3,49,50
4735,short_grass_1,3153,3227,0,17,27,22,0,49,50
4737,short_grass_3,3154,3227,0,18,27,22,3,49,50
4738,short_grass_4,3155,3227,0,19,27,22,2,49,50
4738,short_grass_4,3156,3227,0,20,27,22,3,49,50
4737,short_grass_3,3157,3227,0,21,27,22,1,49,50
4735,short_grass_1,3158,3227,0,22,27,22,2,49,50
4735,short_grass_1,3160,3227,0,24,27,22,2,49,50
4735,short_grass_1,3161,3227,0,25,27,22,3,49,50
4737,short_grass_3,3162,3227,0,26,27,22,0,49,50
4737,short_grass_3,3163,3227,0,27,27,22,0,49,50
4736,short_grass_2,3164,3227,0,28,27,22,1,49,50
4735,short_grass_1,3165,3227,0,29,27,22,0,49,50
1299,fern1,3166,3227,0,30,27,10,1,49,50
4735,short_grass_1,3166,3227,0,30,27,22,2,49,50
4736,short_grass_2,3167,3227,0,31,27,22,0,49,50
4736,short_grass_2,3168,3227,0,32,27,22,0,49,50
4737,short_grass_3,3169,3227,0,33,27,22,0,49,50
4738,short_grass_4,3170,3227,0,34,27,22,1,49,50
4737,short_grass_3,3171,3227,0,35,27,22,0,49,50
1278,tree2,3172,3227,0,36,27,10,0,49,50
4736,short_grass_2,3172,3227,0,36,27,22,1,49,50
4736,short_grass_2,3173,3227,0,37,27,22,1,49,50
4735,short_grass_1,3174,3227,0,38,27,22,3,49,50
1189,daisys,3175,3227,0,39,27,10,3,49,50
4736,short_grass_2,3175,3227,0,39,27,22,3,49,50
4738,short_grass_4,3176,3227,0,40,27,22,3,49,50
4737,short_grass_3,3177,3227,0,41,27,22,0,49,50
4736,short_grass_2,3178,3227,0,42,27,22,2,49,50
4735,short_grass_1,3179,3227,0,43,27,22,2,49,50
4735,short_grass_1,3183,3227,0,47,27,22,2,49,50
2767,rare_trees_icon,3185,3227,0,49,27,22,0,49,50
4737,short_grass_3,3186,3227,0,50,27,22,3,49,50
4738,short_grass_4,3187,3227,0,51,27,22,2,49,50
4738,short_grass_4,3188,3227,0,52,27,22,0,49,50
1189,daisys,3189,3227,0,53,27,11,0,49,50
4738,short_grass_4,3189,3227,0,53,27,22,2,49,50
4735,short_grass_1,3190,3227,0,54,27,22,1,49,50
4736,short_grass_2,3191,3227,0,55,27,22,3,49,50
1276,tree,3192,3227,0,56,27,10,1,49,50
4736,short_grass_2,3192,3227,0,56,27,22,0,49,50
4738,short_grass_4,3193,3227,0,57,27,22,2,49,50
4738,short_grass_4,3194,3227,0,58,27,22,2,49,50
4738,short_grass_4,3195,3227,0,59,27,22,3,49,50
4738,short_grass_4,3196,3227,0,60,27,22,2,49,50
4738,short_grass_4,3197,3227,0,61,27,22,0,49,50
4736,short_grass_2,3198,3227,0,62,27,22,2,49,50
4735,short_grass_1,3199,3227,0,63,27,22,3,49,50
4736,short_grass_2,3200,3227,0,0,27,22,0,50,50
1911,castlewall,3201,3227,0,1,27,0,0,50,50
1651,cross_castleedge,3201,3227,1,1,27,0,0,50,50
4737,short_grass_3,3203,3227,0,3,27,22,0,50,50
1911,castlewall,3204,3227,0,4,27,0,2,50,50
4739,short_grass_3_castle_edge,3204,3227,0,4,27,22,2,50,50
840,wallshield,3204,3227,1,4,27,5,2,50,50
1911,castlewall,3204,3227,1,4,27,0,2,50,50
1913,castlebattlements,3204,3227,2,4,27,0,2,50,50
1911,castlewall,3205,3227,0,5,27,0,1,50,50
827,damagedarmour3,3205,3227,2,5,27,22,3,50,50
925,rugcorner,3207,3227,0,7,27,22,3,50,50
5556,hanging_tapestry2,3207,3227,0,7,27,4,3,50,50
1535,poordoor,3207,3227,1,7,27,0,2,50,50
1913,castlebattlements,3207,3227,2,7,27,0,2,50,50
196,torch,3208,3227,0,8,27,4,3,50,50
926,rugside,3208,3227,0,8,27,22,2,50,50
926,rugside,3209,3227,0,9,27,22,2,50,50
5556,hanging_tapestry2,3209,3227,0,9,27,4,3,50,50
196,torch,3210,3227,0,10,27,4,3,50,50
926,rugside,3210,3227,0,10,27,22,2,50,50
926,rugside,3211,3227,0,11,27,22,2,50,50
5556,hanging_tapestry2,3211,3227,0,11,27,4,3,50,50
196,torch,3212,3227,0,12,27,4,3,50,50
925,rugcorner,3212,3227,0,12,27,22,2,50,50
827,damagedarmour3,3212,3227,1,12,27,22,3,50,50
1911,castlewall,3216,3227,0,16,27,9,3,50,50
1913,castlebattlements,3216,3227,1,16,27,9,3,50,50
1911,castlewall,3217,3227,0,17,27,1,3,50,50
4735,short_grass_1,3217,3227,0,17,27,22,3,50,50
1913,castlebattlements,3217,3227,1,17,27,1,3,50,50
336,dugupsoil2_grey,3220,3227,0,20,27,22,3,50,50
336,dugupsoil2_grey,3223,3227,0,23,27,22,1,50,50
4735,short_grass_1,3224,3227,0,24,27,22,3,50,50
4735,short_grass_1,3225,3227,0,25,27,22,0,50,50
325,dugupsoil2_light2,3226,3227,0,26,27,22,0,50,50
1187,blueflower,3226,3227,0,26,27,10,2,50,50
1646,oldcastlearrowslit,3226,3227,0,26,27,5,2,50,50
1911,castlewall,3226,3227,0,26,27,0,2,50,50
1651,cross_castleedge,3226,3227,1,26,27,0,2,50,50
1938,castlearrowslit,3227,3227,0,27,27,4,0,50,50
4740,short_grass_4_castle_edge,3227,3227,0,27,27,22,0,50,50
4735,short_grass_1,3228,3227,0,28,27,22,0,50,50
33163,tutor_ironman_icon,3229,3227,0,29,27,22,0,50,50
981,gardenfencing,3236,3227,0,36,27,3,1,50,50
980,fencing,3237,3227,0,37,27,9,1,50,50
981,gardenfencing,3238,3227,0,38,27,3,2,50,50
1189,daisys,3238,3227,0,38,27,10,0,50,50
325,dugupsoil2_light2,3239,3227,0,39,27,22,1,50,50
980,fencing,3239,3227,0,39,27,0,3,50,50
324,dugupsoil1_light2,3240,3227,0,40,27,22,2,50,50
325,dugupsoil2_light2,3241,3227,0,41,27,22,3,50,50
44603,blankwall_no_blockrange,3242,3227,0,42,27,0,3,50,50
44603,blankwall_no_blockrange,3242,3227,0,42,27,9,3,50,50
44603,blankwall_no_blockrange,3243,3227,0,43,27,0,3,50,50
44603,blankwall_no_blockrange,3244,3227,0,44,27,0,3,50,50
5606,rock_pool_bits,3245,3227,0,45,27,10,1,50,50
44603,blankwall_no_blockrange,3245,3227,0,45,27,0,3,50,50
44603,blankwall_no_blockrange,3246,3227,0,46,27,0,3,50,50
44603,blankwall_no_blockrange,3247,3227,0,47,27,0,0,50,50
320,dugupsoil2_light,3248,3227,0,48,27,22,2,50,50
4735,short_grass_1,3249,3227,0,49,27,22,2,50,50
980,fencing,3251,3227,0,51,27,0,3,50,50
1189,daisys,3251,3227,0,51,27,11,1,50,50
980,fencing,3252,3227,0,52,27,0,3,50,50
980,fencing,3253,3227,0,53,27,0,3,50,50
4735,short_grass_1,3253,3227,0,53,27,22,2,50,50
980,fencing,3254,3227,0,54,27,9,2,50,50
325,dugupsoil2_light2,3137,3228,0,1,28,22,3,49,50
1247,broken_twig,3140,3228,0,4,28,22,2,49,50
325,dugupsoil2_light2,3141,3228,0,5,28,22,1,49,50
1341,treestump,3146,3228,0,10,28,10,2,49,50
4735,short_grass_1,3153,3228,0,17,28,22,1,49,50
4737,short_grass_3,3154,3228,0,18,28,22,3,49,50
4738,short_grass_4,3155,3228,0,19,28,22,3,49,50
4738,short_grass_4,3156,3228,0,20,28,22,1,49,50
4737,short_grass_3,3157,3228,0,21,28,22,1,49,50
4735,short_grass_1,3158,3228,0,22,28,22,3,49,50
4735,short_grass_1,3161,3228,0,25,28,22,2,49,50
4736,short_grass_2,3162,3228,0,26,28,22,0,49,50
4735,short_grass_1,3163,3228,0,27,28,22,2,49,50
4735,short_grass_1,3164,3228,0,28,28,22,3,49,50
1247,broken_twig,3165,3228,0,29,28,22,3,49,50
10820,oaktree,3165,3228,0,29,28,10,0,49,50
1247,broken_twig,3166,3228,0,30,28,22,0,49,50
4735,short_grass_1,3167,3228,0,31,28,22,1,49,50
4735,short_grass_1,3168,3228,0,32,28,22,2,49,50
4736,short_grass_2,3169,3228,0,33,28,22,0,49,50
4737,short_grass_3,3170,3228,0,34,28,22,0,49,50
4736,short_grass_2,3171,3228,0,35,28,22,1,49,50
1247,broken_twig,3172,3228,0,36,28,22,3,49,50
4735,short_grass_1,3173,3228,0,37,28,22,1,49,50
4735,short_grass_1,3174,3228,0,38,28,22,0,49,50
4736,short_grass_2,3175,3228,0,39,28,22,0,49,50
1189,daisys,3176,3228,0,40,28,10,2,49,50
4737,short_grass_3,3176,3228,0,40,28,22,1,49,50
4737,short_grass_3,3177,3228,0,41,28,22,0,49,50
4736,short_grass_2,3178,3228,0,42,28,22,1,49,50
4735,short_grass_1,3179,3228,0,43,28,22,1,49,50
1189,daisys,3180,3228,0,44,28,10,0,49,50
4735,short_grass_1,3181,3228,0,45,28,22,1,49,50
4736,short_grass_2,3182,3228,0,46,28,22,3,49,50
4736,short_grass_2,3183,3228,0,47,28,22,2,49,50
1247,broken_twig,3185,3228,0,49,28,22,0,49,50
4736,short_grass_2,3186,3228,0,50,28,22,3,49,50
4738,short_grass_4,3187,3228,0,51,28,22,1,49,50
4738,short_grass_4,3188,3228,0,52,28,22,2,49,50
4737,short_grass_3,3189,3228,0,53,28,22,1,49,50
4735,short_grass_1,3190,3228,0,54,28,22,0,49,50
8387,farming_tree_patch_4_canopy,3190,3228,1,54,28,10,0,49,50
4737,short_grass_3,3191,3228,0,55,28,22,3,49,50
4738,short_grass_4,3192,3228,0,56,28,22,1,49,50
4738,short_grass_4,3193,3228,0,57,28,22,0,49,50
4738,short_grass_4,3194,3228,0,58,28,22,1,49,50
4738,short_grass_4,3195,3228,0,59,28,22,3,49,50
4738,short_grass_4,3196,3228,0,60,28,22,1,49,50
1298,fern,3197,3228,0,61,28,10,2,49,50
4738,short_grass_4,3197,3228,0,61,28,22,0,49,50
4737,short_grass_3,3198,3228,0,62,28,22,1,49,50
4736,short_grass_2,3199,3228,0,63,28,22,3,49,50
1938,castlearrowslit,3200,3228,0,0,28,4,2,50,50
4736,short_grass_2,3200,3228,0,0,28,22,3,50,50
1646,oldcastlearrowslit,3201,3228,0,1,28,5,0,50,50
1911,castlewall,3201,3228,0,1,28,0,0,50,50
1651,cross_castleedge,3201,3228,1,1,28,0,0,50,50
1911,castlewall,3203,3228,0,3,28,1,1,50,50
4736,short_grass_2,3203,3228,0,3,28,22,3,50,50
1911,castlewall,3203,3228,1,3,28,1,1,50,50
1913,castlebattlements,3203,3228,2,3,28,1,1,50,50
1911,castlewall,3204,3228,0,4,28,9,1,50,50
1911,castlewall,3204,3228,1,4,28,9,1,50,50
1913,castlebattlements,3204,3228,2,4,28,9,1,50,50
770,floor_depth2_grey,3205,3228,2,5,28,22,0,50,50
925,rugcorner,3207,3228,0,7,28,22,0,50,50
5556,hanging_tapestry2,3207,3228,0,7,28,4,1,50,50
1911,castlewall,3207,3228,1,7,28,0,2,50,50
1913,castlebattlements,3207,3228,2,7,28,0,2,50,50
926,rugside,3208,3228,0,8,28,22,0,50,50
1938,castlearrowslit,3208,3228,0,8,28,4,1,50,50
357,crate2_old,3208,3228,1,8,28,10,3,50,50
840,wallshield,3208,3228,1,8,28,4,0,50,50
926,rugside,3209,3228,0,9,28,22,0,50,50
5556,hanging_tapestry2,3209,3228,0,9,28,4,1,50,50
196,torch,3210,3228,0,10,28,4,1,50,50
926,rugside,3210,3228,0,10,28,22,0,50,50
926,rugside,3211,3228,0,11,28,22,0,50,50
1938,castlearrowslit,3211,3228,0,11,28,4,1,50,50
196,torch,3212,3228,0,12,28,4,1,50,50
925,rugcorner,3212,3228,0,12,28,22,1,50,50
1248,sticks_twigs,3213,3228,0,13,28,22,0,50,50
827,damagedarmour3,3214,3228,0,14,28,22,2,50,50
1938,castlearrowslit,3214,3228,0,14,28,4,1,50,50
1911,castlewall,3215,3228,0,15,28,9,3,50,50
1913,castlebattlements,3215,3228,1,15,28,9,3,50,50
1911,castlewall,3216,3228,0,16,28,1,3,50,50
4735,short_grass_1,3216,3228,0,16,28,22,0,50,50
1913,castlebattlements,3216,3228,1,16,28,1,3,50,50
4735,short_grass_1,3217,3228,0,17,28,22,2,50,50
336,dugupsoil2_grey,3222,3228,0,22,28,22,0,50,50
4735,short_grass_1,3225,3228,0,25,28,22,1,50,50
324,dugupsoil1_light2,3226,3228,0,26,28,22,0,50,50
1911,castlewall,3226,3228,0,26,28,0,2,50,50
1651,cross_castleedge,3226,3228,1,26,28,0,2,50,50
1911,castlewall,3227,3228,0,27,28,3,0,50,50
4739,short_grass_3_castle_edge,3227,3228,0,27,28,22,0,50,50
1913,castlebattlements,3227,3228,1,27,28,3,0,50,50
1189,daisys,3232,3228,0,32,28,10,2,50,50
18493,aide_signpost_1,3235,3228,0,35,28,10,0,50,50
325,dugupsoil2_light2,3238,3228,0,38,28,22,2,50,50
326,dugupsoil3_light2,3239,3228,0,39,28,22,0,50,50
325,dugupsoil2_light2,3240,3228,0,40,28,22,2,50,50
44603,blankwall_no_blockrange,3241,3228,0,41,28,9,3,50,50
320,dugupsoil2_light,3247,3228,0,47,28,22,3,50,50
44603,blankwall_no_blockrange,3247,3228,0,47,28,0,0,50,50
320,dugupsoil2_light,3248,3228,0,48,28,22,0,50,50
4735,short_grass_1,3249,3228,0,49,28,22,2,50,50
4735,short_grass_1,3250,3228,0,50,28,22,0,50,50
4736,short_grass_2,3252,3228,0,52,28,22,3,50,50
4737,short_grass_3,3253,3228,0,53,28,22,2,50,50
980,fencing,3254,3228,0,54,28,1,2,50,50
4736,short_grass_2,3254,3228,0,54,28,22,2,50,50
980,fencing,3255,3228,0,55,28,0,3,50,50
980,fencing,3256,3228,0,56,28,9,2,50,50
980,fencing,3257,3228,0,57,28,1,0,50,50
325,dugupsoil2_light2,3139,3229,0,3,29,22,0,49,50
324,dugupsoil1_light2,3140,3229,0,4,29,22,2,49,50
326,dugupsoil3_light2,3141,3229,0,5,29,22,1,49,50
325,dugupsoil2_light2,3142,3229,0,6,29,22,2,49,50
4736,short_grass_2,3154,3229,0,18,29,22,0,49,50
4736,short_grass_2,3155,3229,0,19,29,22,0,49,50
4737,short_grass_3,3156,3229,0,20,29,22,0,49,50
4735,short_grass_1,3157,3229,0,21,29,22,2,49,50
1393,plant3,3158,3229,0,22,29,10,0,49,50
4735,short_grass_1,3158,3229,0,22,29,22,1,49,50
1392,plant2,3159,3229,0,23,29,10,1,49,50
4735,short_grass_1,3159,3229,0,23,29,22,3,49,50
4735,short_grass_1,3161,3229,0,25,29,22,2,49,50
1278,tree2,3162,3229,0,26,29,10,2,49,50
4735,short_grass_1,3162,3229,0,26,29,22,3,49,50
4735,short_grass_1,3163,3229,0,27,29,22,0,49,50
1247,broken_twig,3165,3229,0,29,29,22,0,49,50
1247,broken_twig,3167,3229,0,31,29,22,1,49,50
4735,short_grass_1,3168,3229,0,32,29,22,0,49,50
1278,tree2,3169,3229,0,33,29,10,3,49,50
4735,short_grass_1,3169,3229,0,33,29,22,3,49,50
4735,short_grass_1,3170,3229,0,34,29,22,1,49,50
4735,short_grass_1,3171,3229,0,35,29,22,0,49,50
4735,short_grass_1,3172,3229,0,36,29,22,2,49,50
4735,short_grass_1,3175,3229,0,39,29,22,1,49,50
4736,short_grass_2,3176,3229,0,40,29,22,0,49,50
4736,short_grass_2,3177,3229,0,41,29,22,1,49,50
4735,short_grass_1,3178,3229,0,42,29,22,0,49,50
4736,short_grass_2,3181,3229,0,45,29,22,3,49,50
4737,short_grass_3,3182,3229,0,46,29,22,3,49,50
4738,short_grass_4,3183,3229,0,47,29,22,0,49,50
4735,short_grass_1,3184,3229,0,48,29,22,3,49,50
4735,short_grass_1,3185,3229,0,49,29,22,3,49,50
4736,short_grass_2,3186,3229,0,50,29,22,3,49,50
4735,short_grass_1,3187,3229,0,51,29,22,1,49,50
4737,short_grass_3,3188,3229,0,52,29,22,2,49,50
1276,tree,3189,3229,0,53,29,10,1,49,50
4735,short_grass_1,3190,3229,0,54,29,22,3,49,50
5535,short_grass_4_wall_corner,3191,3229,0,55,29,22,2,49,50
83,farming_patch_shadow,3192,3229,0,56,29,0,1,49,50
7518,farming_border_straight,3192,3229,0,56,29,22,2,49,50
83,farming_patch_shadow,3193,3229,0,57,29,0,1,49,50
7518,farming_border_straight,3193,3229,0,57,29,22,2,49,50
83,farming_patch_shadow,3194,3229,0,58,29,0,1,49,50
7518,farming_border_straight,3194,3229,0,58,29,22,2,49,50
4738,short_grass_4,3195,3229,0,59,29,22,0,49,50
4738,short_grass_4,3196,3229,0,60,29,22,2,49,50
4737,short_grass_3,3197,3229,0,61,29,22,1,49,50
4736,short_grass_2,3198,3229,0,62,29,22,1,49,50
4737,short_grass_3,3199,3229,0,63,29,22,3,49,50
1911,castlewall,3200,3229,0,0,29,3,2,50,50
4737,short_grass_3,3200,3229,0,0,29,22,3,50,50
1913,castlebattlements,3200,3229,1,0,29,3,2,50,50
1911,castlewall,3201,3229,0,1,29,0,0,50,50
1651,cross_castleedge,3201,3229,1,1,29,0,0,50,50
1911,castlewall,3203,3229,0,3,29,0,2,50,50
4740,short_grass_4_castle_edge,3203,3229,0,3,29,22,2,50,50
1911,castlewall,3203,3229,1,3,29,0,2,50,50
1913,castlebattlements,3203,3229,2,3,29,0,2,50,50
56230,spiralstairsbottom_3,3204,3229,0,4,29,10,0,50,50
5603,floor_depth5_grey,3204,3229,1,4,29,22,0,50,50
16672,spiralstairsmiddle,3204,3229,1,4,29,10,0,50,50
5603,floor_depth5_grey,3204,3229,2,4,29,22,0,50,50
5601,floor_depth3_grey,3205,3229,1,5,29,22,0,50,50
56231,spiralstairstop_3,3205,3229,2,5,29,10,0,50,50
1248,sticks_twigs,3206,3229,0,6,29,22,1,50,50
1911,castlewall,3207,3229,0,7,29,2,3,50,50
4742,short_grass_4_castle_corner,3207,3229,0,7,29,22,0,50,50
1911,castlewall,3207,3229,1,7,29,2,3,50,50
1913,castlebattlements,3207,3229,2,7,29,2,3,50,50
1911,castlewall,3208,3229,0,8,29,0,3,50,50
1938,castlearrowslit,3208,3229,0,8,29,5,3,50,50
4739,short_grass_3_castle_edge,3208,3229,0,8,29,22,3,50,50
1913,castlebattlements,3208,3229,1,8,29,0,3,50,50
1911,castlewall,3209,3229,0,9,29,0,3,50,50
4740,short_grass_4_castle_edge,3209,3229,0,9,29,22,3,50,50
1913,castlebattlements,3209,3229,1,9,29,0,3,50,50
1911,castlewall,3210,3229,0,10,29,0,3,50,50
4741,short_grass_4_castle_edge2,3210,3229,0,10,29,22,3,50,50
1913,castlebattlements,3210,3229,1,10,29,0,3,50,50
1911,castlewall,3211,3229,0,11,29,0,3,50,50
1938,castlearrowslit,3211,3229,0,11,29,5,3,50,50
4739,short_grass_3_castle_edge,3211,3229,0,11,29,22,3,50,50
1913,castlebattlements,3211,3229,1,11,29,0,3,50,50
1911,castlewall,3212,3229,0,12,29,0,3,50,50
4740,short_grass_4_castle_edge,3212,3229,0,12,29,22,3,50,50
1913,castlebattlements,3212,3229,1,12,29,0,3,50,50
1911,castlewall,3213,3229,0,13,29,0,3,50,50
4739,short_grass_3_castle_edge,3213,3229,0,13,29,22,3,50,50
1913,castlebattlements,3213,3229,1,13,29,0,3,50,50
1911,castlewall,3214,3229,0,14,29,0,3,50,50
1938,castlearrowslit,3214,3229,0,14,29,5,3,50,50
4739,short_grass_3_castle_edge,3214,3229,0,14,29,22,3,50,50
1913,castlebattlements,3214,3229,1,14,29,0,3,50,50
1911,castlewall,3215,3229,0,15,29,1,3,50,50
4736,short_grass_2,3215,3229,0,15,29,22,1,50,50
1913,castlebattlements,3215,3229,1,15,29,1,3,50,50
4735,short_grass_1,3216,3229,0,16,29,22,1,50,50
4735,short_grass_1,3221,3229,0,21,29,22,1,50,50
4735,short_grass_1,3222,3229,0,22,29,22,0,50,50
325,dugupsoil2_light2,3225,3229,0,25,29,22,3,50,50
1188,redflower,3225,3229,0,25,29,10,0,50,50
1911,castlewall,3225,3229,0,25,29,1,1,50,50
1651,cross_castleedge,3225,3229,1,25,29,1,1,50,50
1911,castlewall,3226,3229,0,26,29,9,1,50,50
1651,cross_castleedge,3226,3229,1,26,29,9,1,50,50
4736,short_grass_2,3227,3229,0,27,29,22,1,50,50
1300,fern2,3231,3229,0,31,29,10,3,50,50
325,dugupsoil2_light2,3238,3229,0,38,29,22,0,50,50
325,dugupsoil2_light2,3239,3229,0,39,29,22,0,50,50
44603,blankwall_no_blockrange,3240,3229,0,40,29,9,3,50,50
16392,bgsound_stream_large_20,3243,3229,0,43,29,22,0,50,50
5605,rock_pool_small,3245,3229,0,45,29,10,1,50,50
44603,blankwall_no_blockrange,3246,3229,0,46,29,9,3,50,50
321,dugupsoil3_light,3247,3229,0,47,29,22,1,50,50
320,dugupsoil2_light,3248,3229,0,48,29,22,1,50,50
4735,short_grass_1,3249,3229,0,49,29,22,1,50,50
4735,short_grass_1,3250,3229,0,50,29,22,0,50,50
4735,short_grass_1,3251,3229,0,51,29,22,3,50,50
4737,short_grass_3,3252,3229,0,52,29,22,3,50,50
1189,daisys,3253,3229,0,53,29,10,1,50,50
4738,short_grass_4,3253,3229,0,53,29,22,0,50,50
4737,short_grass_3,3254,3229,0,54,29,22,1,50,50
4735,short_grass_1,3255,3229,0,55,29,22,1,50,50
980,fencing,3256,3229,0,56,29,1,2,50,50
980,fencing,3257,3229,0,57,29,9,2,50,50
336,dugupsoil2_grey,3261,3229,0,61,29,22,1,50,50
4736,short_grass_2,3262,3229,0,62,29,22,3,50,50
4737,short_grass_3,3263,3229,0,63,29,22,0,50,50
1298,fern,3139,3230,0,3,30,10,3,49,50
325,dugupsoil2_light2,3141,3230,0,5,30,22,2,49,50
1247,broken_twig,3143,3230,0,7,30,22,2,49,50
326,dugupsoil3_light2,3144,3230,0,8,30,22,0,49,50
1391,plant1,3147,3230,0,11,30,10,3,49,50
10822,yewtree,3151,3230,0,15,30,10,1,49,50
1247,broken_twig,3152,3230,0,16,30,22,1,49,50
1246,full_twig,3153,3230,0,17,30,22,0,49,50
4735,short_grass_1,3154,3230,0,18,30,22,3,49,50
4735,short_grass_1,3155,3230,0,19,30,22,1,49,50
4736,short_grass_2,3156,3230,0,20,30,22,1,49,50
4735,short_grass_1,3157,3230,0,21,30,22,2,49,50
4735,short_grass_1,3160,3230,0,24,30,22,3,49,50
4735,short_grass_1,3161,3230,0,25,30,22,2,49,50
1247,broken_twig,3162,3230,0,26,30,22,0,49,50
1247,broken_twig,3163,3230,0,27,30,22,2,49,50
4735,short_grass_1,3164,3230,0,28,30,22,3,49,50
1246,full_twig,3165,3230,0,29,30,22,0,49,50
1247,broken_twig,3166,3230,0,30,30,22,3,49,50
1247,broken_twig,3167,3230,0,31,30,22,1,49,50
1247,broken_twig,3169,3230,0,33,30,22,3,49,50
1247,broken_twig,3170,3230,0,34,30,22,3,49,50
4735,short_grass_1,3176,3230,0,40,30,22,2,49,50
4735,short_grass_1,3177,3230,0,41,30,22,3,49,50
1278,tree2,3178,3230,0,42,30,10,3,49,50
4735,short_grass_1,3180,3230,0,44,30,22,0,49,50
4736,short_grass_2,3181,3230,0,45,30,22,0,49,50
1189,daisys,3182,3230,0,46,30,10,3,49,50
4738,short_grass_4,3182,3230,0,46,30,22,1,49,50
4737,short_grass_3,3183,3230,0,47,30,22,0,49,50
4735,short_grass_1,3184,3230,0,48,30,22,0,49,50
4735,short_grass_1,3186,3230,0,50,30,22,0,49,50
1189,daisys,3187,3230,0,51,30,11,3,49,50
4736,short_grass_2,3187,3230,0,51,30,22,3,49,50
4738,short_grass_4,3188,3230,0,52,30,22,2,49,50
4736,short_grass_2,3189,3230,0,53,30,22,2,49,50
4735,short_grass_1,3190,3230,0,54,30,22,2,49,50
83,farming_patch_shadow,3191,3230,0,55,30,0,2,49,50
7518,farming_border_straight,3191,3230,0,55,30,22,3,49,50
7517,farming_dirtpatch,3192,3230,0,56,30,22,0,49,50
8391,farming_tree_patch_4,3192,3230,0,56,30,10,0,49,50
7517,farming_dirtpatch,3193,3230,0,57,30,22,3,49,50
7517,farming_dirtpatch,3194,3230,0,58,30,22,1,49,50
83,farming_patch_shadow,3195,3230,0,59,30,0,0,49,50
7518,farming_border_straight,3195,3230,0,59,30,22,1,49,50
4737,short_grass_3,3196,3230,0,60,30,22,0,49,50
4735,short_grass_1,3197,3230,0,61,30,22,0,49,50
4735,short_grass_1,3198,3230,0,62,30,22,3,49,50
4737,short_grass_3,3199,3230,0,63,30,22,3,49,50
4736,short_grass_2,3200,3230,0,0,30,22,0,50,50
1911,castlewall,3201,3230,0,1,30,0,0,50,50
1651,cross_castleedge,3201,3230,1,1,30,0,0,50,50
1911,castlewall,3203,3230,0,3,30,0,2,50,50
4739,short_grass_3_castle_edge,3203,3230,0,3,30,22,2,50,50
1911,castlewall,3203,3230,1,3,30,0,2,50,50
1938,castlearrowslit,3203,3230,1,3,30,5,2,50,50
1913,castlebattlements,3203,3230,2,3,30,0,2,50,50
1248,sticks_twigs,3204,3230,0,4,30,22,0,50,50
1938,castlearrowslit,3204,3230,0,4,30,4,1,50,50
1938,castlearrowslit,3204,3230,1,4,30,4,0,50,50
5603,floor_depth5_grey,3204,3230,1,4,30,22,1,50,50
5603,floor_depth5_grey,3204,3230,2,4,30,22,1,50,50
1938,castlearrowslit,3205,3230,1,5,30,4,1,50,50
5603,floor_depth5_grey,3205,3230,1,5,30,22,2,50,50
5603,floor_depth5_grey,3205,3230,2,5,30,22,2,50,50
1911,castlewall,3206,3230,0,6,30,9,3,50,50
1911,castlewall,3206,3230,1,6,30,9,3,50,50
1913,castlebattlements,3206,3230,2,6,30,9,3,50,50
1911,castlewall,3207,3230,0,7,30,1,3,50,50
4735,short_grass_1,3207,3230,0,7,30,22,0,50,50
1911,castlewall,3207,3230,1,7,30,1,3,50,50
1913,castlebattlements,3207,3230,2,7,30,1,3,50,50
4735,short_grass_1,3208,3230,0,8,30,22,1,50,50
4735,short_grass_1,3209,3230,0,9,30,22,2,50,50
4735,short_grass_1,3210,3230,0,10,30,22,3,50,50
4735,short_grass_1,3211,3230,0,11,30,22,0,50,50
4735,short_grass_1,3212,3230,0,12,30,22,0,50,50
4735,short_grass_1,3213,3230,0,13,30,22,1,50,50
4735,short_grass_1,3215,3230,0,15,30,22,3,50,50
4735,short_grass_1,3221,3230,0,21,30,22,1,50,50
1188,redflower,3222,3230,0,22,30,10,1,50,50
4735,short_grass_1,3222,3230,0,22,30,22,0,50,50
4735,short_grass_1,3223,3230,0,23,30,22,0,50,50
325,dugupsoil2_light2,3224,3230,0,24,30,22,2,50,50
1192,rareflower_1,3224,3230,0,24,30,10,0,50,50
1911,castlewall,3224,3230,0,24,30,1,1,50,50
1651,cross_castleedge,3224,3230,1,24,30,1,1,50,50
1911,castlewall,3225,3230,0,25,30,9,1,50,50
57661,castlearrowslit_diag,3225,3230,0,25,30,8,1,50,50
1651,cross_castleedge,3225,3230,1,25,30,9,1,50,50
4736,short_grass_2,3226,3230,0,26,30,22,1,50,50
4735,short_grass_1,3227,3230,0,27,30,22,1,50,50
1394,plant4,3228,3230,0,28,30,10,2,50,50
336,dugupsoil2_grey,3233,3230,0,33,30,22,1,50,50
325,dugupsoil2_light2,3237,3230,0,37,30,22,3,50,50
324,dugupsoil1_light2,3238,3230,0,38,30,22,0,50,50
44603,blankwall_no_blockrange,3239,3230,0,39,30,0,1,50,50
44603,blankwall_no_blockrange,3240,3230,0,40,30,0,0,50,50
44603,blankwall_no_blockrange,3245,3230,0,45,30,9,3,50,50
320,dugupsoil2_light,3247,3230,0,47,30,22,0,50,50
320,dugupsoil2_light,3248,3230,0,48,30,22,2,50,50
1341,treestump,3251,3230,0,51,30,10,1,50,50
4736,short_grass_2,3252,3230,0,52,30,22,0,50,50
4737,short_grass_3,3253,3230,0,53,30,22,0,50,50
4736,short_grass_2,3254,3230,0,54,30,22,1,50,50
4735,short_grass_1,3256,3230,0,56,30,22,1,50,50
981,gardenfencing,3257,3230,0,57,30,3,2,50,50
4735,short_grass_1,3257,3230,0,57,30,22,2,50,50
336,dugupsoil2_grey,3258,3230,0,58,30,22,2,50,50
18493,aide_signpost_1,3261,3230,0,61,30,10,2,50,50
4736,short_grass_2,3262,3230,0,62,30,22,0,50,50
4736,short_grass_2,3263,3230,0,63,30,22,1,50,50
1298,fern,3142,3231,0,6,31,10,1,49,50
325,dugupsoil2_light2,3144,3231,0,8,31,22,0,49,50
325,dugupsoil2_light2,3145,3231,0,9,31,22,3,49,50
1247,broken_twig,3151,3231,0,15,31,22,2,49,50
2767,rare_trees_icon,3152,3231,0,16,31,22,0,49,50
1247,broken_twig,3153,3231,0,17,31,22,0,49,50
1247,broken_twig,3156,3231,0,20,31,22,0,49,50
1278,tree2,3156,3231,0,20,31,10,3,49,50
1247,broken_twig,3157,3231,0,21,31,22,1,49,50
4735,short_grass_1,3159,3231,0,23,31,22,0,49,50
4736,short_grass_2,3160,3231,0,24,31,22,3,49,50
4738,short_grass_4,3161,3231,0,25,31,22,3,49,50
4736,short_grass_2,3162,3231,0,26,31,22,2,49,50
4735,short_grass_1,3163,3231,0,27,31,22,0,49,50
4735,short_grass_1,3164,3231,0,28,31,22,0,49,50
1248,sticks_twigs,3178,3231,0,42,31,22,3,49,50
1244,small_grass_stones,3179,3231,0,43,31,22,3,49,50
4735,short_grass_1,3181,3231,0,45,31,22,3,49,50
4736,short_grass_2,3182,3231,0,46,31,22,0,49,50
4736,short_grass_2,3183,3231,0,47,31,22,1,49,50
4737,short_grass_3,3184,3231,0,48,31,22,2,49,50
4735,short_grass_1,3185,3231,0,49,31,22,3,49,50
4735,short_grass_1,3186,3231,0,50,31,22,0,49,50
1189,daisys,3187,3231,0,51,31,10,2,49,50
4737,short_grass_3,3187,3231,0,51,31,22,3,49,50
4738,short_grass_4,3188,3231,0,52,31,22,1,49,50
4736,short_grass_2,3189,3231,0,53,31,22,1,49,50
4735,short_grass_1,3190,3231,0,54,31,22,0,49,50
83,farming_patch_shadow,3191,3231,0,55,31,0,2,49,50
7518,farming_border_straight,3191,3231,0,55,31,22,3,49,50
7517,farming_dirtpatch,3192,3231,0,56,31,22,1,49,50
7517,farming_dirtpatch,3193,3231,0,57,31,22,0,49,50
7517,farming_dirtpatch,3194,3231,0,58,31,22,1,49,50
83,farming_patch_shadow,3195,3231,0,59,31,0,0,49,50
7518,farming_border_straight,3195,3231,0,59,31,22,1,49,50
4736,short_grass_2,3196,3231,0,60,31,22,1,49,50
4736,short_grass_2,3197,3231,0,61,31,22,3,49,50
4736,short_grass_2,3198,3231,0,62,31,22,2,49,50
4736,short_grass_2,3199,3231,0,63,31,22,0,49,50
4736,short_grass_2,3200,3231,0,0,31,22,3,50,50
1911,castlewall,3201,3231,0,1,31,0,0,50,50
1651,cross_castleedge,3201,3231,1,1,31,0,0,50,50
1911,castlewall,3203,3231,0,3,31,1,2,50,50
4735,short_grass_1,3203,3231,0,3,31,22,0,50,50
1911,castlewall,3203,3231,1,3,31,1,2,50,50
1913,castlebattlements,3203,3231,2,3,31,1,2,50,50
1911,castlewall,3204,3231,0,4,31,0,3,50,50
1938,castlearrowslit,3204,3231,0,4,31,5,3,50,50
4740,short_grass_4_castle_edge,3204,3231,0,4,31,22,3,50,50
1911,castlewall,3204,3231,1,4,31,0,3,50,50
1913,castlebattlements,3204,3231,2,4,31,0,3,50,50
1911,castlewall,3205,3231,0,5,31,0,3,50,50
4739,short_grass_3_castle_edge,3205,3231,0,5,31,22,3,50,50
1911,castlewall,3205,3231,1,5,31,0,3,50,50
1938,castlearrowslit,3205,3231,1,5,31,5,3,50,50
1913,castlebattlements,3205,3231,2,5,31,0,3,50,50
1911,castlewall,3206,3231,0,6,31,1,3,50,50
1911,castlewall,3206,3231,1,6,31,1,3,50,50
1913,castlebattlements,3206,3231,2,6,31,1,3,50,50
4735,short_grass_1,3207,3231,0,7,31,22,2,50,50
1278,tree2,3217,3231,0,17,31,10,2,50,50
4736,short_grass_2,3217,3231,0,17,31,22,1,50,50
1188,redflower,3223,3231,0,23,31,10,3,50,50
1911,castlewall,3223,3231,0,23,31,1,1,50,50
1651,cross_castleedge,3223,3231,1,23,31,1,1,50,50
1911,castlewall,3224,3231,0,24,31,9,1,50,50
1651,cross_castleedge,3224,3231,1,24,31,9,1,50,50
4735,short_grass_1,3225,3231,0,25,31,22,0,50,50
1278,tree2,3234,3231,0,34,31,10,1,50,50
4735,short_grass_1,3235,3231,0,35,31,22,2,50,50
325,dugupsoil2_light2,3237,3231,0,37,31,22,0,50,50
325,dugupsoil2_light2,3238,3231,0,38,31,22,1,50,50
44603,blankwall_no_blockrange,3239,3231,0,39,31,0,0,50,50
5605,rock_pool_small,3243,3231,0,43,31,10,0,50,50
3547,regicide_grass1,3244,3231,0,44,31,22,3,50,50
44603,blankwall_no_blockrange,3244,3231,0,44,31,0,2,50,50
1247,broken_twig,3247,3231,0,47,31,22,2,50,50
1276,tree,3247,3231,0,47,31,10,0,50,50
1246,full_twig,3248,3231,0,48,31,22,0,50,50
320,dugupsoil2_light,3249,3231,0,49,31,22,3,50,50
320,dugupsoil2_light,3250,3231,0,50,31,22,2,50,50
4735,short_grass_1,3253,3231,0,53,31,22,0,50,50
4735,short_grass_1,3256,3231,0,56,31,22,0,50,50
1394,plant4,3257,3231,0,57,31,10,2,50,50
336,dugupsoil2_grey,3260,3231,0,60,31,22,1,50,50
4736,short_grass_2,3261,3231,0,61,31,22,2,50,50
4735,short_grass_1,3262,3231,0,62,31,22,0,50,50
4735,short_grass_1,3263,3231,0,63,31,22,3,50,50
1247,broken_twig,3136,3232,0,0,32,22,0,49,50
1276,tree,3136,3232,0,0,32,10,1,49,50
1247,broken_twig,3137,3232,0,1,32,22,1,49,50
325,dugupsoil2_light2,3145,3232,0,9,32,22,2,49,50
1246,full_twig,3151,3232,0,15,32,22,1,49,50
1247,broken_twig,3152,3232,0,16,32,22,3,49,50
1247,broken_twig,3153,3232,0,17,32,22,1,49,50
1246,full_twig,3156,3232,0,20,32,22,0,49,50
1247,broken_twig,3157,3232,0,21,32,22,3,49,50
4735,short_grass_1,3158,3232,0,22,32,22,1,49,50
4736,short_grass_2,3159,3232,0,23,32,22,0,49,50
4738,short_grass_4,3160,3232,0,24,32,22,2,49,50
4738,short_grass_4,3161,3232,0,25,32,22,0,49,50
4738,short_grass_4,3162,3232,0,26,32,22,2,49,50
4736,short_grass_2,3163,3232,0,27,32,22,2,49,50
4735,short_grass_1,3164,3232,0,28,32,22,3,49,50
1393,plant3,3173,3232,0,37,32,10,2,49,50
1393,plant3,3176,3232,0,40,32,10,0,49,50
4735,short_grass_1,3181,3232,0,45,32,22,3,49,50
4735,short_grass_1,3182,3232,0,46,32,22,2,49,50
4735,short_grass_1,3183,3232,0,47,32,22,1,49,50
4738,short_grass_4,3184,3232,0,48,32,22,0,49,50
4737,short_grass_3,3185,3232,0,49,32,22,1,49,50
4735,short_grass_1,3186,3232,0,50,32,22,3,49,50
4736,short_grass_2,3187,3232,0,51,32,22,0,49,50
4737,short_grass_3,3188,3232,0,52,32,22,0,49,50
4735,short_grass_1,3189,3232,0,53,32,22,0,49,50
4735,short_grass_1,3190,3232,0,54,32,22,1,49,50
83,farming_patch_shadow,3191,3232,0,55,32,0,2,49,50
7518,farming_border_straight,3191,3232,0,55,32,22,3,49,50
7517,farming_dirtpatch,3192,3232,0,56,32,22,2,49,50
7517,farming_dirtpatch,3193,3232,0,57,32,22,3,49,50
7517,farming_dirtpatch,3194,3232,0,58,32,22,3,49,50
83,farming_patch_shadow,3195,3232,0,59,32,0,0,49,50
7518,farming_border_straight,3195,3232,0,59,32,22,1,49,50
4735,short_grass_1,3196,3232,0,60,32,22,0,49,50
4736,short_grass_2,3197,3232,0,61,32,22,0,49,50
4736,short_grass_2,3198,3232,0,62,32,22,1,49,50
5628,flag_lumbridge,3198,3232,0,62,32,10,2,49,50
4735,short_grass_1,3199,3232,0,63,32,22,3,49,50
1938,castlearrowslit,3200,3232,0,0,32,4,2,50,50
4737,short_grass_3,3200,3232,0,0,32,22,3,50,50
1646,oldcastlearrowslit,3201,3232,0,1,32,5,0,50,50
1911,castlewall,3201,3232,0,1,32,0,0,50,50
1651,cross_castleedge,3201,3232,1,1,32,0,0,50,50
4737,short_grass_3,3204,3232,0,4,32,22,0,50,50
4735,short_grass_1,3208,3232,0,8,32,22,1,50,50
4735,short_grass_1,3209,3232,0,9,32,22,0,50,50
4735,short_grass_1,3210,3232,0,10,32,22,3,50,50
4735,short_grass_1,3211,3232,0,11,32,22,3,50,50
1278,tree2,3212,3232,0,12,32,10,2,50,50
4736,short_grass_2,3212,3232,0,12,32,22,1,50,50
4736,short_grass_2,3213,3232,0,13,32,22,0,50,50
4735,short_grass_1,3214,3232,0,14,32,22,1,50,50
4735,short_grass_1,3216,3232,0,16,32,22,3,50,50
4736,short_grass_2,3217,3232,0,17,32,22,2,50,50
4736,short_grass_2,3218,3232,0,18,32,22,3,50,50
4735,short_grass_1,3219,3232,0,19,32,22,1,50,50
325,dugupsoil2_light2,3222,3232,0,22,32,22,1,50,50
1192,rareflower_1,3222,3232,0,22,32,10,2,50,50
1911,castlewall,3222,3232,0,22,32,1,1,50,50
1651,cross_castleedge,3222,3232,1,22,32,1,1,50,50
1911,castlewall,3223,3232,0,23,32,9,1,50,50
57661,castlearrowslit_diag,3223,3232,0,23,32,8,1,50,50
1651,cross_castleedge,3223,3232,1,23,32,9,1,50,50
4736,short_grass_2,3224,3232,0,24,32,22,1,50,50
1278,tree2,3225,3232,0,25,32,10,3,50,50
4735,short_grass_1,3225,3232,0,25,32,22,1,50,50
4735,short_grass_1,3235,3232,0,35,32,22,1,50,50
4735,short_grass_1,3236,3232,0,36,32,22,0,50,50
44603,blankwall_no_blockrange,3238,3232,0,38,32,0,1,50,50
44603,blankwall_no_blockrange,3239,3232,0,39,32,0,0,50,50
5604,rock_pool,3242,3232,0,42,32,10,1,50,50
44603,blankwall_no_blockrange,3244,3232,0,44,32,9,3,50,50
320,dugupsoil2_light,3245,3232,0,45,32,22,2,50,50
320,dugupsoil2_light,3246,3232,0,46,32,22,0,50,50
320,dugupsoil2_light,3248,3232,0,48,32,22,1,50,50
319,dugupsoil1_light,3249,3232,0,49,32,22,2,50,50
320,dugupsoil2_light,3250,3232,0,50,32,22,2,50,50
1276,tree,3251,3232,0,51,32,10,0,50,50
1341,treestump,3254,3232,0,54,32,10,1,50,50
10790,boulder1,3255,3232,0,55,32,10,3,50,50
4735,short_grass_1,3257,3232,0,57,32,22,3,50,50
4736,short_grass_2,3258,3232,0,58,32,22,3,50,50
4737,short_grass_3,3261,3232,0,61,32,22,1,50,50
1247,broken_twig,3136,3233,0,0,33,22,3,49,50
1247,broken_twig,3137,3233,0,1,33,22,3,49,50
1118,wildbush1,3139,3233,0,3,33,10,1,49,50
1246,full_twig,3146,3233,0,10,33,22,1,49,50
325,dugupsoil2_light2,3156,3233,0,20,33,22,3,49,50
4735,short_grass_1,3160,3233,0,24,33,22,3,49,50
4736,short_grass_2,3161,3233,0,25,33,22,0,49,50
4735,short_grass_1,3162,3233,0,26,33,22,2,49,50
4735,short_grass_1,3163,3233,0,27,33,22,0,49,50
1276,tree,3168,3233,0,32,33,10,3,49,50
1247,broken_twig,3169,3233,0,33,33,22,3,49,50
1393,plant3,3175,3233,0,39,33,10,0,49,50
4735,short_grass_1,3179,3233,0,43,33,22,1,49,50
4735,short_grass_1,3180,3233,0,44,33,22,2,49,50
4736,short_grass_2,3181,3233,0,45,33,22,3,49,50
1276,tree,3182,3233,0,46,33,10,3,49,50
4737,short_grass_3,3182,3233,0,46,33,22,3,49,50
4738,short_grass_4,3183,3233,0,47,33,22,3,49,50
4738,short_grass_4,3184,3233,0,48,33,22,0,49,50
4738,short_grass_4,3185,3233,0,49,33,22,0,49,50
1276,tree,3186,3233,0,50,33,10,0,49,50
4735,short_grass_1,3186,3233,0,50,33,22,1,49,50
4735,short_grass_1,3187,3233,0,51,33,22,2,49,50
4735,short_grass_1,3188,3233,0,52,33,22,1,49,50
8719,farming_patch_icon,3190,3233,0,54,33,22,3,49,50
1189,daisys,3191,3233,0,55,33,10,0,49,50
4735,short_grass_1,3191,3233,0,55,33,22,2,49,50
83,farming_patch_shadow,3192,3233,0,56,33,0,3,49,50
7518,farming_border_straight,3192,3233,0,56,33,22,0,49,50
83,farming_patch_shadow,3193,3233,0,57,33,0,3,49,50
7518,farming_border_straight,3193,3233,0,57,33,22,0,49,50
83,farming_patch_shadow,3194,3233,0,58,33,0,3,49,50
7518,farming_border_straight,3194,3233,0,58,33,22,0,49,50
4737,short_grass_3,3195,3233,0,59,33,22,2,49,50
1173,smallfern,3196,3233,0,60,33,10,1,49,50
4735,short_grass_1,3196,3233,0,60,33,22,0,49,50
4735,short_grass_1,3197,3233,0,61,33,22,0,49,50
4735,short_grass_1,3198,3233,0,62,33,22,1,49,50
4735,short_grass_1,3199,3233,0,63,33,22,3,49,50
1911,castlewall,3200,3233,0,0,33,3,1,50,50
4736,short_grass_2,3200,3233,0,0,33,22,0,50,50
1913,castlebattlements,3200,3233,1,0,33,3,1,50,50
1911,castlewall,3201,3233,0,1,33,0,0,50,50
1651,cross_castleedge,3201,3233,1,1,33,0,0,50,50
4735,short_grass_1,3206,3233,0,6,33,22,3,50,50
4735,short_grass_1,3209,3233,0,9,33,22,0,50,50
4735,short_grass_1,3210,3233,0,10,33,22,3,50,50
4735,short_grass_1,3211,3233,0,11,33,22,2,50,50
4736,short_grass_2,3212,3233,0,12,33,22,2,50,50
325,dugupsoil2_light2,3221,3233,0,21,33,22,0,50,50
1188,redflower,3221,3233,0,21,33,10,2,50,50
1911,castlewall,3221,3233,0,21,33,1,1,50,50
1651,cross_castleedge,3221,3233,1,21,33,1,1,50,50
1911,castlewall,3222,3233,0,22,33,9,1,50,50
1651,cross_castleedge,3222,3233,1,22,33,9,1,50,50
4735,short_grass_1,3223,3233,0,23,33,22,0,50,50
1300,fern2,3232,3233,0,32,33,10,3,50,50
4735,short_grass_1,3234,3233,0,34,33,22,0,50,50
1173,smallfern,3236,3233,0,36,33,10,0,50,50
44603,blankwall_no_blockrange,3238,3233,0,38,33,0,0,50,50
320,dugupsoil2_light,3244,3233,0,44,33,22,0,50,50
44603,blankwall_no_blockrange,3244,3233,0,44,33,0,0,50,50
319,dugupsoil1_light,3245,3233,0,45,33,22,0,50,50
320,dugupsoil2_light,3246,3233,0,46,33,22,1,50,50
1249,full_twig_dark,3247,3233,0,47,33,22,1,50,50
320,dugupsoil2_light,3248,3233,0,48,33,22,1,50,50
320,dugupsoil2_light,3249,3233,0,49,33,22,0,50,50
320,dugupsoil2_light,3250,3233,0,50,33,22,3,50,50
1246,full_twig,3251,3233,0,51,33,22,2,50,50
1247,broken_twig,3252,3233,0,52,33,22,2,50,50
16433,randomsound_song_birds,3254,3233,0,54,33,22,0,50,50
4737,short_grass_3,3258,3233,0,58,33,22,3,50,50
336,dugupsoil2_grey,3259,3233,0,59,33,22,3,50,50
336,dugupsoil2_grey,3260,3233,0,60,33,22,3,50,50
4735,short_grass_1,3263,3233,0,63,33,22,1,50,50
1393,plant3,3144,3234,0,8,34,10,0,49,50
325,dugupsoil2_light2,3148,3234,0,12,34,22,2,49,50
325,dugupsoil2_light2,3154,3234,0,18,34,22,0,49,50
325,dugupsoil2_light2,3155,3234,0,19,34,22,2,49,50
326,dugupsoil3_light2,3156,3234,0,20,34,22,0,49,50
1391,plant1,3159,3234,0,23,34,10,3,49,50
1247,broken_twig,3162,3234,0,26,34,22,1,49,50
1278,tree2,3162,3234,0,26,34,10,0,49,50
1247,broken_twig,3163,3234,0,27,34,22,3,49,50
1247,broken_twig,3168,3234,0,32,34,22,0,49,50
1246,full_twig,3169,3234,0,33,34,22,3,49,50
1247,broken_twig,3172,3234,0,36,34,22,1,49,50
1282,deadtree1,3172,3234,0,36,34,10,1,49,50
1247,broken_twig,3173,3234,0,37,34,22,3,49,50
1393,plant3,3177,3234,0,41,34,10,3,49,50
4735,short_grass_1,3178,3234,0,42,34,22,3,49,50
1171,nastyfungus_dark,3179,3234,0,43,34,10,3,49,50
4735,short_grass_1,3179,3234,0,43,34,22,0,49,50
4736,short_grass_2,3180,3234,0,44,34,22,3,49,50
4737,short_grass_3,3181,3234,0,45,34,22,2,49,50
4737,short_grass_3,3182,3234,0,46,34,22,2,49,50
4738,short_grass_4,3183,3234,0,47,34,22,0,49,50
4738,short_grass_4,3184,3234,0,48,34,22,0,49,50
4738,short_grass_4,3185,3234,0,49,34,22,0,49,50
4735,short_grass_1,3186,3234,0,50,34,22,2,49,50
4735,short_grass_1,3187,3234,0,51,34,22,0,49,50
4735,short_grass_1,3191,3234,0,55,34,22,3,49,50
4738,short_grass_4,3192,3234,0,56,34,22,1,49,50
4738,short_grass_4,3193,3234,0,57,34,22,2,49,50
4736,short_grass_2,3194,3234,0,58,34,22,2,49,50
4738,short_grass_4,3195,3234,0,59,34,22,3,49,50
4737,short_grass_3,3196,3234,0,60,34,22,2,49,50
4735,short_grass_1,3197,3234,0,61,34,22,0,49,50
4735,short_grass_1,3198,3234,0,62,34,22,0,49,50
4735,short_grass_1,3199,3234,0,63,34,22,0,49,50
4736,short_grass_2,3200,3234,0,0,34,22,0,50,50
1911,castlewall,3201,3234,0,1,34,9,0,50,50
1651,cross_castleedge,3201,3234,1,1,34,9,0,50,50
1911,castlewall,3202,3234,0,2,34,1,0,50,50
1651,cross_castleedge,3202,3234,1,2,34,1,0,50,50
4735,short_grass_1,3204,3234,0,4,34,22,0,50,50
4735,short_grass_1,3205,3234,0,5,34,22,0,50,50
4735,short_grass_1,3209,3234,0,9,34,22,2,50,50
4735,short_grass_1,3211,3234,0,11,34,22,2,50,50
325,dugupsoil2_light2,3214,3234,0,14,34,22,0,50,50
1187,blueflower,3214,3234,0,14,34,10,2,50,50
1911,castlewall,3214,3234,0,14,34,1,1,50,50
1651,cross_castleedge,3214,3234,1,14,34,1,1,50,50
325,dugupsoil2_light2,3215,3234,0,15,34,22,1,50,50
1911,castlewall,3215,3234,0,15,34,0,1,50,50
1651,cross_castleedge,3215,3234,1,15,34,0,1,50,50
326,dugupsoil3_light2,3216,3234,0,16,34,22,1,50,50
1195,rareflower_blue,3216,3234,0,16,34,10,0,50,50
1646,oldcastlearrowslit,3216,3234,0,16,34,5,1,50,50
1911,castlewall,3216,3234,0,16,34,0,1,50,50
1651,cross_castleedge,3216,3234,1,16,34,0,1,50,50
324,dugupsoil1_light2,3217,3234,0,17,34,22,3,50,50
1911,castlewall,3217,3234,0,17,34,0,1,50,50
1651,cross_castleedge,3217,3234,1,17,34,0,1,50,50
326,dugupsoil3_light2,3218,3234,0,18,34,22,2,50,50
1911,castlewall,3218,3234,0,18,34,0,1,50,50
1651,cross_castleedge,3218,3234,1,18,34,0,1,50,50
325,dugupsoil2_light2,3219,3234,0,19,34,22,2,50,50
1187,blueflower,3219,3234,0,19,34,10,1,50,50
1646,oldcastlearrowslit,3219,3234,0,19,34,5,1,50,50
1911,castlewall,3219,3234,0,19,34,0,1,50,50
1651,cross_castleedge,3219,3234,1,19,34,0,1,50,50
326,dugupsoil3_light2,3220,3234,0,20,34,22,3,50,50
1911,castlewall,3220,3234,0,20,34,0,1,50,50
1651,cross_castleedge,3220,3234,1,20,34,0,1,50,50
1911,castlewall,3221,3234,0,21,34,9,1,50,50
1651,cross_castleedge,3221,3234,1,21,34,9,1,50,50
4736,short_grass_2,3222,3234,0,22,34,22,1,50,50
1300,fern2,3223,3234,0,23,34,10,2,50,50
336,dugupsoil2_grey,3226,3234,0,26,34,22,2,50,50
336,dugupsoil2_grey,3227,3234,0,27,34,22,1,50,50
4736,short_grass_2,3231,3234,0,31,34,22,3,50,50
4737,short_grass_3,3232,3234,0,32,34,22,2,50,50
44603,blankwall_no_blockrange,3238,3234,0,38,34,0,0,50,50
3547,regicide_grass1,3242,3234,0,42,34,22,0,50,50
44603,blankwall_no_blockrange,3243,3234,0,43,34,9,3,50,50
320,dugupsoil2_light,3244,3234,0,44,34,22,3,50,50
320,dugupsoil2_light,3245,3234,0,45,34,22,2,50,50
320,dugupsoil2_light,3246,3234,0,46,34,22,3,50,50
320,dugupsoil2_light,3247,3234,0,47,34,22,0,50,50
1383,deadtree6,3248,3234,0,48,34,10,0,50,50
1250,broken_twig_dark,3249,3234,0,49,34,22,0,50,50
320,dugupsoil2_light,3250,3234,0,50,34,22,0,50,50
321,dugupsoil3_light,3251,3234,0,51,34,22,0,50,50
320,dugupsoil2_light,3252,3234,0,52,34,22,1,50,50
1394,plant4,3254,3234,0,54,34,10,2,50,50
1392,plant2,3257,3234,0,57,34,10,3,50,50
4736,short_grass_2,3258,3234,0,58,34,22,0,50,50
336,dugupsoil2_grey,3260,3234,0,60,34,22,0,50,50
981,gardenfencing,3261,3234,0,61,34,3,0,50,50
4735,short_grass_1,3263,3234,0,63,34,22,1,50,50
325,dugupsoil2_light2,3147,3235,0,11,35,22,0,49,50
324,dugupsoil1_light2,3148,3235,0,12,35,22,3,49,50
324,dugupsoil1_light2,3149,3235,0,13,35,22,2,49,50
325,dugupsoil2_light2,3150,3235,0,14,35,22,2,49,50
325,dugupsoil2_light2,3152,3235,0,16,35,22,1,49,50
1247,broken_twig,3153,3235,0,17,35,22,3,49,50
1278,tree2,3153,3235,0,17,35,10,1,49,50
1247,broken_twig,3154,3235,0,18,35,22,2,49,50
325,dugupsoil2_light2,3156,3235,0,20,35,22,1,49,50
325,dugupsoil2_light2,3157,3235,0,21,35,22,0,49,50
1246,full_twig,3162,3235,0,26,35,22,0,49,50
1247,broken_twig,3163,3235,0,27,35,22,2,49,50
1392,plant2,3165,3235,0,29,35,10,0,49,50
1247,broken_twig,3166,3235,0,30,35,22,2,49,50
1174,thistle,3168,3235,0,32,35,10,0,49,50
1247,broken_twig,3172,3235,0,36,35,22,2,49,50
1246,full_twig,3173,3235,0,37,35,22,0,49,50
4735,short_grass_1,3178,3235,0,42,35,22,3,49,50
4736,short_grass_2,3179,3235,0,43,35,22,3,49,50
4737,short_grass_3,3180,3235,0,44,35,22,3,49,50
4738,short_grass_4,3181,3235,0,45,35,22,3,49,50
4738,short_grass_4,3182,3235,0,46,35,22,3,49,50
4738,short_grass_4,3183,3235,0,47,35,22,3,49,50
4738,short_grass_4,3184,3235,0,48,35,22,3,49,50
4737,short_grass_3,3185,3235,0,49,35,22,1,49,50
4736,short_grass_2,3186,3235,0,50,35,22,1,49,50
4735,short_grass_1,3187,3235,0,51,35,22,3,49,50
4735,short_grass_1,3188,3235,0,52,35,22,2,49,50
1392,plant2,3189,3235,0,53,35,10,2,49,50
4735,short_grass_1,3191,3235,0,55,35,22,0,49,50
4736,short_grass_2,3192,3235,0,56,35,22,0,49,50
1189,daisys,3193,3235,0,57,35,10,3,49,50
4738,short_grass_4,3193,3235,0,57,35,22,3,49,50
4737,short_grass_3,3194,3235,0,58,35,22,1,49,50
1173,smallfern,3195,3235,0,59,35,10,0,49,50
4738,short_grass_4,3195,3235,0,59,35,22,3,49,50
4738,short_grass_4,3196,3235,0,60,35,22,2,49,50
4737,short_grass_3,3197,3235,0,61,35,22,1,49,50
4736,short_grass_2,3198,3235,0,62,35,22,2,49,50
4735,short_grass_1,3199,3235,0,63,35,22,1,49,50
4735,short_grass_1,3200,3235,0,0,35,22,0,50,50
4736,short_grass_2,3201,3235,0,1,35,22,0,50,50
1911,castlewall,3202,3235,0,2,35,9,0,50,50
1651,cross_castleedge,3202,3235,1,2,35,9,0,50,50
1911,castlewall,3203,3235,0,3,35,1,0,50,50
1651,cross_castleedge,3203,3235,1,3,35,1,0,50,50
326,dugupsoil3_light2,3213,3235,0,13,35,22,0,50,50
1911,castlewall,3213,3235,0,13,35,1,1,50,50
1651,cross_castleedge,3213,3235,1,13,35,1,1,50,50
1911,castlewall,3214,3235,0,14,35,9,1,50,50
1651,cross_castleedge,3214,3235,1,14,35,9,1,50,50
1911,castlewall,3215,3235,0,15,35,3,3,50,50
4736,short_grass_2,3215,3235,0,15,35,22,0,50,50
1913,castlebattlements,3215,3235,1,15,35,3,3,50,50
1938,castlearrowslit,3216,3235,0,16,35,4,3,50,50
42835,gim_portal_lumbridge,3216,3235,0,16,35,10,2,50,50
7389,transportation_icon,3217,3235,0,17,35,22,0,50,50
1938,castlearrowslit,3219,3235,0,19,35,4,3,50,50
1911,castlewall,3220,3235,0,20,35,3,2,50,50
4737,short_grass_3,3220,3235,0,20,35,22,0,50,50
1913,castlebattlements,3220,3235,1,20,35,3,2,50,50
1394,plant4,3221,3235,0,21,35,10,2,50,50
1902,brickwall,3227,3235,0,27,35,3,1,50,50
1790,roofedge_redslate,3227,3235,1,27,35,19,1,50,50
1902,brickwall,3228,3235,0,28,35,0,1,50,50
4736,short_grass_2,3228,3235,0,28,35,22,3,50,50
5662,roofedge_rough,3228,3235,1,28,35,18,1,50,50
1902,brickwall,3229,3235,0,29,35,0,1,50,50
5533,short_grass_3_wall_edge,3229,3235,0,29,35,22,1,50,50
5662,roofedge_rough,3229,3235,1,29,35,18,1,50,50
56376,poordoor_m,3230,3235,0,30,35,0,1,50,50
5662,roofedge_rough,3230,3235,1,30,35,18,1,50,50
1902,brickwall,3231,3235,0,31,35,0,1,50,50
37348,ap_indicator,3231,3235,0,31,35,10,2,50,50
5662,roofedge_rough,3231,3235,1,31,35,18,1,50,50
1821,window,3232,3235,0,32,35,5,1,50,50
1902,brickwall,3232,3235,0,32,35,0,1,50,50
5533,short_grass_3_wall_edge,3232,3235,0,32,35,22,1,50,50
5662,roofedge_rough,3232,3235,1,32,35,18,1,50,50
1902,brickwall,3233,3235,0,33,35,0,1,50,50
4736,short_grass_2,3233,3235,0,33,35,22,2,50,50
5662,roofedge_rough,3233,3235,1,33,35,18,1,50,50
1902,brickwall,3234,3235,0,34,35,3,0,50,50
4736,short_grass_2,3234,3235,0,34,35,22,2,50,50
1790,roofedge_redslate,3234,3235,1,34,35,19,0,50,50
44603,blankwall_no_blockrange,3238,3235,0,38,35,0,0,50,50
12163,canoeing_canoestation_lumbridge,3241,3235,0,41,35,10,3,50,50
320,dugupsoil2_light,3244,3235,0,44,35,22,3,50,50
320,dugupsoil2_light,3245,3235,0,45,35,22,2,50,50
320,dugupsoil2_light,3246,3235,0,46,35,22,2,50,50
320,dugupsoil2_light,3247,3235,0,47,35,22,1,50,50
1249,full_twig_dark,3248,3235,0,48,35,22,2,50,50
1282,deadtree1,3249,3235,0,49,35,10,3,50,50
1250,broken_twig_dark,3250,3235,0,50,35,22,1,50,50
320,dugupsoil2_light,3251,3235,0,51,35,22,3,50,50
320,dugupsoil2_light,3252,3235,0,52,35,22,2,50,50
1247,broken_twig,3254,3235,0,54,35,22,3,50,50
4735,short_grass_1,3256,3235,0,56,35,22,1,50,50
981,gardenfencing,3258,3235,0,58,35,3,1,50,50
980,fencing,3261,3235,0,61,35,0,0,50,50
4735,short_grass_1,3263,3235,0,63,35,22,2,50,50
1247,broken_twig,3141,3236,0,5,36,22,1,49,50
1278,tree2,3141,3236,0,5,36,10,2,49,50
1246,full_twig,3142,3236,0,6,36,22,2,49,50
325,dugupsoil2_light2,3149,3236,0,13,36,22,1,49,50
1246,full_twig,3153,3236,0,17,36,22,1,49,50
1247,broken_twig,3154,3236,0,18,36,22,1,49,50
1247,broken_twig,3169,3236,0,33,36,22,1,49,50
1247,broken_twig,3171,3236,0,35,36,22,2,49,50
1276,tree,3171,3236,0,35,36,10,1,49,50
1247,broken_twig,3172,3236,0,36,36,22,0,49,50
1174,thistle,3173,3236,0,37,36,10,1,49,50
1393,plant3,3175,3236,0,39,36,10,1,49,50
4735,short_grass_1,3177,3236,0,41,36,22,2,49,50
4735,short_grass_1,3178,3236,0,42,36,22,1,49,50
4737,short_grass_3,3179,3236,0,43,36,22,3,49,50
4738,short_grass_4,3180,3236,0,44,36,22,0,49,50
4738,short_grass_4,3181,3236,0,45,36,22,1,49,50
4738,short_grass_4,3182,3236,0,46,36,22,2,49,50
4738,short_grass_4,3183,3236,0,47,36,22,2,49,50
4737,short_grass_3,3184,3236,0,48,36,22,0,49,50
4736,short_grass_2,3185,3236,0,49,36,22,1,49,50
1392,plant2,3186,3236,0,50,36,10,0,49,50
4735,short_grass_1,3186,3236,0,50,36,22,1,49,50
16434,randomsound_woodland_birds,3187,3236,0,51,36,22,0,49,50
4735,short_grass_1,3188,3236,0,52,36,22,1,49,50
4735,short_grass_1,3192,3236,0,56,36,22,1,49,50
4737,short_grass_3,3193,3236,0,57,36,22,0,49,50
4738,short_grass_4,3194,3236,0,58,36,22,3,49,50
4738,short_grass_4,3195,3236,0,59,36,22,1,49,50
4738,short_grass_4,3196,3236,0,60,36,22,2,49,50
4737,short_grass_3,3197,3236,0,61,36,22,2,49,50
1247,broken_twig,3198,3236,0,62,36,22,1,49,50
1276,tree,3198,3236,0,62,36,10,3,49,50
1247,broken_twig,3199,3236,0,63,36,22,0,49,50
4735,short_grass_1,3201,3236,0,1,36,22,3,50,50
4736,short_grass_2,3202,3236,0,2,36,22,0,50,50
1911,castlewall,3203,3236,0,3,36,9,0,50,50
1651,cross_castleedge,3203,3236,1,3,36,9,0,50,50
326,dugupsoil3_light2,3204,3236,0,4,36,22,2,50,50
1911,castlewall,3204,3236,0,4,36,0,1,50,50
1651,cross_castleedge,3204,3236,1,4,36,0,1,50,50
324,dugupsoil1_light2,3205,3236,0,5,36,22,1,50,50
1187,blueflower,3205,3236,0,5,36,10,3,50,50
1646,oldcastlearrowslit,3205,3236,0,5,36,5,1,50,50
1911,castlewall,3205,3236,0,5,36,0,1,50,50
1651,cross_castleedge,3205,3236,1,5,36,0,1,50,50
325,dugupsoil2_light2,3206,3236,0,6,36,22,1,50,50
1911,castlewall,3206,3236,0,6,36,0,1,50,50
1651,cross_castleedge,3206,3236,1,6,36,0,1,50,50
1196,rareflowers_blue,3207,3236,0,7,36,10,3,50,50
1911,castlewall,3207,3236,0,7,36,0,1,50,50
1651,cross_castleedge,3207,3236,1,7,36,0,1,50,50
324,dugupsoil1_light2,3208,3236,0,8,36,22,2,50,50
1195,rareflower_blue,3208,3236,0,8,36,10,2,50,50
1646,oldcastlearrowslit,3208,3236,0,8,36,5,1,50,50
1911,castlewall,3208,3236,0,8,36,0,1,50,50
1651,cross_castleedge,3208,3236,1,8,36,0,1,50,50
325,dugupsoil2_light2,3209,3236,0,9,36,22,2,50,50
1911,castlewall,3209,3236,0,9,36,0,1,50,50
1651,cross_castleedge,3209,3236,1,9,36,0,1,50,50
326,dugupsoil3_light2,3210,3236,0,10,36,22,3,50,50
1911,castlewall,3210,3236,0,10,36,0,1,50,50
1651,cross_castleedge,3210,3236,1,10,36,0,1,50,50
1187,blueflower,3211,3236,0,11,36,10,0,50,50
1646,oldcastlearrowslit,3211,3236,0,11,36,5,1,50,50
1911,castlewall,3211,3236,0,11,36,0,1,50,50
1651,cross_castleedge,3211,3236,1,11,36,0,1,50,50
325,dugupsoil2_light2,3212,3236,0,12,36,22,3,50,50
1911,castlewall,3212,3236,0,12,36,0,1,50,50
1651,cross_castleedge,3212,3236,1,12,36,0,1,50,50
1911,castlewall,3213,3236,0,13,36,9,1,50,50
1651,cross_castleedge,3213,3236,1,13,36,9,1,50,50
4736,short_grass_2,3214,3236,0,14,36,22,1,50,50
4736,short_grass_2,3215,3236,0,15,36,22,0,50,50
4737,short_grass_3,3216,3236,0,16,36,22,0,50,50
4735,short_grass_1,3219,3236,0,19,36,22,0,50,50
336,dugupsoil2_grey,3225,3236,0,25,36,22,0,50,50
4736,short_grass_2,3226,3236,0,26,36,22,3,50,50
1902,brickwall,3227,3236,0,27,36,0,2,50,50
4736,short_grass_2,3227,3236,0,27,36,22,3,50,50
5662,roofedge_rough,3227,3236,1,27,36,18,2,50,50
24322,canafis_inn_barstool,3228,3236,0,28,36,10,0,50,50
1924,roof_redslate,3228,3236,1,28,36,16,1,50,50
1924,roof_redslate,3229,3236,1,29,36,12,1,50,50
1924,roof_redslate,3230,3236,1,30,36,12,1,50,50
1924,roof_redslate,3231,3236,1,31,36,12,1,50,50
1821,window,3232,3236,0,32,36,4,3,50,50
1924,roof_redslate,3232,3236,1,32,36,12,1,50,50
15674,aide_barrel,3233,3236,0,33,36,10,1,50,50
1924,roof_redslate,3233,3236,1,33,36,16,0,50,50
1902,brickwall,3234,3236,0,34,36,0,0,50,50
4737,short_grass_3,3234,3236,0,34,36,22,1,50,50
5662,roofedge_rough,3234,3236,1,34,36,18,0,50,50
44603,blankwall_no_blockrange,3237,3236,0,37,36,0,1,50,50
44603,blankwall_no_blockrange,3238,3236,0,38,36,0,0,50,50
5606,rock_pool_bits,3239,3236,0,39,36,10,3,50,50
320,dugupsoil2_light,3244,3236,0,44,36,22,3,50,50
319,dugupsoil1_light,3245,3236,0,45,36,22,1,50,50
320,dugupsoil2_light,3246,3236,0,46,36,22,1,50,50
320,dugupsoil2_light,3247,3236,0,47,36,22,0,50,50
1250,broken_twig_dark,3248,3236,0,48,36,22,2,50,50
1249,full_twig_dark,3249,3236,0,49,36,22,0,50,50
1250,broken_twig_dark,3250,3236,0,50,36,22,3,50,50
325,dugupsoil2_light2,3251,3236,0,51,36,22,1,50,50
325,dugupsoil2_light2,3252,3236,0,52,36,22,0,50,50
1247,broken_twig,3255,3236,0,55,36,22,0,50,50
4735,short_grass_1,3257,3236,0,57,36,22,3,50,50
980,fencing,3258,3236,0,58,36,0,2,50,50
4735,short_grass_1,3258,3236,0,58,36,22,0,50,50
980,fencing,3261,3236,0,61,36,0,0,50,50
4735,short_grass_1,3262,3236,0,62,36,22,0,50,50
4735,short_grass_1,3263,3236,0,63,36,22,3,50,50
1394,plant4,3137,3237,0,1,37,10,0,49,50
1247,broken_twig,3141,3237,0,5,37,22,3,49,50
1247,broken_twig,3142,3237,0,6,37,22,2,49,50
1118,wildbush1,3145,3237,0,9,37,10,1,49,50
1247,broken_twig,3156,3237,0,20,37,22,1,49,50
1278,tree2,3156,3237,0,20,37,10,3,49,50
1247,broken_twig,3157,3237,0,21,37,22,2,49,50
1391,plant1,3161,3237,0,25,37,10,0,49,50
1247,broken_twig,3168,3237,0,32,37,22,0,49,50
325,dugupsoil2_light2,3170,3237,0,34,37,22,2,49,50
1246,full_twig,3171,3237,0,35,37,22,1,49,50
1247,broken_twig,3172,3237,0,36,37,22,3,49,50
325,dugupsoil2_light2,3173,3237,0,37,37,22,3,49,50
4735,short_grass_1,3177,3237,0,41,37,22,3,49,50
4735,short_grass_1,3178,3237,0,42,37,22,0,49,50
4736,short_grass_2,3179,3237,0,43,37,22,0,49,50
4737,short_grass_3,3180,3237,0,44,37,22,0,49,50
1276,tree,3181,3237,0,45,37,10,1,49,50
4737,short_grass_3,3181,3237,0,45,37,22,0,49,50
4736,short_grass_2,3182,3237,0,46,37,22,0,49,50
4737,short_grass_3,3183,3237,0,47,37,22,0,49,50
4736,short_grass_2,3184,3237,0,48,37,22,1,49,50
4735,short_grass_1,3185,3237,0,49,37,22,0,49,50
4735,short_grass_1,3186,3237,0,50,37,22,0,49,50
4735,short_grass_1,3192,3237,0,56,37,22,0,49,50
4735,short_grass_1,3193,3237,0,57,37,22,2,49,50
4735,short_grass_1,3194,3237,0,58,37,22,3,49,50
4738,short_grass_4,3195,3237,0,59,37,22,0,49,50
4738,short_grass_4,3196,3237,0,60,37,22,3,49,50
4738,short_grass_4,3197,3237,0,61,37,22,1,49,50
4737,short_grass_3,3198,3237,0,62,37,22,1,49,50
1247,broken_twig,3199,3237,0,63,37,22,0,49,50
4735,short_grass_1,3202,3237,0,2,37,22,3,50,50
4736,short_grass_2,3203,3237,0,3,37,22,0,50,50
1911,castlewall,3204,3237,0,4,37,3,3,50,50
4736,short_grass_2,3204,3237,0,4,37,22,0,50,50
1913,castlebattlements,3204,3237,1,4,37,3,3,50,50
1938,castlearrowslit,3205,3237,0,5,37,4,3,50,50
4737,short_grass_3,3205,3237,0,5,37,22,0,50,50
4737,short_grass_3,3206,3237,0,6,37,22,0,50,50
4738,short_grass_4,3207,3237,0,7,37,22,0,50,50
1911,castlewall,3208,3237,0,8,37,3,2,50,50
1938,castlearrowslit,3208,3237,0,8,37,4,3,50,50
4738,short_grass_4,3208,3237,0,8,37,22,2,50,50
1913,castlebattlements,3208,3237,1,8,37,3,2,50,50
4738,short_grass_4,3209,3237,0,9,37,22,2,50,50
4737,short_grass_3,3210,3237,0,10,37,22,0,50,50
1938,castlearrowslit,3211,3237,0,11,37,4,3,50,50
4738,short_grass_4,3211,3237,0,11,37,22,1,50,50
1911,castlewall,3212,3237,0,12,37,3,2,50,50
4736,short_grass_2,3212,3237,0,12,37,22,1,50,50
1913,castlebattlements,3212,3237,1,12,37,3,2,50,50
4736,short_grass_2,3213,3237,0,13,37,22,1,50,50
4735,short_grass_1,3217,3237,0,17,37,22,2,50,50
4736,short_grass_2,3225,3237,0,25,37,22,3,50,50
4738,short_grass_4,3226,3237,0,26,37,22,2,50,50
34659,xmts_pub_sign,3226,3237,0,26,37,10,1,50,50
1821,window,3227,3237,0,27,37,5,2,50,50
1902,brickwall,3227,3237,0,27,37,0,2,50,50
4738,short_grass_4,3227,3237,0,27,37,22,0,50,50
5662,roofedge_rough,3227,3237,1,27,37,18,2,50,50
1821,window,3228,3237,0,28,37,4,0,50,50
2238,cluescroll_tutor_icon,3228,3237,0,28,37,22,0,50,50
2333,fai_varrock_blue_inn_tavern_table_low,3228,3237,0,28,37,10,0,50,50
1924,roof_redslate,3228,3237,1,28,37,12,2,50,50
1924,roof_redslate,3229,3237,1,29,37,17,1,50,50
1924,roof_redslate,3230,3237,1,30,37,17,1,50,50
24322,canafis_inn_barstool,3231,3237,0,31,37,10,0,50,50
1924,roof_redslate,3231,3237,1,31,37,17,1,50,50
2333,fai_varrock_blue_inn_tavern_table_low,3232,3237,0,32,37,10,0,50,50
1924,roof_redslate,3232,3237,1,32,37,17,1,50,50
15674,aide_barrel,3233,3237,0,33,37,10,1,50,50
1924,roof_redslate,3233,3237,1,33,37,12,0,50,50
1902,brickwall,3234,3237,0,34,37,0,0,50,50
4737,short_grass_3,3234,3237,0,34,37,22,1,50,50
5662,roofedge_rough,3234,3237,1,34,37,18,0,50,50
10819,willowtree,3235,3237,0,35,37,10,0,50,50
44603,blankwall_no_blockrange,3237,3237,0,37,37,0,0,50,50
325,dugupsoil2_light2,3243,3237,0,43,37,22,2,50,50
320,dugupsoil2_light,3244,3237,0,44,37,22,1,50,50
320,dugupsoil2_light,3245,3237,0,45,37,22,2,50,50
325,dugupsoil2_light2,3246,3237,0,46,37,22,0,50,50
1250,broken_twig_dark,3247,3237,0,47,37,22,1,50,50
1247,broken_twig,3248,3237,0,48,37,22,0,50,50
1249,full_twig_dark,3249,3237,0,49,37,22,3,50,50
319,dugupsoil1_light,3251,3237,0,51,37,22,0,50,50
1247,broken_twig,3252,3237,0,52,37,22,1,50,50
10820,oaktree,3252,3237,0,52,37,10,0,50,50
1247,broken_twig,3253,3237,0,53,37,22,0,50,50
1246,full_twig,3254,3237,0,54,37,22,0,50,50
1247,broken_twig,3256,3237,0,56,37,22,3,50,50
1393,plant3,3256,3237,0,56,37,10,0,50,50
4735,short_grass_1,3257,3237,0,57,37,22,3,50,50
980,fencing,3258,3237,0,58,37,0,2,50,50
4735,short_grass_1,3258,3237,0,58,37,22,1,50,50
336,dugupsoil2_grey,3259,3237,0,59,37,22,3,50,50
336,dugupsoil2_grey,3260,3237,0,60,37,22,0,50,50
980,fencing,3261,3237,0,61,37,0,0,50,50
4735,short_grass_1,3261,3237,0,61,37,22,1,50,50
1392,plant2,3147,3238,0,11,38,10,1,49,50
1278,tree2,3150,3238,0,14,38,10,0,49,50
1246,full_twig,3156,3238,0,20,38,22,2,49,50
1247,broken_twig,3157,3238,0,21,38,22,3,49,50
325,dugupsoil2_light2,3158,3238,0,22,38,22,3,49,50
325,dugupsoil2_light2,3159,3238,0,23,38,22,2,49,50
325,dugupsoil2_light2,3165,3238,0,29,38,22,3,49,50
326,dugupsoil3_light2,3166,3238,0,30,38,22,2,49,50
325,dugupsoil2_light2,3167,3238,0,31,38,22,2,49,50
325,dugupsoil2_light2,3169,3238,0,33,38,22,1,49,50
324,dugupsoil1_light2,3170,3238,0,34,38,22,0,49,50
325,dugupsoil2_light2,3171,3238,0,35,38,22,3,49,50
325,dugupsoil2_light2,3172,3238,0,36,38,22,0,49,50
326,dugupsoil3_light2,3173,3238,0,37,38,22,2,49,50
1278,tree2,3174,3238,0,38,38,10,1,49,50
1247,broken_twig,3175,3238,0,39,38,22,1,49,50
1276,tree,3178,3238,0,42,38,10,1,49,50
1247,broken_twig,3179,3238,0,43,38,22,3,49,50
4736,short_grass_2,3180,3238,0,44,38,22,0,49,50
4736,short_grass_2,3181,3238,0,45,38,22,1,49,50
1247,broken_twig,3182,3238,0,46,38,22,1,49,50
1278,tree2,3183,3238,0,47,38,10,2,49,50
1247,broken_twig,3184,3238,0,48,38,22,1,49,50
4735,short_grass_1,3185,3238,0,49,38,22,3,49,50
1392,plant2,3189,3238,0,53,38,10,0,49,50
4735,short_grass_1,3191,3238,0,55,38,22,1,49,50
1276,tree,3192,3238,0,56,38,10,1,49,50
4735,short_grass_1,3193,3238,0,57,38,22,2,49,50
4737,short_grass_3,3194,3238,0,58,38,22,3,49,50
4738,short_grass_4,3195,3238,0,59,38,22,3,49,50
4738,short_grass_4,3196,3238,0,60,38,22,0,49,50
4738,short_grass_4,3197,3238,0,61,38,22,3,49,50
4737,short_grass_3,3198,3238,0,62,38,22,1,49,50
4735,short_grass_1,3199,3238,0,63,38,22,3,49,50
1247,broken_twig,3213,3238,0,13,38,22,0,50,50
1278,tree2,3213,3238,0,13,38,10,1,50,50
4735,short_grass_1,3215,3238,0,15,38,22,2,50,50
4735,short_grass_1,3218,3238,0,18,38,22,1,50,50
1902,brickwall,3225,3238,0,25,38,3,1,50,50
1790,roofedge_redslate,3225,3238,1,25,38,19,1,50,50
1902,brickwall,3226,3238,0,26,38,0,1,50,50
4738,short_grass_4,3226,3238,0,26,38,22,2,50,50
5662,roofedge_rough,3226,3238,1,26,38,18,1,50,50
1902,brickwall,3227,3238,0,27,38,2,1,50,50
4738,short_grass_4,3227,3238,0,27,38,22,3,50,50
1790,roofedge_redslate,3227,3238,1,27,38,20,1,50,50
24322,canafis_inn_barstool,3228,3238,0,28,38,10,0,50,50
1924,roof_redslate,3228,3238,1,28,38,12,2,50,50
1924,roof_redslate,3229,3238,1,29,38,17,1,50,50
1924,roof_redslate,3230,3238,1,30,38,17,1,50,50
1924,roof_redslate,3231,3238,1,31,38,17,1,50,50
1924,roof_redslate,3232,3238,1,32,38,17,1,50,50
1821,window,3233,3238,0,33,38,4,2,50,50
1924,roof_redslate,3233,3238,1,33,38,12,0,50,50
1821,window,3234,3238,0,34,38,5,0,50,50
1902,brickwall,3234,3238,0,34,38,0,0,50,50
4737,short_grass_3,3234,3238,0,34,38,22,1,50,50
5662,roofedge_rough,3234,3238,1,34,38,18,0,50,50
44603,blankwall_no_blockrange,3237,3238,0,37,38,0,0,50,50
7389,transportation_icon,3242,3238,0,42,38,22,0,50,50
320,dugupsoil2_light,3243,3238,0,43,38,22,0,50,50
1249,full_twig_dark,3244,3238,0,44,38,22,1,50,50
325,dugupsoil2_light2,3245,3238,0,45,38,22,3,50,50
1250,broken_twig_dark,3247,3238,0,47,38,22,0,50,50
1249,full_twig_dark,3248,3238,0,48,38,22,0,50,50
320,dugupsoil2_light,3249,3238,0,49,38,22,1,50,50
320,dugupsoil2_light,3250,3238,0,50,38,22,2,50,50
320,dugupsoil2_light,3251,3238,0,51,38,22,3,50,50
320,dugupsoil2_light,3252,3238,0,52,38,22,0,50,50
1247,broken_twig,3256,3238,0,56,38,22,3,50,50
4735,short_grass_1,3257,3238,0,57,38,22,3,50,50
980,fencing,3258,3238,0,58,38,0,2,50,50
4735,short_grass_1,3258,3238,0,58,38,22,2,50,50
980,fencing,3261,3238,0,61,38,0,0,50,50
4735,short_grass_1,3262,3238,0,62,38,22,1,50,50
4735,short_grass_1,3263,3238,0,63,38,22,3,50,50
1246,full_twig,3141,3239,0,5,39,22,3,49,50
1276,tree,3141,3239,0,5,39,10,2,49,50
1247,broken_twig,3142,3239,0,6,39,22,0,49,50
326,dugupsoil3_light2,3159,3239,0,23,39,22,0,49,50
325,dugupsoil2_light2,3160,3239,0,24,39,22,0,49,50
1247,broken_twig,3166,3239,0,30,39,22,1,49,50
1286,deadtree2,3167,3239,0,31,39,10,2,49,50
1246,full_twig,3168,3239,0,32,39,22,2,49,50
325,dugupsoil2_light2,3170,3239,0,34,39,22,0,49,50
325,dugupsoil2_light2,3171,3239,0,35,39,22,1,49,50
325,dugupsoil2_light2,3173,3239,0,37,39,22,2,49,50
1247,broken_twig,3174,3239,0,38,39,22,0,49,50
1247,broken_twig,3175,3239,0,39,39,22,1,49,50
1247,broken_twig,3178,3239,0,42,39,22,2,49,50
1247,broken_twig,3179,3239,0,43,39,22,0,49,50
4735,short_grass_1,3180,3239,0,44,39,22,2,49,50
1132,tkcanopycorner2,3180,3239,2,44,39,10,1,49,50
4735,short_grass_1,3181,3239,0,45,39,22,0,49,50
1247,broken_twig,3183,3239,0,47,39,22,2,49,50
1131,tkcanopyfiller2,3183,3239,2,47,39,10,0,49,50
1247,broken_twig,3184,3239,0,48,39,22,3,49,50
1132,tkcanopycorner2,3184,3239,2,48,39,10,0,49,50
1251,full_twig_light,3185,3239,0,49,39,22,1,49,50
1278,tree2,3187,3239,0,51,39,10,2,49,50
1247,broken_twig,3188,3239,0,52,39,22,3,49,50
4735,short_grass_1,3191,3239,0,55,39,22,2,49,50
1247,broken_twig,3192,3239,0,56,39,22,3,49,50
4735,short_grass_1,3193,3239,0,57,39,22,1,49,50
4736,short_grass_2,3194,3239,0,58,39,22,0,49,50
4738,short_grass_4,3195,3239,0,59,39,22,2,49,50
4737,short_grass_3,3196,3239,0,60,39,22,0,49,50
4737,short_grass_3,3197,3239,0,61,39,22,0,49,50
4736,short_grass_2,3198,3239,0,62,39,22,1,49,50
4735,short_grass_1,3199,3239,0,63,39,22,1,49,50
4735,short_grass_1,3204,3239,0,4,39,22,1,50,50
10820,oaktree,3204,3239,0,4,39,10,0,50,50
4735,short_grass_1,3205,3239,0,5,39,22,1,50,50
4735,short_grass_1,3211,3239,0,11,39,22,3,50,50
1246,full_twig,3214,3239,0,14,39,22,2,50,50
33160,tutor_combat_icon,3219,3239,0,19,39,22,0,50,50
1902,brickwall,3225,3239,0,25,39,0,2,50,50
5662,roofedge_rough,3225,3239,1,25,39,18,2,50,50
1924,roof_redslate,3226,3239,1,26,39,16,1,50,50
1924,roof_redslate,3227,3239,1,27,39,12,1,50,50
1924,roof_redslate,3228,3239,1,28,39,15,1,50,50
1924,roof_redslate,3229,3239,1,29,39,17,1,50,50
1924,roof_redslate,3230,3239,1,30,39,17,1,50,50
2330,fai_varrock_blue_inn_bar_left_bright,3231,3239,0,31,39,10,0,50,50
1924,roof_redslate,3231,3239,1,31,39,17,1,50,50
1924,roof_redslate,3232,3239,1,32,39,17,1,50,50
2325,fai_varrock_blue_inn_drinks_bar_left_bright,3233,3239,0,33,39,10,0,50,50
1924,roof_redslate,3233,3239,1,33,39,12,0,50,50
1902,brickwall,3234,3239,0,34,39,0,0,50,50
4736,short_grass_2,3234,3239,0,34,39,22,1,50,50
5662,roofedge_rough,3234,3239,1,34,39,18,0,50,50
44603,blankwall_no_blockrange,3237,3239,0,37,39,0,0,50,50
320,dugupsoil2_light,3242,3239,0,42,39,22,3,50,50
325,dugupsoil2_light2,3243,3239,0,43,39,22,1,50,50
1282,deadtree1,3244,3239,0,44,39,10,3,50,50
1247,broken_twig,3245,3239,0,45,39,22,2,50,50
1250,broken_twig_dark,3246,3239,0,46,39,22,2,50,50
1250,broken_twig_dark,3247,3239,0,47,39,22,3,50,50
1250,broken_twig_dark,3248,3239,0,48,39,22,1,50,50
1286,deadtree2,3249,3239,0,49,39,10,2,50,50
1249,full_twig_dark,3250,3239,0,50,39,22,3,50,50
1246,full_twig,3252,3239,0,52,39,22,2,50,50
1247,broken_twig,3254,3239,0,54,39,22,3,50,50
1247,broken_twig,3256,3239,0,56,39,22,2,50,50
1394,plant4,3256,3239,0,56,39,10,0,50,50
980,fencing,3258,3239,0,58,39,0,2,50,50
4735,short_grass_1,3258,3239,0,58,39,22,2,50,50
980,fencing,3261,3239,0,61,39,0,0,50,50
4737,short_grass_3,3261,3239,0,61,39,22,1,50,50
4735,short_grass_1,3262,3239,0,62,39,22,1,50,50
1394,plant4,3138,3240,0,2,40,10,3,49,50
1248,sticks_twigs,3142,3240,0,6,40,22,3,49,50
4735,short_grass_1,3143,3240,0,7,40,22,1,49,50
4735,short_grass_1,3144,3240,0,8,40,22,0,49,50
1393,plant3,3145,3240,0,9,40,10,3,49,50
4735,short_grass_1,3146,3240,0,10,40,22,0,49,50
4735,short_grass_1,3147,3240,0,11,40,22,1,49,50
1278,tree2,3154,3240,0,18,40,10,0,49,50
1246,full_twig,3155,3240,0,19,40,22,0,49,50
325,dugupsoil2_light2,3160,3240,0,24,40,22,1,49,50
1247,broken_twig,3165,3240,0,29,40,22,0,49,50
1286,deadtree2,3166,3240,0,30,40,10,1,49,50
1247,broken_twig,3167,3240,0,31,40,22,3,49,50
1246,full_twig,3168,3240,0,32,40,22,3,49,50
1174,thistle,3169,3240,0,33,40,10,2,49,50
325,dugupsoil2_light2,3170,3240,0,34,40,22,0,49,50
326,dugupsoil3_light2,3171,3240,0,35,40,22,0,49,50
1251,full_twig_light,3180,3240,0,44,40,22,2,49,50
1251,full_twig_light,3181,3240,0,45,40,22,2,49,50
1252,broken_twig_light,3182,3240,0,46,40,22,3,49,50
1251,full_twig_light,3183,3240,0,47,40,22,1,49,50
1124,bush1,3184,3240,0,48,40,10,2,49,50
1247,broken_twig,3187,3240,0,51,40,22,0,49,50
1247,broken_twig,3188,3240,0,52,40,22,2,49,50
4735,short_grass_1,3192,3240,0,56,40,22,1,49,50
4737,short_grass_3,3193,3240,0,57,40,22,3,49,50
4735,short_grass_1,3194,3240,0,58,40,22,3,49,50
4735,short_grass_1,3195,3240,0,59,40,22,2,49,50
4736,short_grass_2,3196,3240,0,60,40,22,1,49,50
4735,short_grass_1,3197,3240,0,61,40,22,1,49,50
4735,short_grass_1,3198,3240,0,62,40,22,0,49,50
1278,tree2,3200,3240,0,0,40,10,3,50,50
4736,short_grass_2,3210,3240,0,10,40,22,3,50,50
4737,short_grass_3,3211,3240,0,11,40,22,2,50,50
4736,short_grass_2,3212,3240,0,12,40,22,2,50,50
4735,short_grass_1,3213,3240,0,13,40,22,3,50,50
4735,short_grass_1,3214,3240,0,14,40,22,3,50,50
4735,short_grass_1,3216,3240,0,16,40,22,2,50,50
336,dugupsoil2_grey,3222,3240,0,22,40,22,0,50,50
1535,poordoor,3225,3240,0,25,40,0,2,50,50
5662,roofedge_rough,3225,3240,1,25,40,18,2,50,50
1924,roof_redslate,3226,3240,1,26,40,12,2,50,50
2333,fai_varrock_blue_inn_tavern_table_low,3227,3240,0,27,40,10,0,50,50
1924,roof_redslate,3227,3240,1,27,40,17,1,50,50
24322,canafis_inn_barstool,3228,3240,0,28,40,10,0,50,50
1924,roof_redslate,3228,3240,1,28,40,17,1,50,50
1924,roof_redslate,3229,3240,1,29,40,17,1,50,50
24323,canafis_inn_barstool_tall,3230,3240,0,30,40,10,0,50,50
1924,roof_redslate,3230,3240,1,30,40,17,1,50,50
2329,fai_varrock_blue_inn_bar_middle3_bright,3231,3240,0,31,40,10,0,50,50
1924,roof_redslate,3231,3240,1,31,40,17,1,50,50
2764,beer_store_icon,3232,3240,0,32,40,22,1,50,50
1924,roof_redslate,3232,3240,1,32,40,17,1,50,50
2323,fai_varrock_blue_inn_drinks_bar_middle_bright,3233,3240,0,33,40,10,0,50,50
1924,roof_redslate,3233,3240,1,33,40,12,0,50,50
1902,brickwall,3234,3240,0,34,40,0,0,50,50
5662,roofedge_rough,3234,3240,1,34,40,18,0,50,50
44603,blankwall_no_blockrange,3236,3240,0,36,40,0,1,50,50
3548,regicide_grass2,3237,3240,0,37,40,22,1,50,50
44603,blankwall_no_blockrange,3237,3240,0,37,40,0,0,50,50
44603,blankwall_no_blockrange,3239,3240,0,39,40,2,3,50,50
1162,bullrushes,3240,3240,0,40,40,10,3,50,50
44603,blankwall_no_blockrange,3240,3240,0,40,40,0,3,50,50
325,dugupsoil2_light2,3241,3240,0,41,40,22,1,50,50
320,dugupsoil2_light,3243,3240,0,43,40,22,2,50,50
325,dugupsoil2_light2,3246,3240,0,46,40,22,2,50,50
320,dugupsoil2_light,3247,3240,0,47,40,22,0,50,50
320,dugupsoil2_light,3248,3240,0,48,40,22,1,50,50
1249,full_twig_dark,3249,3240,0,49,40,22,2,50,50
1122,leaflessbush,3250,3240,0,50,40,10,0,50,50
4735,short_grass_1,3257,3240,0,57,40,22,1,50,50
980,fencing,3258,3240,0,58,40,0,2,50,50
16438,randomsound_woodland_ambience,3258,3240,0,58,40,22,0,50,50
336,dugupsoil2_grey,3259,3240,0,59,40,22,3,50,50
980,fencing,3261,3240,0,61,40,0,0,50,50
4738,short_grass_4,3261,3240,0,61,40,22,1,50,50
4737,short_grass_3,3262,3240,0,62,40,22,1,50,50
4735,short_grass_1,3263,3240,0,63,40,22,0,50,50
4736,short_grass_2,3141,3241,0,5,41,22,3,49,50
4737,short_grass_3,3142,3241,0,6,41,22,2,49,50
4736,short_grass_2,3143,3241,0,7,41,22,2,49,50
4736,short_grass_2,3144,3241,0,8,41,22,3,49,50
4737,short_grass_3,3145,3241,0,9,41,22,2,49,50
4737,short_grass_3,3146,3241,0,10,41,22,2,49,50
4736,short_grass_2,3147,3241,0,11,41,22,2,49,50
4735,short_grass_1,3148,3241,0,12,41,22,3,49,50
1246,full_twig,3155,3241,0,19,41,22,3,49,50
1392,plant2,3157,3241,0,21,41,10,0,49,50
1247,broken_twig,3163,3241,0,27,41,22,0,49,50
1246,full_twig,3166,3241,0,30,41,22,1,49,50
325,dugupsoil2_light2,3171,3241,0,35,41,22,3,49,50
1174,thistle,3173,3241,0,37,41,10,0,49,50
1173,smallfern,3178,3241,0,42,41,10,0,49,50
1392,plant2,3180,3241,0,44,41,10,0,49,50
1252,broken_twig_light,3182,3241,0,46,41,22,0,49,50
1252,broken_twig_light,3183,3241,0,47,41,22,0,49,50
1251,full_twig_light,3184,3241,0,48,41,22,0,49,50
1278,tree2,3185,3241,0,49,41,10,2,49,50
1247,broken_twig,3186,3241,0,50,41,22,2,49,50
1252,broken_twig_light,3187,3241,0,51,41,22,2,49,50
1276,tree,3190,3241,0,54,41,10,2,49,50
1247,broken_twig,3191,3241,0,55,41,22,2,49,50
4735,short_grass_1,3192,3241,0,56,41,22,0,49,50
4736,short_grass_2,3193,3241,0,57,41,22,0,49,50
4737,short_grass_3,3194,3241,0,58,41,22,0,49,50
4737,short_grass_3,3195,3241,0,59,41,22,0,49,50
4735,short_grass_1,3196,3241,0,60,41,22,1,49,50
4735,short_grass_1,3197,3241,0,61,41,22,3,49,50
1902,brickwall,3209,3241,0,9,41,1,1,50,50
4736,short_grass_2,3209,3241,0,9,41,22,3,50,50
1902,brickwall,3209,3241,1,9,41,1,1,50,50
1790,roofedge_redslate,3209,3241,2,9,41,19,1,50,50
1821,window,3210,3241,0,10,41,5,1,50,50
1902,brickwall,3210,3241,0,10,41,0,1,50,50
5533,short_grass_3_wall_edge,3210,3241,0,10,41,22,1,50,50
1902,brickwall,3210,3241,1,10,41,0,1,50,50
5662,roofedge_rough,3210,3241,2,10,41,18,1,50,50
1902,brickwall,3211,3241,0,11,41,0,1,50,50
5534,short_grass_4_wall_edge,3211,3241,0,11,41,22,1,50,50
1821,window,3211,3241,1,11,41,5,1,50,50
1902,brickwall,3211,3241,1,11,41,0,1,50,50
5662,roofedge_rough,3211,3241,2,11,41,18,1,50,50
1821,window,3212,3241,0,12,41,5,1,50,50
1902,brickwall,3212,3241,0,12,41,0,1,50,50
5533,short_grass_3_wall_edge,3212,3241,0,12,41,22,1,50,50
1902,brickwall,3212,3241,1,12,41,0,1,50,50
5663,roofedge_rough2,3212,3241,2,12,41,18,1,50,50
1902,brickwall,3213,3241,0,13,41,1,0,50,50
4736,short_grass_2,3213,3241,0,13,41,22,2,50,50
1902,brickwall,3213,3241,1,13,41,1,0,50,50
1790,roofedge_redslate,3213,3241,2,13,41,19,0,50,50
4735,short_grass_1,3214,3241,0,14,41,22,3,50,50
4735,short_grass_1,3215,3241,0,15,41,22,2,50,50
1247,broken_twig,3217,3241,0,17,41,22,0,50,50
1276,tree,3217,3241,0,17,41,10,1,50,50
16438,randomsound_woodland_ambience,3223,3241,1,23,41,22,0,50,50
1821,window,3225,3241,0,25,41,5,2,50,50
1902,brickwall,3225,3241,0,25,41,0,2,50,50
5533,short_grass_3_wall_edge,3225,3241,0,25,41,22,2,50,50
5662,roofedge_rough,3225,3241,1,25,41,18,2,50,50
1821,window,3226,3241,0,26,41,4,0,50,50
1924,roof_redslate,3226,3241,1,26,41,12,2,50,50
1924,roof_redslate,3227,3241,1,27,41,17,1,50,50
1924,roof_redslate,3228,3241,1,28,41,17,1,50,50
1924,roof_redslate,3229,3241,1,29,41,17,1,50,50
1924,roof_redslate,3230,3241,1,30,41,17,1,50,50
2328,fai_varrock_blue_inn_bar_middle2_bright,3231,3241,0,31,41,10,0,50,50
1924,roof_redslate,3231,3241,1,31,41,17,1,50,50
1924,roof_redslate,3232,3241,1,32,41,17,1,50,50
2324,fai_varrock_blue_inn_drinks_bar_middle2_bright,3233,3241,0,33,41,10,0,50,50
1924,roof_redslate,3233,3241,1,33,41,12,0,50,50
1902,brickwall,3234,3241,0,34,41,0,0,50,50
5662,roofedge_rough,3234,3241,1,34,41,18,0,50,50
5606,rock_pool_bits,3236,3241,0,36,41,10,0,50,50
44603,blankwall_no_blockrange,3236,3241,0,36,41,0,0,50,50
2639,inviswall_no_blockrange,3238,3241,0,38,41,0,2,50,50
2759,fishing_point_icon,3239,3241,0,39,41,22,0,50,50
325,dugupsoil2_light2,3241,3241,0,41,41,22,1,50,50
320,dugupsoil2_light,3242,3241,0,42,41,22,1,50,50
325,dugupsoil2_light2,3243,3241,0,43,41,22,3,50,50
325,dugupsoil2_light2,3244,3241,0,44,41,22,2,50,50
325,dugupsoil2_light2,3246,3241,0,46,41,22,3,50,50
325,dugupsoil2_light2,3248,3241,0,48,41,22,2,50,50
325,dugupsoil2_light2,3249,3241,0,49,41,22,2,50,50
320,dugupsoil2_light,3252,3241,0,52,41,22,1,50,50
320,dugupsoil2_light,3253,3241,0,53,41,22,0,50,50
325,dugupsoil2_light2,3254,3241,0,54,41,22,2,50,50
1276,tree,3255,3241,0,55,41,10,1,50,50
980,fencing,3257,3241,0,57,41,1,1,50,50
980,fencing,3258,3241,0,58,41,9,1,50,50
980,fencing,3261,3241,0,61,41,0,0,50,50
4737,short_grass_3,3261,3241,0,61,41,22,1,50,50
4735,short_grass_1,3262,3241,0,62,41,22,1,50,50
4735,short_grass_1,3139,3242,0,3,42,22,2,49,50
4735,short_grass_1,3140,3242,0,4,42,22,0,49,50
4737,short_grass_3,3141,3242,0,5,42,22,3,49,50
4738,short_grass_4,3142,3242,0,6,42,22,2,49,50
4738,short_grass_4,3143,3242,0,7,42,22,2,49,50
1276,tree,3144,3242,0,8,42,10,0,49,50
4736,short_grass_2,3144,3242,0,8,42,22,3,49,50
4738,short_grass_4,3145,3242,0,9,42,22,0,49,50
4738,short_grass_4,3146,3242,0,10,42,22,3,49,50
1246,full_twig,3147,3242,0,11,42,22,1,49,50
1276,tree,3147,3242,0,11,42,10,2,49,50
1247,broken_twig,3148,3242,0,12,42,22,2,49,50
10820,oaktree,3150,3242,0,14,42,10,1,49,50
1246,full_twig,3151,3242,0,15,42,22,1,49,50
1247,broken_twig,3152,3242,0,16,42,22,3,49,50
10785,rockslide_small3,3162,3242,0,26,42,10,1,49,50
1246,full_twig,3164,3242,0,28,42,22,0,49,50
325,dugupsoil2_light2,3169,3242,0,33,42,22,3,49,50
324,dugupsoil1_light2,3170,3242,0,34,42,22,3,49,50
1393,plant3,3174,3242,0,38,42,10,0,49,50
325,dugupsoil2_light2,3175,3242,0,39,42,22,1,49,50
1298,fern,3176,3242,0,40,42,10,1,49,50
1131,tkcanopyfiller2,3180,3242,2,44,42,10,1,49,50
1251,full_twig_light,3182,3242,0,46,42,22,3,49,50
1138,tk_l,3182,3242,1,46,42,10,0,49,50
1133,tk1,3183,3242,0,47,42,10,0,49,50
1135,tk3,3183,3242,1,47,42,10,0,49,50
1130,tkcanopymiddle2,3183,3242,2,47,42,10,0,49,50
1252,broken_twig_light,3184,3242,0,48,42,22,1,49,50
1131,tkcanopyfiller2,3184,3242,2,48,42,10,3,49,50
1247,broken_twig,3185,3242,0,49,42,22,2,49,50
1247,broken_twig,3186,3242,0,50,42,22,1,49,50
1252,broken_twig_light,3187,3242,0,51,42,22,3,49,50
1247,broken_twig,3190,3242,0,54,42,22,1,49,50
1247,broken_twig,3191,3242,0,55,42,22,0,49,50
4735,short_grass_1,3193,3242,0,57,42,22,2,49,50
4737,short_grass_3,3194,3242,0,58,42,22,0,49,50
4737,short_grass_3,3195,3242,0,59,42,22,0,49,50
1276,tree,3196,3242,0,60,42,10,3,49,50
4735,short_grass_1,3196,3242,0,60,42,22,0,49,50
4735,short_grass_1,3197,3242,0,61,42,22,2,49,50
1902,brickwall,3208,3242,0,8,42,1,1,50,50
4736,short_grass_2,3208,3242,0,8,42,22,3,50,50
1902,brickwall,3208,3242,1,8,42,1,1,50,50
1790,roofedge_redslate,3208,3242,2,8,42,19,1,50,50
1872,wallsupport,3209,3242,0,9,42,7,1,50,50
1902,brickwall,3209,3242,0,9,42,9,1,50,50
1902,brickwall,3209,3242,1,9,42,9,1,50,50
1924,roof_redslate,3209,3242,2,9,42,13,1,50,50
1016,warehouse_shelves2,3210,3242,0,10,42,10,3,50,50
1821,window,3210,3242,0,10,42,4,3,50,50
362,barrel,3210,3242,1,10,42,10,3,50,50
1924,roof_redslate,3210,3242,2,10,42,12,1,50,50
16683,ladder,3211,3242,0,11,42,10,2,50,50
1821,window,3211,3242,1,11,42,4,3,50,50
16679,laddertop,3211,3242,1,11,42,10,0,50,50
1924,roof_redslate,3211,3242,2,11,42,12,1,50,50
1017,warehouse_shelves3,3212,3242,0,12,42,10,3,50,50
1821,window,3212,3242,0,12,42,4,3,50,50
4641,barrel_stacked,3212,3242,1,12,42,10,1,50,50
1924,roof_redslate,3212,3242,2,12,42,12,1,50,50
1872,wallsupport,3213,3242,0,13,42,7,0,50,50
1902,brickwall,3213,3242,0,13,42,9,0,50,50
1902,brickwall,3213,3242,1,13,42,9,0,50,50
1924,roof_redslate,3213,3242,2,13,42,13,0,50,50
1902,brickwall,3214,3242,0,14,42,1,0,50,50
4736,short_grass_2,3214,3242,0,14,42,22,2,50,50
1902,brickwall,3214,3242,1,14,42,1,0,50,50
1790,roofedge_redslate,3214,3242,2,14,42,19,0,50,50
4735,short_grass_1,3215,3242,0,15,42,22,3,50,50
1246,full_twig,3218,3242,0,18,42,22,3,50,50
1902,brickwall,3225,3242,0,25,42,0,2,50,50
9484,short_grass_2_wall_corner,3225,3242,0,25,42,22,2,50,50
5662,roofedge_rough,3225,3242,1,25,42,18,2,50,50
24322,canafis_inn_barstool,3226,3242,0,26,42,10,0,50,50
1924,roof_redslate,3226,3242,1,26,42,16,2,50,50
1821,window,3227,3242,0,27,42,4,1,50,50
42799,quest_start_icon_xmarksthespot,3227,3242,0,27,42,22,0,50,50
1924,roof_redslate,3227,3242,1,27,42,12,3,50,50
1924,roof_redslate,3228,3242,1,28,42,12,3,50,50
1924,roof_redslate,3229,3242,1,29,42,12,3,50,50
24323,canafis_inn_barstool_tall,3230,3242,0,30,42,10,0,50,50
1924,roof_redslate,3230,3242,1,30,42,12,3,50,50
2331,fai_varrock_blue_inn_bar_right_bright,3231,3242,0,31,42,10,0,50,50
1924,roof_redslate,3231,3242,1,31,42,12,3,50,50
1821,window,3232,3242,0,32,42,4,1,50,50
15674,aide_barrel,3232,3242,0,32,42,10,0,50,50
1924,roof_redslate,3232,3242,1,32,42,12,3,50,50
2326,fai_varrock_blue_inn_drinks_bar_right_bright,3233,3242,0,33,42,10,0,50,50
1924,roof_redslate,3233,3242,1,33,42,16,3,50,50
1902,brickwall,3234,3242,0,34,42,0,0,50,50
5662,roofedge_rough,3234,3242,1,34,42,18,0,50,50
44603,blankwall_no_blockrange,3236,3242,0,36,42,0,0,50,50
44603,blankwall_no_blockrange,3239,3242,0,39,42,9,1,50,50
325,dugupsoil2_light2,3240,3242,0,40,42,22,0,50,50
325,dugupsoil2_light2,3241,3242,0,41,42,22,1,50,50
324,dugupsoil1_light2,3242,3242,0,42,42,22,2,50,50
325,dugupsoil2_light2,3243,3242,0,43,42,22,2,50,50
1286,deadtree2,3243,3242,0,43,42,10,0,50,50
325,dugupsoil2_light2,3245,3242,0,45,42,22,1,50,50
320,dugupsoil2_light,3246,3242,0,46,42,22,3,50,50
325,dugupsoil2_light2,3247,3242,0,47,42,22,1,50,50
325,dugupsoil2_light2,3248,3242,0,48,42,22,1,50,50
320,dugupsoil2_light,3252,3242,0,52,42,22,3,50,50
319,dugupsoil1_light,3253,3242,0,53,42,22,3,50,50
320,dugupsoil2_light,3254,3242,0,54,42,22,0,50,50
980,fencing,3257,3242,0,57,42,0,2,50,50
4735,short_grass_1,3257,3242,0,57,42,22,2,50,50
336,dugupsoil2_grey,3258,3242,0,58,42,22,1,50,50
980,fencing,3260,3242,0,60,42,9,3,50,50
4736,short_grass_2,3261,3242,0,61,42,22,1,50,50
1286,deadtree2,3262,3242,0,62,42,10,3,50,50
4735,short_grass_1,3262,3242,0,62,42,22,1,50,50
4735,short_grass_1,3263,3242,0,63,42,22,1,50,50
1278,tree2,3136,3243,0,0,43,10,0,49,50
1247,broken_twig,3137,3243,0,1,43,22,2,49,50
1278,tree2,3139,3243,0,3,43,10,2,49,50
4735,short_grass_1,3139,3243,0,3,43,22,1,49,50
4735,short_grass_1,3140,3243,0,4,43,22,1,49,50
4737,short_grass_3,3141,3243,0,5,43,22,3,49,50
4737,short_grass_3,3142,3243,0,6,43,22,2,49,50
4737,short_grass_3,3143,3243,0,7,43,22,0,49,50
4736,short_grass_2,3144,3243,0,8,43,22,2,49,50
4738,short_grass_4,3145,3243,0,9,43,22,1,49,50
4738,short_grass_4,3146,3243,0,10,43,22,0,49,50
4736,short_grass_2,3147,3243,0,11,43,22,2,49,50
4735,short_grass_1,3149,3243,0,13,43,22,0,49,50
1247,broken_twig,3150,3243,0,14,43,22,0,49,50
1246,full_twig,3152,3243,0,16,43,22,0,49,50
185,dugupsoil2_upass,3161,3243,0,25,43,22,1,49,50
185,dugupsoil2_upass,3163,3243,0,27,43,22,1,49,50
185,dugupsoil2_upass,3164,3243,0,28,43,22,0,49,50
1286,deadtree2,3166,3243,0,30,43,10,3,49,50
1393,plant3,3171,3243,0,35,43,10,0,49,50
1392,plant2,3172,3243,0,36,43,10,1,49,50
325,dugupsoil2_light2,3174,3243,0,38,43,22,0,49,50
1174,thistle,3174,3243,0,38,43,10,3,49,50
326,dugupsoil3_light2,3175,3243,0,39,43,22,0,49,50
325,dugupsoil2_light2,3176,3243,0,40,43,22,2,49,50
1298,fern,3178,3243,0,42,43,10,2,49,50
1252,broken_twig_light,3180,3243,0,44,43,22,2,49,50
1132,tkcanopycorner2,3180,3243,2,44,43,10,2,49,50
1252,broken_twig_light,3181,3243,0,45,43,22,2,49,50
1251,full_twig_light,3182,3243,0,46,43,22,2,49,50
1252,broken_twig_light,3183,3243,0,47,43,22,3,49,50
1143,tk_ns,3183,3243,1,47,43,10,0,49,50
1131,tkcanopyfiller2,3183,3243,2,47,43,10,2,49,50
1251,full_twig_light,3184,3243,0,48,43,22,3,49,50
1132,tkcanopycorner2,3184,3243,2,48,43,10,3,49,50
1252,broken_twig_light,3185,3243,0,49,43,22,2,49,50
325,dugupsoil2_light2,3186,3243,0,50,43,22,3,49,50
4735,short_grass_1,3193,3243,0,57,43,22,3,49,50
4736,short_grass_2,3194,3243,0,58,43,22,0,49,50
4736,short_grass_2,3195,3243,0,59,43,22,1,49,50
4735,short_grass_1,3196,3243,0,60,43,22,3,49,50
1247,broken_twig,3197,3243,0,61,43,22,3,49,50
1278,tree2,3201,3243,0,1,43,10,0,50,50
1902,brickwall,3207,3243,0,7,43,1,1,50,50
4736,short_grass_2,3207,3243,0,7,43,22,3,50,50
1902,brickwall,3207,3243,1,7,43,1,1,50,50
1790,roofedge_redslate,3207,3243,2,7,43,19,1,50,50
1872,wallsupport,3208,3243,0,8,43,7,1,50,50
1902,brickwall,3208,3243,0,8,43,9,1,50,50
1902,brickwall,3208,3243,1,8,43,9,1,50,50
1924,roof_redslate,3208,3243,2,8,43,13,1,50,50
355,crate3,3209,3243,0,9,43,10,0,50,50
355,crate3,3209,3243,1,9,43,11,0,50,50
1924,roof_redslate,3209,3243,2,9,43,14,1,50,50
917,poorrug1corner,3210,3243,0,10,43,22,3,50,50
1924,roof_redslate,3210,3243,2,10,43,17,3,50,50
917,poorrug1corner,3211,3243,0,11,43,22,2,50,50
1924,roof_redslate,3211,3243,2,11,43,17,3,50,50
1102,stool,3212,3243,0,12,43,10,3,50,50
1924,roof_redslate,3212,3243,2,12,43,17,3,50,50
366,crate,3213,3243,0,13,43,10,3,50,50
366,crate,3213,3243,1,13,43,11,1,50,50
1924,roof_redslate,3213,3243,2,13,43,14,0,50,50
1872,wallsupport,3214,3243,0,14,43,7,0,50,50
1902,brickwall,3214,3243,0,14,43,9,0,50,50
1902,brickwall,3214,3243,1,14,43,9,0,50,50
1924,roof_redslate,3214,3243,2,14,43,13,0,50,50
1902,brickwall,3215,3243,0,15,43,1,0,50,50
4736,short_grass_2,3215,3243,0,15,43,22,2,50,50
1902,brickwall,3215,3243,1,15,43,1,0,50,50
1790,roofedge_redslate,3215,3243,2,15,43,19,0,50,50
4735,short_grass_1,3216,3243,0,16,43,22,3,50,50
1246,full_twig,3222,3243,0,22,43,22,1,50,50
1278,tree2,3222,3243,0,22,43,10,0,50,50
4735,short_grass_1,3223,3243,0,23,43,22,1,50,50
1902,brickwall,3225,3243,0,25,43,3,2,50,50
1790,roofedge_redslate,3225,3243,1,25,43,19,2,50,50
1902,brickwall,3226,3243,0,26,43,0,3,50,50
5662,roofedge_rough,3226,3243,1,26,43,18,3,50,50
1821,window,3227,3243,0,27,43,5,3,50,50
1902,brickwall,3227,3243,0,27,43,0,3,50,50
4736,short_grass_2,3227,3243,0,27,43,22,0,50,50
5662,roofedge_rough,3227,3243,1,27,43,18,3,50,50
1902,brickwall,3228,3243,0,28,43,0,3,50,50
4736,short_grass_2,3228,3243,0,28,43,22,1,50,50
5662,roofedge_rough,3228,3243,1,28,43,18,3,50,50
1902,brickwall,3229,3243,0,29,43,0,3,50,50
4735,short_grass_1,3229,3243,0,29,43,22,2,50,50
5662,roofedge_rough,3229,3243,1,29,43,18,3,50,50
1902,brickwall,3230,3243,0,30,43,0,3,50,50
5662,roofedge_rough,3230,3243,1,30,43,18,3,50,50
1902,brickwall,3231,3243,0,31,43,0,3,50,50
4735,short_grass_1,3231,3243,0,31,43,22,0,50,50
5662,roofedge_rough,3231,3243,1,31,43,18,3,50,50
1821,window,3232,3243,0,32,43,5,3,50,50
1902,brickwall,3232,3243,0,32,43,0,3,50,50
5662,roofedge_rough,3232,3243,1,32,43,18,3,50,50
1902,brickwall,3233,3243,0,33,43,0,3,50,50
4735,short_grass_1,3233,3243,0,33,43,22,0,50,50
5662,roofedge_rough,3233,3243,1,33,43,18,3,50,50
1902,brickwall,3234,3243,0,34,43,3,3,50,50
1790,roofedge_redslate,3234,3243,1,34,43,19,3,50,50
44603,blankwall_no_blockrange,3236,3243,0,36,43,0,3,50,50
44603,blankwall_no_blockrange,3237,3243,0,37,43,0,0,50,50
44603,blankwall_no_blockrange,3239,3243,0,39,43,9,2,50,50
325,dugupsoil2_light2,3240,3243,0,40,43,22,1,50,50
325,dugupsoil2_light2,3241,3243,0,41,43,22,3,50,50
325,dugupsoil2_light2,3242,3243,0,42,43,22,3,50,50
325,dugupsoil2_light2,3243,3243,0,43,43,22,0,50,50
5757,oldroofedge_rough2_greyslate,3243,3243,1,43,43,18,1,50,50
325,dugupsoil2_light2,3244,3243,0,44,43,22,1,50,50
5756,oldroofedge_rough_greyslate,3244,3243,1,44,43,18,1,50,50
724,standing_torch,3245,3243,0,45,43,10,2,50,50
325,dugupsoil2_light2,3246,3243,0,46,43,22,3,50,50
325,dugupsoil2_light2,3247,3243,0,47,43,22,2,50,50
724,standing_torch,3247,3243,0,47,43,10,2,50,50
1843,brokenwindow,3247,3243,0,47,43,4,1,50,50
1625,crumblywall1r,3248,3243,0,48,43,0,2,50,50
5756,oldroofedge_rough_greyslate,3248,3243,1,48,43,18,1,50,50
325,dugupsoil2_light2,3250,3243,0,50,43,22,3,50,50
320,dugupsoil2_light,3251,3243,0,51,43,22,3,50,50
325,dugupsoil2_light2,3252,3243,0,52,43,22,2,50,50
325,dugupsoil2_light2,3253,3243,0,53,43,22,0,50,50
320,dugupsoil2_light,3254,3243,0,54,43,22,0,50,50
981,gardenfencing,3256,3243,0,56,43,3,1,50,50
4735,short_grass_1,3256,3243,0,56,43,22,3,50,50
980,fencing,3257,3243,0,57,43,9,1,50,50
336,dugupsoil2_grey,3258,3243,0,58,43,22,0,50,50
336,dugupsoil2_grey,3259,3243,0,59,43,22,3,50,50
981,gardenfencing,3260,3243,0,60,43,3,3,50,50
4736,short_grass_2,3261,3243,0,61,43,22,3,50,50
4737,short_grass_3,3262,3243,0,62,43,22,2,50,50
4736,short_grass_2,3263,3243,0,63,43,22,2,50,50
1247,broken_twig,3136,3244,0,0,44,22,1,49,50
4735,short_grass_1,3139,3244,0,3,44,22,0,49,50
4736,short_grass_2,3140,3244,0,4,44,22,3,49,50
4737,short_grass_3,3141,3244,0,5,44,22,2,49,50
4738,short_grass_4,3142,3244,0,6,44,22,0,49,50
4738,short_grass_4,3143,3244,0,7,44,22,2,49,50
4738,short_grass_4,3144,3244,0,8,44,22,0,49,50
4738,short_grass_4,3145,3244,0,9,44,22,0,49,50
4738,short_grass_4,3146,3244,0,10,44,22,1,49,50
4738,short_grass_4,3147,3244,0,11,44,22,3,49,50
4737,short_grass_3,3148,3244,0,12,44,22,1,49,50
4735,short_grass_1,3149,3244,0,13,44,22,1,49,50
1246,full_twig,3150,3244,0,14,44,22,2,49,50
1246,full_twig,3151,3244,0,15,44,22,3,49,50
1247,broken_twig,3152,3244,0,16,44,22,3,49,50
1276,tree,3154,3244,0,18,44,10,2,49,50
1247,broken_twig,3155,3244,0,19,44,22,2,49,50
185,dugupsoil2_upass,3160,3244,0,24,44,22,0,49,50
186,dugupsoil3_upass,3161,3244,0,25,44,22,0,49,50
10785,rockslide_small3,3161,3244,0,25,44,10,0,49,50
185,dugupsoil2_upass,3162,3244,0,26,44,22,2,49,50
1392,plant2,3162,3244,0,26,44,10,0,49,50
185,dugupsoil2_upass,3163,3244,0,27,44,22,3,49,50
186,dugupsoil3_upass,3164,3244,0,28,44,22,2,49,50
1624,crumblywall1,3164,3244,0,28,44,0,1,49,50
185,dugupsoil2_upass,3165,3244,0,29,44,22,2,49,50
1631,oldwall,3165,3244,0,29,44,1,0,49,50
185,dugupsoil2_upass,3166,3244,0,30,44,22,3,49,50
324,dugupsoil1_light2,3169,3244,0,33,44,22,1,49,50
325,dugupsoil2_light2,3175,3244,0,39,44,22,3,49,50
325,dugupsoil2_light2,3177,3244,0,41,44,22,1,49,50
1394,plant4,3179,3244,0,43,44,10,0,49,50
1251,full_twig_light,3181,3244,0,45,44,22,0,49,50
1252,broken_twig_light,3182,3244,0,46,44,22,1,49,50
1251,full_twig_light,3184,3244,0,48,44,22,3,49,50
326,dugupsoil3_light2,3185,3244,0,49,44,22,2,49,50
1252,broken_twig_light,3186,3244,0,50,44,22,0,49,50
325,dugupsoil2_light2,3190,3244,0,54,44,22,1,49,50
1247,broken_twig,3193,3244,0,57,44,22,1,49,50
1276,tree,3193,3244,0,57,44,10,2,49,50
4735,short_grass_1,3194,3244,0,58,44,22,2,49,50
4735,short_grass_1,3195,3244,0,59,44,22,3,49,50
4735,short_grass_1,3196,3244,0,60,44,22,2,49,50
4735,short_grass_1,3203,3244,0,3,44,22,1,50,50
4736,short_grass_2,3206,3244,0,6,44,22,3,50,50
1821,window,3207,3244,0,7,44,5,2,50,50
1902,brickwall,3207,3244,0,7,44,0,2,50,50
5533,short_grass_3_wall_edge,3207,3244,0,7,44,22,2,50,50
1902,brickwall,3207,3244,1,7,44,0,2,50,50
5651,roofedge_al,3207,3244,2,7,44,0,2,50,50
1821,window,3208,3244,0,8,44,4,0,50,50
362,barrel,3208,3244,1,8,44,10,0,50,50
1924,roof_redslate,3208,3244,2,8,44,15,1,50,50
917,poorrug1corner,3209,3244,1,9,44,22,3,50,50
1924,roof_redslate,3209,3244,2,9,44,17,3,50,50
918,poorrug1side,3210,3244,0,10,44,22,3,50,50
918,poorrug1side,3210,3244,1,10,44,22,2,50,50
1924,roof_redslate,3210,3244,2,10,44,17,3,50,50
918,poorrug1side,3211,3244,0,11,44,22,1,50,50
918,poorrug1side,3211,3244,1,11,44,22,2,50,50
1924,roof_redslate,3211,3244,2,11,44,17,3,50,50
918,poorrug1side,3212,3244,1,12,44,22,2,50,50
1924,roof_redslate,3212,3244,2,12,44,17,3,50,50
1102,stool,3213,3244,0,13,44,10,0,50,50
917,poorrug1corner,3213,3244,1,13,44,22,2,50,50
1924,roof_redslate,3213,3244,2,13,44,17,3,50,50
1821,window,3214,3244,0,14,44,4,2,50,50
1016,warehouse_shelves2,3214,3244,1,14,44,10,2,50,50
1924,roof_redslate,3214,3244,2,14,44,15,0,50,50
1821,window,3215,3244,0,15,44,5,0,50,50
1902,brickwall,3215,3244,0,15,44,0,0,50,50
5536,short_grass_wall_edge_2,3215,3244,0,15,44,22,1,50,50
1902,brickwall,3215,3244,1,15,44,0,0,50,50
5653,roofedge_all,3215,3244,2,15,44,0,0,50,50
4737,short_grass_3,3216,3244,0,16,44,22,2,50,50
1247,broken_twig,3223,3244,0,23,44,22,2,50,50
16433,randomsound_song_birds,3224,3244,0,24,44,22,0,50,50
1278,tree2,3229,3244,0,29,44,10,0,50,50
4735,short_grass_1,3230,3244,0,30,44,22,1,50,50
4735,short_grass_1,3232,3244,0,32,44,22,2,50,50
10819,willowtree,3233,3244,0,33,44,10,1,50,50
4733,riverbank_dugupsoil4,3235,3244,0,35,44,22,2,50,50
44603,blankwall_no_blockrange,3237,3244,0,37,44,0,0,50,50
324,dugupsoil1_light2,3240,3244,0,40,44,22,3,50,50
325,dugupsoil2_light2,3241,3244,0,41,44,22,0,50,50
325,dugupsoil2_light2,3242,3244,0,42,44,22,2,50,50
1602,timberwall,3242,3244,0,42,44,3,2,50,50
326,dugupsoil3_light2,3243,3244,0,43,44,22,2,50,50
659,charred_bones,3243,3244,0,43,44,10,3,50,50
1631,oldwall,3243,3244,0,43,44,2,3,50,50
3475,wall_support,3243,3244,0,43,44,5,3,50,50
5737,oldroof_doublelength_greyslate,3243,3244,1,43,44,10,1,50,50
325,dugupsoil2_light2,3244,3244,0,44,44,22,2,50,50
1631,oldwall,3244,3244,0,44,44,0,3,50,50
5737,oldroof_doublelength_greyslate,3244,3244,1,44,44,10,1,50,50
1631,oldwall,3245,3244,0,45,44,0,3,50,50
1643,oldroof_greyslate,3245,3244,1,45,44,12,2,50,50
1535,poordoor,3246,3244,0,46,44,0,3,50,50
5734,oldroof_tip_greyslate,3246,3244,1,46,44,10,2,50,50
1631,oldwall,3247,3244,0,47,44,0,3,50,50
1843,brokenwindow,3247,3244,0,47,44,5,3,50,50
1643,oldroof_greyslate,3247,3244,1,47,44,12,0,50,50
1631,oldwall,3248,3244,0,48,44,2,2,50,50
3475,wall_support,3248,3244,0,48,44,5,3,50,50
12442,goblin_outpost_large_crate,3248,3244,0,48,44,10,1,50,50
5737,oldroof_doublelength_greyslate,3248,3244,1,48,44,10,1,50,50
326,dugupsoil3_light2,3249,3244,0,49,44,22,3,50,50
1624,crumblywall1,3249,3244,0,49,44,0,3,50,50
325,dugupsoil2_light2,3250,3244,0,50,44,22,3,50,50
1626,crumblywall2,3250,3244,0,50,44,2,2,50,50
325,dugupsoil2_light2,3251,3244,0,51,44,22,3,50,50
324,dugupsoil1_light2,3252,3244,0,52,44,22,1,50,50
325,dugupsoil2_light2,3253,3244,0,53,44,22,3,50,50
4735,short_grass_1,3256,3244,0,56,44,22,3,50,50
4735,short_grass_1,3260,3244,0,60,44,22,2,50,50
4737,short_grass_3,3261,3244,0,61,44,22,3,50,50
4738,short_grass_4,3262,3244,0,62,44,22,3,50,50
4737,short_grass_3,3263,3244,0,63,44,22,1,50,50
4735,short_grass_1,3138,3245,0,2,45,22,3,49,50
4735,short_grass_1,3139,3245,0,3,45,22,2,49,50
4737,short_grass_3,3140,3245,0,4,45,22,3,49,50
4738,short_grass_4,3141,3245,0,5,45,22,1,49,50
4738,short_grass_4,3142,3245,0,6,45,22,0,49,50
4738,short_grass_4,3143,3245,0,7,45,22,1,49,50
4738,short_grass_4,3144,3245,0,8,45,22,1,49,50
4738,short_grass_4,3145,3245,0,9,45,22,2,49,50
4738,short_grass_4,3146,3245,0,10,45,22,3,49,50
4737,short_grass_3,3147,3245,0,11,45,22,1,49,50
4736,short_grass_2,3148,3245,0,12,45,22,1,49,50
4735,short_grass_1,3149,3245,0,13,45,22,2,49,50
1247,broken_twig,3153,3245,0,17,45,22,0,49,50
1247,broken_twig,3154,3245,0,18,45,22,3,49,50
185,dugupsoil2_upass,3160,3245,0,24,45,22,3,49,50
1626,crumblywall2,3160,3245,0,24,45,3,2,49,50
1626,crumblywall2,3161,3245,0,25,45,0,3,49,50
1629,crumblywalllow,3161,3245,0,25,45,22,0,49,50
15712,dttd_zanik_corpse,3161,3245,0,25,45,10,0,49,50
1629,crumblywalllow,3162,3245,0,26,45,22,3,49,50
1626,crumblywall2,3163,3245,0,27,45,1,1,49,50
1629,crumblywalllow,3163,3245,0,27,45,22,3,49,50
186,dugupsoil3_upass,3164,3245,0,28,45,22,1,49,50
1393,plant3,3164,3245,0,28,45,10,1,49,50
186,dugupsoil3_upass,3165,3245,0,29,45,22,1,49,50
1631,oldwall,3165,3245,0,29,45,9,0,49,50
1626,crumblywall2,3165,3245,1,29,45,9,0,49,50
186,dugupsoil3_upass,3166,3245,0,30,45,22,0,49,50
1631,oldwall,3166,3245,0,30,45,1,0,49,50
185,dugupsoil2_upass,3167,3245,0,31,45,22,1,49,50
325,dugupsoil2_light2,3176,3245,0,40,45,22,0,49,50
326,dugupsoil3_light2,3177,3245,0,41,45,22,2,49,50
325,dugupsoil2_light2,3178,3245,0,42,45,22,3,49,50
325,dugupsoil2_light2,3185,3245,0,49,45,22,0,49,50
1246,full_twig,3188,3245,0,52,45,22,3,49,50
325,dugupsoil2_light2,3189,3245,0,53,45,22,2,49,50
326,dugupsoil3_light2,3190,3245,0,54,45,22,0,49,50
1246,full_twig,3193,3245,0,57,45,22,3,49,50
1247,broken_twig,3194,3245,0,58,45,22,2,49,50
4735,short_grass_1,3195,3245,0,59,45,22,1,49,50
16433,randomsound_song_birds,3202,3245,0,2,45,22,0,50,50
4735,short_grass_1,3205,3245,0,5,45,22,3,50,50
4737,short_grass_3,3206,3245,0,6,45,22,3,50,50
1902,brickwall,3207,3245,0,7,45,0,2,50,50
5534,short_grass_4_wall_edge,3207,3245,0,7,45,22,2,50,50
1821,window,3207,3245,1,7,45,5,2,50,50
1902,brickwall,3207,3245,1,7,45,0,2,50,50
5649,roofedge_doublelength_ll,3207,3245,2,7,45,0,2,50,50
1017,warehouse_shelves3,3208,3245,0,8,45,10,0,50,50
366,crate,3208,3245,1,8,45,10,0,50,50
1821,window,3208,3245,1,8,45,4,0,50,50
5643,roof_doublelength,3208,3245,2,8,45,10,3,50,50
918,poorrug1side,3209,3245,1,9,45,22,3,50,50
5643,roof_doublelength,3209,3245,2,9,45,10,3,50,50
612,counter,3210,3245,0,10,45,10,3,50,50
918,poorrug1side,3210,3245,0,10,45,22,3,50,50
5243,poorrug1centre2,3210,3245,1,10,45,22,0,50,50
5643,roof_doublelength,3210,3245,2,10,45,10,3,50,50
918,poorrug1side,3211,3245,0,11,45,22,1,50,50
1088,chair,3211,3245,1,11,45,10,2,50,50
5243,poorrug1centre2,3211,3245,1,11,45,22,0,50,50
5643,roof_doublelength,3211,3245,2,11,45,10,3,50,50
5243,poorrug1centre2,3212,3245,1,12,45,22,0,50,50
5643,roof_doublelength,3212,3245,2,12,45,10,3,50,50
918,poorrug1side,3213,3245,1,13,45,22,1,50,50
5643,roof_doublelength,3213,3245,2,13,45,10,3,50,50
916,poorrug1,3214,3245,0,14,45,22,3,50,50
1541,poshdooropen,3214,3245,0,14,45,0,1,50,50
1015,warehouse_shelves,3214,3245,1,14,45,10,2,50,50
5643,roof_doublelength,3214,3245,2,14,45,10,3,50,50
336,dugupsoil2_grey,3215,3245,0,15,45,22,0,50,50
1039,shopsign,3215,3245,1,15,45,5,0,50,50
1902,brickwall,3215,3245,1,15,45,0,0,50,50
5645,roofedge_doublelength_l,3215,3245,2,15,45,0,0,50,50
336,dugupsoil2_grey,3216,3245,0,16,45,22,1,50,50
4735,short_grass_1,3222,3245,0,22,45,22,2,50,50
4735,short_grass_1,3224,3245,0,24,45,22,1,50,50
1278,tree2,3225,3245,0,25,45,10,2,50,50
4735,short_grass_1,3229,3245,0,29,45,22,2,50,50
4735,short_grass_1,3232,3245,0,32,45,22,3,50,50
1246,full_twig,3233,3245,0,33,45,22,3,50,50
4734,riverbank_dugupsoil5,3235,3245,0,35,45,22,3,50,50
44603,blankwall_no_blockrange,3237,3245,0,37,45,0,0,50,50
44603,blankwall_no_blockrange,3239,3245,0,39,45,0,2,50,50
325,dugupsoil2_light2,3240,3245,0,40,45,22,3,50,50
44603,blankwall_no_blockrange,3240,3245,0,40,45,9,2,50,50
325,dugupsoil2_light2,3241,3245,0,41,45,22,0,50,50
326,dugupsoil3_light2,3242,3245,0,42,45,22,3,50,50
325,dugupsoil2_light2,3243,3245,0,43,45,22,1,50,50
1631,oldwall,3243,3245,0,43,45,0,0,50,50
3475,wall_support,3243,3245,0,43,45,5,0,50,50
359,boxes,3245,3245,0,45,45,10,2,50,50
10627,treasure_trail_destination,3245,3245,0,45,45,22,0,50,50
1643,oldroof_greyslate,3245,3245,1,45,45,15,1,50,50
5734,oldroof_tip_greyslate,3246,3245,1,46,45,10,2,50,50
1643,oldroof_greyslate,3247,3245,1,47,45,15,0,50,50
1624,crumblywall1,3248,3245,0,48,45,0,2,50,50
325,dugupsoil2_light2,3249,3245,0,49,45,22,2,50,50
325,dugupsoil2_light2,3250,3245,0,50,45,22,0,50,50
320,dugupsoil2_light,3251,3245,0,51,45,22,2,50,50
325,dugupsoil2_light2,3252,3245,0,52,45,22,2,50,50
320,dugupsoil2_light,3253,3245,0,53,45,22,2,50,50
4735,short_grass_1,3255,3245,0,55,45,22,0,50,50
4736,short_grass_2,3261,3245,0,61,45,22,0,50,50
4737,short_grass_3,3262,3245,0,62,45,22,0,50,50
4736,short_grass_2,3263,3245,0,63,45,22,1,50,50
1393,plant3,3139,3246,0,3,46,10,0,49,50
4736,short_grass_2,3140,3246,0,4,46,22,0,49,50
4737,short_grass_3,3141,3246,0,5,46,22,3,49,50
1276,tree,3142,3246,0,6,46,10,0,49,50
4738,short_grass_4,3142,3246,0,6,46,22,2,49,50
4738,short_grass_4,3143,3246,0,7,46,22,3,49,50
4738,short_grass_4,3144,3246,0,8,46,22,1,49,50
1278,tree2,3145,3246,0,9,46,10,2,49,50
4738,short_grass_4,3145,3246,0,9,46,22,0,49,50
4738,short_grass_4,3146,3246,0,10,46,22,2,49,50
4736,short_grass_2,3147,3246,0,11,46,22,1,49,50
1278,tree2,3148,3246,0,12,46,10,2,49,50
4735,short_grass_1,3148,3246,0,12,46,22,3,49,50
1246,full_twig,3149,3246,0,13,46,22,0,49,50
1189,daisys,3151,3246,0,15,46,10,0,49,50
1171,nastyfungus_dark,3157,3246,0,21,46,10,3,49,50
185,dugupsoil2_upass,3159,3246,0,23,46,22,2,49,50
186,dugupsoil3_upass,3160,3246,0,24,46,22,3,49,50
1630,crumblywalllow2,3161,3246,0,25,46,22,0,49,50
1626,crumblywall2,3164,3246,0,28,46,1,1,49,50
1250,broken_twig_dark,3165,3246,0,29,46,22,1,49,50
1626,crumblywall2,3165,3246,0,29,46,1,0,49,50
186,dugupsoil3_upass,3166,3246,0,30,46,22,2,49,50
1624,crumblywall1,3166,3246,0,30,46,9,0,49,50
1631,oldwall,3167,3246,0,31,46,1,0,49,50
324,dugupsoil1_light2,3168,3246,0,32,46,22,2,49,50
1393,plant3,3170,3246,0,34,46,10,0,49,50
1394,plant4,3174,3246,0,38,46,10,0,49,50
325,dugupsoil2_light2,3178,3246,0,42,46,22,2,49,50
4735,short_grass_1,3186,3246,0,50,46,22,0,49,50
4735,short_grass_1,3187,3246,0,51,46,22,2,49,50
325,dugupsoil2_light2,3190,3246,0,54,46,22,0,49,50
325,dugupsoil2_light2,3191,3246,0,55,46,22,3,49,50
1247,broken_twig,3194,3246,0,58,46,22,0,49,50
1276,tree,3194,3246,0,58,46,10,3,49,50
1246,full_twig,3195,3246,0,59,46,22,0,49,50
1278,tree2,3200,3246,0,0,46,10,0,50,50
10820,oaktree,3203,3246,0,3,46,10,1,50,50
4735,short_grass_1,3206,3246,0,6,46,22,3,50,50
1902,brickwall,3207,3246,0,7,46,0,2,50,50
5533,short_grass_3_wall_edge,3207,3246,0,7,46,22,2,50,50
1902,brickwall,3207,3246,1,7,46,0,2,50,50
5650,roofedge_doublelength_rr,3207,3246,2,7,46,0,2,50,50
5647,roofedge_endl,3207,3246,3,7,46,21,1,50,50
1016,warehouse_shelves2,3208,3246,0,8,46,10,0,50,50
355,crate3,3208,3246,1,8,46,10,1,50,50
5662,roofedge_rough,3208,3246,3,8,46,18,1,50,50
918,poorrug1side,3209,3246,1,9,46,22,3,50,50
5662,roofedge_rough,3209,3246,3,9,46,18,1,50,50
918,poorrug1side,3210,3246,0,10,46,22,3,50,50
1088,chair,3210,3246,1,10,46,11,2,50,50
5243,poorrug1centre2,3210,3246,1,10,46,22,0,50,50
5662,roofedge_rough,3210,3246,3,10,46,18,1,50,50
918,poorrug1side,3211,3246,0,11,46,22,1,50,50
594,bigtable,3211,3246,1,11,46,10,1,50,50
5243,poorrug1centre2,3211,3246,1,11,46,22,0,50,50
5662,roofedge_rough,3211,3246,3,11,46,18,1,50,50
2733,general_store_icon,3212,3246,0,12,46,22,0,50,50
5243,poorrug1centre2,3212,3246,1,12,46,22,0,50,50
5662,roofedge_rough,3212,3246,3,12,46,18,1,50,50
918,poorrug1side,3213,3246,1,13,46,22,1,50,50
5662,roofedge_rough,3213,3246,3,13,46,18,1,50,50
1016,warehouse_shelves2,3214,3246,0,14,46,10,2,50,50
1821,window,3214,3246,1,14,46,4,2,50,50
205,lantern,3215,3246,0,15,46,5,0,50,50
1902,brickwall,3215,3246,0,15,46,0,0,50,50
5536,short_grass_wall_edge_2,3215,3246,0,15,46,22,2,50,50
1821,window,3215,3246,1,15,46,5,0,50,50
1902,brickwall,3215,3246,1,15,46,0,0,50,50
5646,roofedge_doublelength_r,3215,3246,2,15,46,0,0,50,50
4737,short_grass_3,3216,3246,0,16,46,22,0,50,50
4736,short_grass_2,3217,3246,0,17,46,22,2,50,50
336,dugupsoil2_grey,3219,3246,0,19,46,22,2,50,50
33153,tutor_woodcutting_icon,3228,3246,0,28,46,22,0,50,50
4735,short_grass_1,3229,3246,0,29,46,22,2,50,50
1246,full_twig,3230,3246,0,30,46,22,3,50,50
4735,short_grass_1,3232,3246,0,32,46,22,1,50,50
4734,riverbank_dugupsoil5,3234,3246,0,34,46,22,0,50,50
4733,riverbank_dugupsoil4,3235,3246,0,35,46,22,1,50,50
44603,blankwall_no_blockrange,3236,3246,0,36,46,0,1,50,50
44603,blankwall_no_blockrange,3237,3246,0,37,46,0,0,50,50
44603,blankwall_no_blockrange,3239,3246,0,39,46,0,2,50,50
325,dugupsoil2_light2,3241,3246,0,41,46,22,1,50,50
325,dugupsoil2_light2,3242,3246,0,42,46,22,2,50,50
1821,window,3242,3246,0,42,46,4,2,50,50
1631,oldwall,3243,3246,0,43,46,0,0,50,50
1821,window,3243,3246,0,43,46,5,0,50,50
5734,oldroof_tip_greyslate,3243,3246,1,43,46,10,1,50,50
5734,oldroof_tip_greyslate,3244,3246,1,44,46,10,1,50,50
5608,misc_spitroast,3245,3246,0,45,46,10,3,50,50
5734,oldroof_tip_greyslate,3245,3246,1,45,46,10,1,50,50
5736,oldroof_tip_x_junction_greyslate,3246,3246,1,46,46,10,1,50,50
5734,oldroof_tip_greyslate,3247,3246,1,47,46,10,1,50,50
325,dugupsoil2_light2,3248,3246,0,48,46,22,2,50,50
1626,crumblywall2,3248,3246,0,48,46,0,2,50,50
5734,oldroof_tip_greyslate,3248,3246,1,48,46,10,1,50,50
325,dugupsoil2_light2,3249,3246,0,49,46,22,1,50,50
1626,crumblywall2,3249,3246,0,49,46,0,1,50,50
325,dugupsoil2_light2,3250,3246,0,50,46,22,2,50,50
1286,deadtree2,3254,3246,0,54,46,10,0,50,50
4735,short_grass_1,3259,3246,0,59,46,22,2,50,50
1276,tree,3261,3246,0,61,46,10,1,50,50
4735,short_grass_1,3262,3246,0,62,46,22,0,50,50
4735,short_grass_1,3140,3247,0,4,47,22,0,49,50
4735,short_grass_1,3141,3247,0,5,47,22,3,49,50
4737,short_grass_3,3142,3247,0,6,47,22,0,49,50
4737,short_grass_3,3143,3247,0,7,47,22,0,49,50
4738,short_grass_4,3144,3247,0,8,47,22,0,49,50
4738,short_grass_4,3145,3247,0,9,47,22,1,49,50
4736,short_grass_2,3146,3247,0,10,47,22,1,49,50
4735,short_grass_1,3147,3247,0,11,47,22,2,49,50
4735,short_grass_1,3148,3247,0,12,47,22,2,49,50
1278,tree2,3154,3247,0,18,47,10,1,49,50
1247,broken_twig,3155,3247,0,19,47,22,3,49,50
185,dugupsoil2_upass,3160,3247,0,24,47,22,1,49,50
1626,crumblywall2,3160,3247,0,24,47,3,1,49,50
1393,plant3,3161,3247,0,25,47,10,3,49,50
1626,crumblywall2,3161,3247,0,25,47,0,1,49,50
1629,crumblywalllow,3161,3247,0,25,47,22,0,49,50
1624,crumblywall1,3162,3247,0,26,47,9,1,49,50
185,dugupsoil2_upass,3163,3247,0,27,47,22,1,49,50
1626,crumblywall2,3163,3247,0,27,47,1,1,49,50
1250,broken_twig_dark,3164,3247,0,28,47,22,3,49,50
1626,crumblywall2,3164,3247,0,28,47,1,0,49,50
1626,crumblywall2,3165,3247,0,29,47,1,3,49,50
1631,oldwall,3168,3247,0,32,47,1,0,49,50
1392,plant2,3177,3247,0,41,47,10,2,49,50
4736,short_grass_2,3184,3247,0,48,47,22,3,49,50
4736,short_grass_2,3185,3247,0,49,47,22,3,49,50
4737,short_grass_3,3186,3247,0,50,47,22,2,49,50
4737,short_grass_3,3187,3247,0,51,47,22,2,49,50
10820,oaktree,3188,3247,0,52,47,10,2,49,50
1247,broken_twig,3189,3247,0,53,47,22,2,49,50
1247,broken_twig,3190,3247,0,54,47,22,0,49,50
1247,broken_twig,3192,3247,0,56,47,22,2,49,50
1247,broken_twig,3194,3247,0,58,47,22,3,49,50
1247,broken_twig,3195,3247,0,59,47,22,2,49,50
1247,broken_twig,3197,3247,0,61,47,22,3,49,50
1276,tree,3197,3247,0,61,47,10,2,49,50
1247,broken_twig,3198,3247,0,62,47,22,0,49,50
4735,short_grass_1,3205,3247,0,5,47,22,3,50,50
4737,short_grass_3,3206,3247,0,6,47,22,3,50,50
1902,brickwall,3207,3247,0,7,47,0,2,50,50
5534,short_grass_4_wall_edge,3207,3247,0,7,47,22,2,50,50
1821,window,3207,3247,1,7,47,5,2,50,50
1902,brickwall,3207,3247,1,7,47,0,2,50,50
1923,roofwallfiller,3207,3247,2,7,47,0,2,50,50
5651,roofedge_al,3207,3247,3,7,47,0,2,50,50
362,barrel,3208,3247,1,8,47,11,3,50,50
1821,window,3208,3247,1,8,47,4,0,50,50
54134,roof_wooden_small_filler,3208,3247,2,8,47,17,3,50,50
1924,roof_redslate,3208,3247,3,8,47,12,1,50,50
918,poorrug1side,3209,3247,1,9,47,22,3,50,50
54134,roof_wooden_small_filler,3209,3247,2,9,47,17,3,50,50
1924,roof_redslate,3209,3247,3,9,47,12,1,50,50
612,counter,3210,3247,0,10,47,10,3,50,50
918,poorrug1side,3210,3247,0,10,47,22,3,50,50
5243,poorrug1centre2,3210,3247,1,10,47,22,0,50,50
54134,roof_wooden_small_filler,3210,3247,2,10,47,17,3,50,50
1924,roof_redslate,3210,3247,3,10,47,12,1,50,50
918,poorrug1side,3211,3247,0,11,47,22,1,50,50
5243,poorrug1centre2,3211,3247,1,11,47,22,0,50,50
54134,roof_wooden_small_filler,3211,3247,2,11,47,17,3,50,50
1924,roof_redslate,3211,3247,3,11,47,12,1,50,50
5243,poorrug1centre2,3212,3247,1,12,47,22,0,50,50
54134,roof_wooden_small_filler,3212,3247,2,12,47,17,3,50,50
1924,roof_redslate,3212,3247,3,12,47,12,1,50,50
918,poorrug1side,3213,3247,1,13,47,22,1,50,50
54134,roof_wooden_small_filler,3213,3247,2,13,47,17,3,50,50
1924,roof_redslate,3213,3247,3,13,47,12,1,50,50
1821,window,3214,3247,0,14,47,4,2,50,50
333,dugupsoil2_soot,3214,3247,1,14,47,22,2,50,50
1102,stool,3214,3247,1,14,47,10,3,50,50
1924,roof_redslate,3214,3247,2,14,47,16,0,50,50
1821,window,3215,3247,0,15,47,5,0,50,50
1902,brickwall,3215,3247,0,15,47,0,0,50,50
5533,short_grass_3_wall_edge,3215,3247,0,15,47,22,0,50,50
1902,brickwall,3215,3247,1,15,47,0,0,50,50
5662,roofedge_rough,3215,3247,2,15,47,18,0,50,50
4737,short_grass_3,3216,3247,0,16,47,22,1,50,50
4736,short_grass_2,3217,3247,0,17,47,22,1,50,50
336,dugupsoil2_grey,3218,3247,0,18,47,22,0,50,50
4734,riverbank_dugupsoil5,3233,3247,0,33,47,22,2,50,50
4733,riverbank_dugupsoil4,3234,3247,0,34,47,22,0,50,50
44603,blankwall_no_blockrange,3235,3247,0,35,47,0,1,50,50
44603,blankwall_no_blockrange,3236,3247,0,36,47,0,0,50,50
44603,blankwall_no_blockrange,3239,3247,0,39,47,0,2,50,50
324,dugupsoil1_light2,3241,3247,0,41,47,22,0,50,50
325,dugupsoil2_light2,3242,3247,0,42,47,22,2,50,50
325,dugupsoil2_light2,3243,3247,0,43,47,22,0,50,50
1631,oldwall,3243,3247,0,43,47,0,0,50,50
3475,wall_support,3243,3247,0,43,47,5,0,50,50
5737,oldroof_doublelength_greyslate,3243,3247,1,43,47,10,3,50,50
5737,oldroof_doublelength_greyslate,3244,3247,1,44,47,10,3,50,50
1643,oldroof_greyslate,3245,3247,1,45,47,15,2,50,50
1102,stool,3246,3247,0,46,47,10,3,50,50
5734,oldroof_tip_greyslate,3246,3247,1,46,47,10,2,50,50
1643,oldroof_greyslate,3247,3247,1,47,47,15,3,50,50
326,dugupsoil3_light2,3248,3247,0,48,47,22,3,50,50
1625,crumblywall1r,3248,3247,0,48,47,0,2,50,50
5737,oldroof_doublelength_greyslate,3248,3247,1,48,47,10,3,50,50
325,dugupsoil2_light2,3249,3247,0,49,47,22,1,50,50
659,charred_bones,3249,3247,0,49,47,10,0,50,50
325,dugupsoil2_light2,3250,3247,0,50,47,22,3,50,50
1626,crumblywall2,3250,3247,0,50,47,0,2,50,50
320,dugupsoil2_light,3251,3247,0,51,47,22,1,50,50
336,dugupsoil2_grey,3256,3247,0,56,47,22,2,50,50
4735,short_grass_1,3259,3247,0,59,47,22,3,50,50
1286,deadtree2,3260,3247,0,60,47,10,1,50,50
4735,short_grass_1,3263,3247,0,63,47,22,2,50,50
1278,tree2,3138,3248,0,2,48,10,0,49,50
1247,broken_twig,3139,3248,0,3,48,22,1,49,50
4735,short_grass_1,3142,3248,0,6,48,22,2,49,50
4736,short_grass_2,3143,3248,0,7,48,22,0,49,50
4738,short_grass_4,3144,3248,0,8,48,22,3,49,50
4737,short_grass_3,3145,3248,0,9,48,22,1,49,50
4736,short_grass_2,3146,3248,0,10,48,22,1,49,50
4735,short_grass_1,3147,3248,0,11,48,22,3,49,50
4735,short_grass_1,3148,3248,0,12,48,22,1,49,50
1173,smallfern,3151,3248,0,15,48,10,1,49,50
4735,short_grass_1,3151,3248,0,15,48,22,1,49,50
1244,small_grass_stones,3153,3248,0,17,48,22,1,49,50
4735,short_grass_1,3154,3248,0,18,48,22,0,49,50
4735,short_grass_1,3155,3248,0,19,48,22,0,49,50
4735,short_grass_1,3156,3248,0,20,48,22,1,49,50
4735,short_grass_1,3157,3248,0,21,48,22,3,49,50
1631,oldwall,3161,3248,0,25,48,1,2,49,50
1625,crumblywall1r,3162,3248,0,26,48,9,3,49,50
184,dugupsoil1_upass,3163,3248,0,27,48,22,2,49,50
1393,plant3,3163,3248,0,27,48,10,1,49,50
1626,crumblywall2,3163,3248,0,27,48,1,2,49,50
185,dugupsoil2_upass,3164,3248,0,28,48,22,2,49,50
1626,crumblywall2,3164,3248,0,28,48,1,3,49,50
185,dugupsoil2_upass,3165,3248,0,29,48,22,1,49,50
1631,oldwall,3168,3248,0,32,48,9,0,49,50
1646,oldcastlearrowslit,3168,3248,0,32,48,8,0,49,50
1625,crumblywall1r,3168,3248,1,32,48,9,1,49,50
1393,plant3,3169,3248,0,33,48,10,0,49,50
1631,oldwall,3169,3248,0,33,48,1,0,49,50
1286,deadtree2,3171,3248,0,35,48,10,1,49,50
4736,short_grass_2,3176,3248,0,40,48,22,2,49,50
1246,full_twig,3180,3248,0,44,48,22,2,49,50
4735,short_grass_1,3181,3248,0,45,48,22,1,49,50
4736,short_grass_2,3182,3248,0,46,48,22,3,49,50
1299,fern1,3183,3248,0,47,48,10,1,49,50
4737,short_grass_3,3183,3248,0,47,48,22,2,49,50
4736,short_grass_2,3184,3248,0,48,48,22,2,49,50
1189,daisys,3185,3248,0,49,48,10,0,49,50
4737,short_grass_3,3185,3248,0,49,48,22,3,49,50
4738,short_grass_4,3186,3248,0,50,48,22,3,49,50
4735,short_grass_1,3187,3248,0,51,48,22,1,49,50
1246,full_twig,3188,3248,0,52,48,22,2,49,50
1247,broken_twig,3190,3248,0,54,48,22,1,49,50
1246,full_twig,3197,3248,0,61,48,22,2,49,50
1247,broken_twig,3198,3248,0,62,48,22,0,49,50
4736,short_grass_2,3206,3248,0,6,48,22,0,50,50
1821,window,3207,3248,0,7,48,5,2,50,50
1902,brickwall,3207,3248,0,7,48,0,2,50,50
5533,short_grass_3_wall_edge,3207,3248,0,7,48,22,2,50,50
1902,brickwall,3207,3248,1,7,48,0,2,50,50
1923,roofwallfiller,3207,3248,2,7,48,0,2,50,50
5653,roofedge_all,3207,3248,3,7,48,0,2,50,50
1821,window,3208,3248,0,8,48,4,0,50,50
2877,barrel_staffs,3208,3248,0,8,48,10,0,50,50
54134,roof_wooden_small_filler,3208,3248,2,8,48,17,3,50,50
1924,roof_redslate,3208,3248,3,8,48,12,3,50,50
918,poorrug1side,3209,3248,1,9,48,22,3,50,50
54134,roof_wooden_small_filler,3209,3248,2,9,48,17,3,50,50
1924,roof_redslate,3209,3248,3,9,48,12,3,50,50
918,poorrug1side,3210,3248,0,10,48,22,3,50,50
5243,poorrug1centre2,3210,3248,1,10,48,22,0,50,50
54134,roof_wooden_small_filler,3210,3248,2,10,48,17,3,50,50
1924,roof_redslate,3210,3248,3,10,48,12,3,50,50
918,poorrug1side,3211,3248,0,11,48,22,1,50,50
5243,poorrug1centre2,3211,3248,1,11,48,22,0,50,50
54134,roof_wooden_small_filler,3211,3248,2,11,48,17,3,50,50
1924,roof_redslate,3211,3248,3,11,48,12,3,50,50
1088,chair,3212,3248,1,12,48,11,0,50,50
5243,poorrug1centre2,3212,3248,1,12,48,22,0,50,50
54134,roof_wooden_small_filler,3212,3248,2,12,48,17,3,50,50
1924,roof_redslate,3212,3248,3,12,48,12,3,50,50
918,poorrug1side,3213,3248,1,13,48,22,1,50,50
54134,roof_wooden_small_filler,3213,3248,2,13,48,17,3,50,50
1924,roof_redslate,3213,3248,3,13,48,12,3,50,50
1017,warehouse_shelves3,3214,3248,0,14,48,10,2,50,50
2772,range_icon,3214,3248,1,14,48,22,0,50,50
26180,fireplacecookingpot,3214,3248,1,14,48,10,2,50,50
1927,roof_chimney_redslate,3214,3248,2,14,48,12,0,50,50
1902,brickwall,3215,3248,0,15,48,0,0,50,50
5534,short_grass_4_wall_edge,3215,3248,0,15,48,22,0,50,50
1902,brickwall,3215,3248,1,15,48,0,0,50,50
5663,roofedge_rough2,3215,3248,2,15,48,18,0,50,50
4736,short_grass_2,3216,3248,0,16,48,22,1,50,50
981,gardenfencing,3224,3248,0,24,48,3,1,50,50
980,fencing,3225,3248,0,25,48,0,1,50,50
980,fencing,3226,3248,0,26,48,0,1,50,50
980,fencing,3227,3248,0,27,48,0,1,50,50
4735,short_grass_1,3227,3248,0,27,48,22,2,50,50
980,fencing,3228,3248,0,28,48,0,1,50,50
4735,short_grass_1,3228,3248,0,28,48,22,3,50,50
980,fencing,3229,3248,0,29,48,1,0,50,50
4733,riverbank_dugupsoil4,3233,3248,0,33,48,22,0,50,50
44603,blankwall_no_blockrange,3235,3248,0,35,48,0,0,50,50
44603,blankwall_no_blockrange,3239,3248,0,39,48,0,2,50,50
1286,deadtree2,3240,3248,0,40,48,10,3,50,50
325,dugupsoil2_light2,3241,3248,0,41,48,22,0,50,50
325,dugupsoil2_light2,3242,3248,0,42,48,22,3,50,50
1602,timberwall,3242,3248,0,42,48,3,1,50,50
326,dugupsoil3_light2,3243,3248,0,43,48,22,3,50,50
724,standing_torch,3243,3248,0,43,48,10,2,50,50
1631,oldwall,3243,3248,0,43,48,2,0,50,50
3475,wall_support,3243,3248,0,43,48,5,1,50,50
325,dugupsoil2_light2,3244,3248,0,44,48,22,3,50,50
1631,oldwall,3244,3248,0,44,48,0,1,50,50
1843,brokenwindow,3244,3248,0,44,48,5,1,50,50
1631,oldwall,3245,3248,0,45,48,0,1,50,50
1873,wallgrill,3245,3248,0,45,48,5,1,50,50
1643,oldroof_greyslate,3245,3248,1,45,48,12,2,50,50
1631,oldwall,3246,3248,0,46,48,0,1,50,50
1873,wallgrill,3246,3248,0,46,48,5,1,50,50
5734,oldroof_tip_greyslate,3246,3248,1,46,48,10,2,50,50
1631,oldwall,3247,3248,0,47,48,0,1,50,50
1843,brokenwindow,3247,3248,0,47,48,5,1,50,50
1643,oldroof_greyslate,3247,3248,1,47,48,12,0,50,50
724,standing_torch,3248,3248,0,48,48,10,2,50,50
1631,oldwall,3248,3248,0,48,48,2,1,50,50
3475,wall_support,3248,3248,0,48,48,5,1,50,50
325,dugupsoil2_light2,3249,3248,0,49,48,22,1,50,50
1602,timberwall,3249,3248,0,49,48,3,0,50,50
324,dugupsoil1_light2,3250,3248,0,50,48,22,3,50,50
1624,crumblywall1,3250,3248,0,50,48,2,1,50,50
325,dugupsoil2_light2,3251,3248,0,51,48,22,2,50,50
4735,short_grass_1,3259,3248,0,59,48,22,0,50,50
4735,short_grass_1,3263,3248,0,63,48,22,3,50,50
1247,broken_twig,3138,3249,0,2,49,22,2,49,50
1246,full_twig,3139,3249,0,3,49,22,3,49,50
4735,short_grass_1,3142,3249,0,6,49,22,3,49,50
4735,short_grass_1,3143,3249,0,7,49,22,0,49,50
4737,short_grass_3,3144,3249,0,8,49,22,0,49,50
4735,short_grass_1,3145,3249,0,9,49,22,0,49,50
4735,short_grass_1,3146,3249,0,10,49,22,0,49,50
4735,short_grass_1,3147,3249,0,11,49,22,0,49,50
16438,randomsound_woodland_ambience,3148,3249,0,12,49,22,0,49,50
4735,short_grass_1,3150,3249,0,14,49,22,0,49,50
4737,short_grass_3,3151,3249,0,15,49,22,2,49,50
4735,short_grass_1,3152,3249,0,16,49,22,2,49,50
4735,short_grass_1,3153,3249,0,17,49,22,3,49,50
4735,short_grass_1,3154,3249,0,18,49,22,3,49,50
4736,short_grass_2,3155,3249,0,19,49,22,3,49,50
4736,short_grass_2,3156,3249,0,20,49,22,2,49,50
4735,short_grass_1,3157,3249,0,21,49,22,0,49,50
4735,short_grass_1,3158,3249,0,22,49,22,2,49,50
1286,deadtree2,3162,3249,0,26,49,10,3,49,50
1626,crumblywall2,3162,3249,0,26,49,1,2,49,50
1626,crumblywall2,3163,3249,0,27,49,9,2,49,50
185,dugupsoil2_upass,3164,3249,0,28,49,22,0,49,50
1624,crumblywall1,3165,3249,0,29,49,3,1,49,50
1624,crumblywall1,3165,3249,1,29,49,3,1,49,50
185,dugupsoil2_upass,3166,3249,0,30,49,22,1,49,50
1624,crumblywall1,3166,3249,0,30,49,3,0,49,50
1624,crumblywall1,3166,3249,1,30,49,3,0,49,50
185,dugupsoil2_upass,3167,3249,0,31,49,22,0,49,50
186,dugupsoil3_upass,3168,3249,0,32,49,22,2,49,50
1631,oldwall,3168,3249,0,32,49,9,3,49,50
1624,crumblywall1,3168,3249,1,32,49,9,3,49,50
186,dugupsoil3_upass,3169,3249,0,33,49,22,3,49,50
1624,crumblywall1,3169,3249,0,33,49,9,0,49,50
1631,oldwall,3169,3249,0,33,49,1,3,49,50
1626,crumblywall2,3170,3249,0,34,49,1,0,49,50
4735,short_grass_1,3176,3249,0,40,49,22,2,49,50
4735,short_grass_1,3177,3249,0,41,49,22,2,49,50
4736,short_grass_2,3178,3249,0,42,49,22,2,49,50
4735,short_grass_1,3180,3249,0,44,49,22,1,49,50
1173,smallfern,3181,3249,0,45,49,10,0,49,50
4735,short_grass_1,3181,3249,0,45,49,22,3,49,50
4737,short_grass_3,3182,3249,0,46,49,22,3,49,50
4738,short_grass_4,3183,3249,0,47,49,22,2,49,50
4738,short_grass_4,3184,3249,0,48,49,22,3,49,50
4736,short_grass_2,3185,3249,0,49,49,22,0,49,50
1278,tree2,3186,3249,0,50,49,10,3,49,50
1247,broken_twig,3187,3249,0,51,49,22,3,49,50
1247,broken_twig,3188,3249,0,52,49,22,0,49,50
1246,full_twig,3189,3249,0,53,49,22,3,49,50
1247,broken_twig,3190,3249,0,54,49,22,1,49,50
325,dugupsoil2_light2,3193,3249,0,57,49,22,3,49,50
1247,broken_twig,3194,3249,0,58,49,22,2,49,50
1276,tree,3194,3249,0,58,49,10,2,49,50
1247,broken_twig,3195,3249,0,59,49,22,1,49,50
1341,treestump,3198,3249,0,62,49,10,0,49,50
4735,short_grass_1,3203,3249,0,3,49,22,1,50,50
1902,brickwall,3207,3249,0,7,49,0,2,50,50
5533,short_grass_3_wall_edge,3207,3249,0,7,49,22,2,50,50
1902,brickwall,3207,3249,1,7,49,0,2,50,50
5663,roofedge_rough2,3207,3249,2,7,49,18,2,50,50
5621,ornate_vase1,3208,3249,0,8,49,10,2,50,50
599,smashedtable,3208,3249,1,8,49,10,3,50,50
1924,roof_redslate,3208,3249,2,8,49,12,2,50,50
917,poorrug1corner,3209,3249,1,9,49,22,0,50,50
1102,stool,3209,3249,1,9,49,11,2,50,50
1924,roof_redslate,3209,3249,2,9,49,15,0,50,50
918,poorrug1side,3210,3249,0,10,49,22,3,50,50
918,poorrug1side,3210,3249,1,10,49,22,0,50,50
1924,roof_redslate,3210,3249,2,10,49,12,1,50,50
918,poorrug1side,3211,3249,0,11,49,22,1,50,50
918,poorrug1side,3211,3249,1,11,49,22,0,50,50
1924,roof_redslate,3211,3249,2,11,49,12,1,50,50
918,poorrug1side,3212,3249,1,12,49,22,0,50,50
1924,roof_redslate,3212,3249,2,12,49,12,1,50,50
917,poorrug1corner,3213,3249,1,13,49,22,1,50,50
1924,roof_redslate,3213,3249,2,13,49,15,1,50,50
24969,fireplace,3214,3249,0,14,49,10,2,50,50
333,dugupsoil2_soot,3214,3249,1,14,49,22,3,50,50
1089,smashedchair,3214,3249,1,14,49,10,1,50,50
1924,roof_redslate,3214,3249,2,14,49,12,0,50,50
1902,brickwall,3215,3249,0,15,49,0,0,50,50
5533,short_grass_3_wall_edge,3215,3249,0,15,49,22,0,50,50
1902,brickwall,3215,3249,1,15,49,0,0,50,50
5663,roofedge_rough2,3215,3249,2,15,49,18,0,50,50
980,fencing,3220,3249,0,20,49,1,1,50,50
4735,short_grass_1,3220,3249,0,20,49,22,3,50,50
980,fencing,3221,3249,0,21,49,0,1,50,50
980,fencing,3222,3249,0,22,49,0,1,50,50
4735,short_grass_1,3222,3249,0,22,49,22,0,50,50
981,gardenfencing,3223,3249,0,23,49,3,0,50,50
4735,short_grass_1,3227,3249,0,27,49,22,1,50,50
4735,short_grass_1,3228,3249,0,28,49,22,2,50,50
980,fencing,3229,3249,0,29,49,9,0,50,50
980,fencing,3230,3249,0,30,49,0,1,50,50
980,fencing,3231,3249,0,31,49,1,0,50,50
4734,riverbank_dugupsoil5,3233,3249,0,33,49,22,1,50,50
44603,blankwall_no_blockrange,3235,3249,0,35,49,0,0,50,50
44603,blankwall_no_blockrange,3239,3249,0,39,49,9,1,50,50
325,dugupsoil2_light2,3240,3249,0,40,49,22,1,50,50
325,dugupsoil2_light2,3241,3249,0,41,49,22,2,50,50
5756,oldroofedge_rough_greyslate,3243,3249,1,43,49,18,3,50,50
325,dugupsoil2_light2,3244,3249,0,44,49,22,0,50,50
1843,brokenwindow,3244,3249,0,44,49,4,3,50,50
5756,oldroofedge_rough_greyslate,3244,3249,1,44,49,18,3,50,50
325,dugupsoil2_light2,3245,3249,0,45,49,22,3,50,50
1791,roofedge_greyslate,3245,3249,1,45,49,18,3,50,50
325,dugupsoil2_light2,3246,3249,0,46,49,22,2,50,50
1791,roofedge_greyslate,3246,3249,1,46,49,18,3,50,50
326,dugupsoil3_light2,3247,3249,0,47,49,22,1,50,50
1843,brokenwindow,3247,3249,0,47,49,4,3,50,50
1791,roofedge_greyslate,3247,3249,1,47,49,18,3,50,50
325,dugupsoil2_light2,3248,3249,0,48,49,22,2,50,50
5757,oldroofedge_rough2_greyslate,3248,3249,1,48,49,18,3,50,50
325,dugupsoil2_light2,3249,3249,0,49,49,22,0,50,50
325,dugupsoil2_light2,3250,3249,0,50,49,22,3,50,50
325,dugupsoil2_light2,3251,3249,0,51,49,22,1,50,50
325,dugupsoil2_light2,3252,3249,0,52,49,22,1,50,50
1276,tree,3262,3249,0,62,49,10,1,50,50
4735,short_grass_1,3142,3250,0,6,50,22,3,49,50
1189,daisys,3143,3250,0,7,50,10,0,49,50
4735,short_grass_1,3143,3250,0,7,50,22,0,49,50
4735,short_grass_1,3144,3250,0,8,50,22,1,49,50
4735,short_grass_1,3145,3250,0,9,50,22,2,49,50
4735,short_grass_1,3146,3250,0,10,50,22,3,49,50
4735,short_grass_1,3147,3250,0,11,50,22,0,49,50
4735,short_grass_1,3148,3250,0,12,50,22,2,49,50
1298,fern,3149,3250,0,13,50,10,3,49,50
4735,short_grass_1,3149,3250,0,13,50,22,3,49,50
4736,short_grass_2,3150,3250,0,14,50,22,3,49,50
4738,short_grass_4,3151,3250,0,15,50,22,0,49,50
4737,short_grass_3,3152,3250,0,16,50,22,1,49,50
4735,short_grass_1,3153,3250,0,17,50,22,1,49,50
4735,short_grass_1,3154,3250,0,18,50,22,0,49,50
4737,short_grass_3,3155,3250,0,19,50,22,2,49,50
4737,short_grass_3,3156,3250,0,20,50,22,2,49,50
4736,short_grass_2,3157,3250,0,21,50,22,2,49,50
4735,short_grass_1,3158,3250,0,22,50,22,3,49,50
1392,plant2,3162,3250,0,26,50,10,0,49,50
1626,crumblywall2,3163,3250,0,27,50,1,2,49,50
1624,crumblywall1,3164,3250,0,28,50,9,2,49,50
185,dugupsoil2_upass,3165,3250,0,29,50,22,3,49,50
1624,crumblywall1,3165,3250,0,29,50,3,2,49,50
766,floor_depth1,3165,3250,1,29,50,22,2,49,50
1625,crumblywall1r,3165,3250,1,29,50,9,2,49,50
186,dugupsoil3_upass,3166,3250,0,30,50,22,2,49,50
1624,crumblywall1,3166,3250,0,30,50,3,3,49,50
1626,crumblywall2,3166,3250,0,30,50,9,2,49,50
766,floor_depth1,3166,3250,1,30,50,22,1,49,50
1624,crumblywall1,3166,3250,1,30,50,9,0,49,50
1626,crumblywall2,3167,3250,1,31,50,1,0,49,50
186,dugupsoil3_upass,3168,3250,0,32,50,22,1,49,50
1631,oldwall,3168,3250,0,32,50,0,0,49,50
1626,crumblywall2,3169,3250,0,33,50,9,3,49,50
1626,crumblywall2,3170,3250,0,34,50,1,3,49,50
1278,tree2,3175,3250,0,39,50,10,3,49,50
1247,broken_twig,3176,3250,0,40,50,22,2,49,50
4735,short_grass_1,3177,3250,0,41,50,22,2,49,50
4735,short_grass_1,3178,3250,0,42,50,22,2,49,50
4736,short_grass_2,3179,3250,0,43,50,22,2,49,50
1278,tree2,3180,3250,0,44,50,10,1,49,50
1247,broken_twig,3181,3250,0,45,50,22,0,49,50
4736,short_grass_2,3182,3250,0,46,50,22,0,49,50
4737,short_grass_3,3183,3250,0,47,50,22,0,49,50
4736,short_grass_2,3184,3250,0,48,50,22,1,49,50
1299,fern1,3185,3250,0,49,50,10,0,49,50
1247,broken_twig,3186,3250,0,50,50,22,0,49,50
4735,short_grass_1,3190,3250,0,54,50,22,3,49,50
325,dugupsoil2_light2,3192,3250,0,56,50,22,2,49,50
326,dugupsoil3_light2,3193,3250,0,57,50,22,3,49,50
325,dugupsoil2_light2,3194,3250,0,58,50,22,0,49,50
1246,full_twig,3195,3250,0,59,50,22,1,49,50
4735,short_grass_1,3201,3250,0,1,50,22,2,50,50
1282,deadtree1,3202,3250,0,2,50,10,0,50,50
4735,short_grass_1,3205,3250,0,5,50,22,1,50,50
1392,plant2,3206,3250,0,6,50,10,0,50,50
1902,brickwall,3207,3250,0,7,50,1,2,50,50
4736,short_grass_2,3207,3250,0,7,50,22,0,50,50
1902,brickwall,3207,3250,1,7,50,1,2,50,50
1790,roofedge_redslate,3207,3250,2,7,50,19,2,50,50
1872,wallsupport,3208,3250,0,8,50,7,2,50,50
1902,brickwall,3208,3250,0,8,50,9,2,50,50
1902,brickwall,3208,3250,1,8,50,9,2,50,50
1924,roof_redslate,3208,3250,2,8,50,13,2,50,50
32986,tob_spectator_misthalin_teddybear,3209,3250,1,9,50,11,3,50,50
1924,roof_redslate,3209,3250,2,9,50,14,2,50,50
917,poorrug1corner,3210,3250,0,10,50,22,0,50,50
1102,stool,3210,3250,0,10,50,10,0,50,50
423,poorbed2,3210,3250,1,10,50,10,3,50,50
1924,roof_redslate,3210,3250,2,10,50,17,3,50,50
917,poorrug1corner,3211,3250,0,11,50,22,1,50,50
1924,roof_redslate,3211,3250,2,11,50,17,3,50,50
17390,stepladder,3212,3250,0,12,50,10,1,50,50
1924,roof_redslate,3212,3250,2,12,50,17,3,50,50
32685,tob_spectator_misthalin_easel,3213,3250,1,13,50,11,0,50,50
1924,roof_redslate,3213,3250,2,13,50,14,3,50,50
1872,wallsupport,3214,3250,0,14,50,7,3,50,50
1902,brickwall,3214,3250,0,14,50,9,3,50,50
1902,brickwall,3214,3250,1,14,50,9,3,50,50
1924,roof_redslate,3214,3250,2,14,50,13,3,50,50
1902,brickwall,3215,3250,0,15,50,1,3,50,50
4736,short_grass_2,3215,3250,0,15,50,22,1,50,50
1902,brickwall,3215,3250,1,15,50,1,3,50,50
1790,roofedge_redslate,3215,3250,2,15,50,19,3,50,50
980,fencing,3219,3250,0,19,50,1,1,50,50
4735,short_grass_1,3219,3250,0,19,50,22,1,50,50
980,fencing,3220,3250,0,20,50,9,1,50,50
4735,short_grass_1,3221,3250,0,21,50,22,1,50,50
4737,short_grass_3,3222,3250,0,22,50,22,2,50,50
4735,short_grass_1,3223,3250,0,23,50,22,1,50,50
4735,short_grass_1,3225,3250,0,25,50,22,2,50,50
2743,anvil_icon,3227,3250,0,27,50,22,0,50,50
39620,lumbridge_anvil,3227,3250,0,27,50,10,3,50,50
4735,short_grass_1,3229,3250,0,29,50,22,1,50,50
4735,short_grass_1,3230,3250,0,30,50,22,1,50,50
980,fencing,3231,3250,0,31,50,0,0,50,50
4734,riverbank_dugupsoil5,3233,3250,0,33,50,22,0,50,50
5605,rock_pool_small,3235,3250,0,35,50,10,3,50,50
44603,blankwall_no_blockrange,3235,3250,0,35,50,0,0,50,50
44603,blankwall_no_blockrange,3238,3250,0,38,50,0,2,50,50
325,dugupsoil2_light2,3240,3250,0,40,50,22,0,50,50
325,dugupsoil2_light2,3243,3250,0,43,50,22,2,50,50
324,dugupsoil1_light2,3244,3250,0,44,50,22,1,50,50
325,dugupsoil2_light2,3245,3250,0,45,50,22,2,50,50
325,dugupsoil2_light2,3246,3250,0,46,50,22,2,50,50
325,dugupsoil2_light2,3247,3250,0,47,50,22,0,50,50
325,dugupsoil2_light2,3248,3250,0,48,50,22,3,50,50
325,dugupsoil2_light2,3250,3250,0,50,50,22,0,50,50
1393,plant3,3250,3250,0,50,50,10,2,50,50
324,dugupsoil1_light2,3251,3250,0,51,50,22,3,50,50
325,dugupsoil2_light2,3252,3250,0,52,50,22,0,50,50
4735,short_grass_1,3257,3250,0,57,50,22,3,50,50
4735,short_grass_1,3259,3250,0,59,50,22,2,50,50
1286,deadtree2,3260,3250,0,60,50,10,2,50,50
1189,daisys,3138,3251,0,2,51,10,1,49,50
4735,short_grass_1,3141,3251,0,5,51,22,0,49,50
4736,short_grass_2,3142,3251,0,6,51,22,3,49,50
4737,short_grass_3,3143,3251,0,7,51,22,2,49,50
4736,short_grass_2,3144,3251,0,8,51,22,2,49,50
1247,broken_twig,3145,3251,0,9,51,22,1,49,50
1278,tree2,3145,3251,0,9,51,10,1,49,50
4737,short_grass_3,3146,3251,0,10,51,22,2,49,50
4737,short_grass_3,3147,3251,0,11,51,22,2,49,50
4735,short_grass_1,3148,3251,0,12,51,22,2,49,50
4736,short_grass_2,3149,3251,0,13,51,22,3,49,50
4738,short_grass_4,3150,3251,0,14,51,22,0,49,50
1173,smallfern,3151,3251,0,15,51,10,2,49,50
4736,short_grass_2,3151,3251,0,15,51,22,1,49,50
4736,short_grass_2,3153,3251,0,17,51,22,3,49,50
4737,short_grass_3,3154,3251,0,18,51,22,3,49,50
4738,short_grass_4,3155,3251,0,19,51,22,2,49,50
1171,nastyfungus_dark,3156,3251,0,20,51,10,1,49,50
4738,short_grass_4,3156,3251,0,20,51,22,3,49,50
1278,tree2,3157,3251,0,21,51,10,2,49,50
4738,short_grass_4,3157,3251,0,21,51,22,1,49,50
4735,short_grass_1,3158,3251,0,22,51,22,1,49,50
10627,treasure_trail_destination,3160,3251,0,24,51,22,0,49,50
1248,sticks_twigs,3162,3251,0,26,51,22,3,49,50
1624,crumblywall1,3163,3251,0,27,51,3,1,49,50
1624,crumblywall1,3163,3251,1,27,51,3,1,49,50
186,dugupsoil3_upass,3164,3251,0,28,51,22,3,49,50
1631,oldwall,3164,3251,0,28,51,9,1,49,50
766,floor_depth1,3164,3251,1,28,51,22,2,49,50
1626,crumblywall2,3164,3251,1,28,51,9,1,49,50
186,dugupsoil3_upass,3166,3251,0,30,51,22,3,49,50
1626,crumblywall2,3166,3251,0,30,51,1,2,49,50
186,dugupsoil3_upass,3167,3251,0,31,51,22,3,49,50
1624,crumblywall1,3167,3251,0,31,51,9,2,49,50
766,floor_depth1,3167,3251,1,31,51,22,1,49,50
1626,crumblywall2,3167,3251,1,31,51,9,0,49,50
186,dugupsoil3_upass,3168,3251,0,32,51,22,3,49,50
1631,oldwall,3168,3251,0,32,51,0,0,49,50
1626,crumblywall2,3168,3251,1,32,51,1,0,49,50
1392,plant2,3170,3251,0,34,51,10,1,49,50
1246,full_twig,3175,3251,0,39,51,22,1,49,50
1246,full_twig,3176,3251,0,40,51,22,0,49,50
4736,short_grass_2,3177,3251,0,41,51,22,0,49,50
4735,short_grass_1,3178,3251,0,42,51,22,2,49,50
4736,short_grass_2,3179,3251,0,43,51,22,1,49,50
4735,short_grass_1,3180,3251,0,44,51,22,0,49,50
4735,short_grass_1,3181,3251,0,45,51,22,1,49,50
4735,short_grass_1,3182,3251,0,46,51,22,2,49,50
4735,short_grass_1,3183,3251,0,47,51,22,2,49,50
1392,plant2,3184,3251,0,48,51,10,0,49,50
1247,broken_twig,3185,3251,0,49,51,22,3,49,50
4735,short_grass_1,3189,3251,0,53,51,22,1,49,50
4735,short_grass_1,3190,3251,0,54,51,22,2,49,50
4735,short_grass_1,3201,3251,0,1,51,22,1,50,50
1299,fern1,3204,3251,0,4,51,10,0,50,50
1902,brickwall,3208,3251,0,8,51,1,2,50,50
4736,short_grass_2,3208,3251,0,8,51,22,0,50,50
1902,brickwall,3208,3251,1,8,51,1,2,50,50
1790,roofedge_redslate,3208,3251,2,8,51,19,2,50,50
1872,wallsupport,3209,3251,0,9,51,7,2,50,50
1902,brickwall,3209,3251,0,9,51,9,2,50,50
1902,brickwall,3209,3251,1,9,51,9,2,50,50
1924,roof_redslate,3209,3251,2,9,51,13,2,50,50
1017,warehouse_shelves3,3210,3251,0,10,51,10,1,50,50
1821,window,3210,3251,0,10,51,4,1,50,50
1924,roof_redslate,3210,3251,2,10,51,12,3,50,50
1018,warehouse_shelves4,3211,3251,0,11,51,10,1,50,50
1821,window,3211,3251,1,11,51,4,1,50,50
1924,roof_redslate,3211,3251,2,11,51,12,3,50,50
1016,warehouse_shelves2,3212,3251,0,12,51,10,1,50,50
1821,window,3212,3251,0,12,51,4,1,50,50
1924,roof_redslate,3212,3251,2,12,51,12,3,50,50
1872,wallsupport,3213,3251,0,13,51,7,3,50,50
1902,brickwall,3213,3251,0,13,51,9,3,50,50
1902,brickwall,3213,3251,1,13,51,9,3,50,50
1924,roof_redslate,3213,3251,2,13,51,13,3,50,50
1902,brickwall,3214,3251,0,14,51,1,3,50,50
4736,short_grass_2,3214,3251,0,14,51,22,1,50,50
1902,brickwall,3214,3251,1,14,51,1,3,50,50
1790,roofedge_redslate,3214,3251,2,14,51,19,3,50,50
980,fencing,3219,3251,0,19,51,0,2,50,50
1299,fern1,3219,3251,0,19,51,10,0,50,50
4735,short_grass_1,3220,3251,0,20,51,22,1,50,50
1902,brickwall,3221,3251,0,21,51,1,1,50,50
4736,short_grass_2,3221,3251,0,21,51,22,3,50,50
1790,roofedge_redslate,3221,3251,1,21,51,21,1,50,50
1902,brickwall,3222,3251,0,22,51,0,1,50,50
5534,short_grass_4_wall_edge,3222,3251,0,22,51,22,1,50,50
1790,roofedge_redslate,3222,3251,1,22,51,18,1,50,50
1838,shutterwindow,3223,3251,0,23,51,5,1,50,50
1902,brickwall,3223,3251,0,23,51,0,1,50,50
5533,short_grass_3_wall_edge,3223,3251,0,23,51,22,1,50,50
1923,roofwallfiller,3223,3251,1,23,51,0,1,50,50
5653,roofedge_all,3223,3251,2,23,51,0,1,50,50
205,lantern,3224,3251,0,24,51,5,1,50,50
1902,brickwall,3224,3251,0,24,51,0,1,50,50
5536,short_grass_wall_edge_2,3224,3251,0,24,51,22,2,50,50
1923,roofwallfiller,3224,3251,1,24,51,0,1,50,50
5651,roofedge_al,3224,3251,2,24,51,0,1,50,50
1602,timberwall,3225,3251,0,25,51,3,0,50,50
5662,roofedge_rough,3225,3251,1,25,51,18,1,50,50
1602,timberwall,3226,3251,0,26,51,3,1,50,50
5662,roofedge_rough,3226,3251,1,26,51,18,1,50,50
1838,shutterwindow,3227,3251,0,27,51,5,1,50,50
1902,brickwall,3227,3251,0,27,51,0,1,50,50
5663,roofedge_rough2,3227,3251,1,27,51,18,1,50,50
336,dugupsoil2_grey,3228,3251,0,28,51,22,0,50,50
1902,brickwall,3228,3251,0,28,51,0,1,50,50
4641,barrel_stacked,3228,3251,0,28,51,10,2,50,50
5662,roofedge_rough,3228,3251,1,28,51,18,1,50,50
1902,brickwall,3229,3251,0,29,51,0,1,50,50
5533,short_grass_3_wall_edge,3229,3251,0,29,51,22,1,50,50
5662,roofedge_rough,3229,3251,1,29,51,18,1,50,50
1902,brickwall,3230,3251,0,30,51,1,0,50,50
4736,short_grass_2,3230,3251,0,30,51,22,2,50,50
1790,roofedge_redslate,3230,3251,1,30,51,19,0,50,50
980,fencing,3231,3251,0,31,51,0,0,50,50
4733,riverbank_dugupsoil4,3233,3251,0,33,51,22,3,50,50
44603,blankwall_no_blockrange,3235,3251,0,35,51,0,0,50,50
44603,blankwall_no_blockrange,3237,3251,0,37,51,9,3,50,50
44603,blankwall_no_blockrange,3238,3251,0,38,51,0,3,50,50
325,dugupsoil2_light2,3239,3251,0,39,51,22,0,50,50
325,dugupsoil2_light2,3240,3251,0,40,51,22,0,50,50
325,dugupsoil2_light2,3241,3251,0,41,51,22,0,50,50
325,dugupsoil2_light2,3242,3251,0,42,51,22,3,50,50
325,dugupsoil2_light2,3243,3251,0,43,51,22,1,50,50
325,dugupsoil2_light2,3244,3251,0,44,51,22,0,50,50
325,dugupsoil2_light2,3245,3251,0,45,51,22,3,50,50
1286,deadtree2,3245,3251,0,45,51,10,0,50,50
1286,deadtree2,3248,3251,0,48,51,10,3,50,50
325,dugupsoil2_light2,3250,3251,0,50,51,22,1,50,50
325,dugupsoil2_light2,3251,3251,0,51,51,22,3,50,50
336,dugupsoil2_grey,3254,3251,0,54,51,22,3,50,50
4735,short_grass_1,3256,3251,0,56,51,22,3,50,50
1393,plant3,3258,3251,0,58,51,10,1,50,50
16433,randomsound_song_birds,3261,3251,0,61,51,22,0,50,50
1286,deadtree2,3262,3251,0,62,51,10,2,50,50
1189,daisys,3139,3252,0,3,52,10,2,49,50
1392,plant2,3141,3252,0,5,52,10,3,49,50
4735,short_grass_1,3141,3252,0,5,52,22,3,49,50
4737,short_grass_3,3142,3252,0,6,52,22,2,49,50
4738,short_grass_4,3143,3252,0,7,52,22,2,49,50
4736,short_grass_2,3144,3252,0,8,52,22,1,49,50
4738,short_grass_4,3145,3252,0,9,52,22,0,49,50
4738,short_grass_4,3146,3252,0,10,52,22,0,49,50
4738,short_grass_4,3147,3252,0,11,52,22,2,49,50
4735,short_grass_1,3148,3252,0,12,52,22,2,49,50
4736,short_grass_2,3149,3252,0,13,52,22,0,49,50
4737,short_grass_3,3150,3252,0,14,52,22,0,49,50
1247,broken_twig,3152,3252,0,16,52,22,0,49,50
1278,tree2,3152,3252,0,16,52,10,0,49,50
1247,broken_twig,3153,3252,0,17,52,22,3,49,50
4737,short_grass_3,3154,3252,0,18,52,22,3,49,50
4738,short_grass_4,3155,3252,0,19,52,22,2,49,50
4738,short_grass_4,3156,3252,0,20,52,22,3,49,50
4736,short_grass_2,3157,3252,0,21,52,22,2,49,50
4735,short_grass_1,3158,3252,0,22,52,22,0,49,50
4735,short_grass_1,3159,3252,0,23,52,22,3,49,50
185,dugupsoil2_upass,3163,3252,0,27,52,22,2,49,50
1624,crumblywall1,3163,3252,0,27,52,3,2,49,50
1624,crumblywall1,3163,3252,1,27,52,3,2,49,50
1631,oldwall,3164,3252,0,28,52,9,2,49,50
1646,oldcastlearrowslit,3164,3252,0,28,52,8,2,49,50
1624,crumblywall1,3164,3252,1,28,52,9,2,49,50
14108,dungeonentrance_icon_clickable,3165,3252,0,29,52,22,0,49,50
5492,ham_multi_trapdoor,3166,3252,0,30,52,22,1,49,50
186,dugupsoil3_upass,3167,3252,0,31,52,22,0,49,50
1631,oldwall,3167,3252,0,31,52,9,3,49,50
1646,oldcastlearrowslit,3167,3252,0,31,52,8,3,49,50
1626,crumblywall2,3167,3252,1,31,52,9,3,49,50
1631,oldwall,3168,3252,0,32,52,1,3,49,50
1626,crumblywall2,3168,3252,1,32,52,1,3,49,50
4735,short_grass_1,3177,3252,0,41,52,22,3,49,50
4735,short_grass_1,3178,3252,0,42,52,22,3,49,50
4736,short_grass_2,3179,3252,0,43,52,22,3,49,50
4738,short_grass_4,3180,3252,0,44,52,22,2,49,50
4737,short_grass_3,3181,3252,0,45,52,22,2,49,50
4736,short_grass_2,3182,3252,0,46,52,22,2,49,50
4736,short_grass_2,3183,3252,0,47,52,22,2,49,50
4735,short_grass_1,3184,3252,0,48,52,22,0,49,50
1247,broken_twig,3185,3252,0,49,52,22,2,49,50
1299,fern1,3187,3252,0,51,52,10,0,49,50
4735,short_grass_1,3189,3252,0,53,52,22,0,49,50
4735,short_grass_1,3190,3252,0,54,52,22,0,49,50
1278,tree2,3191,3252,0,55,52,10,0,49,50
1247,broken_twig,3192,3252,0,56,52,22,1,49,50
325,dugupsoil2_light2,3196,3252,0,60,52,22,3,49,50
4735,short_grass_1,3200,3252,0,0,52,22,3,50,50
4735,short_grass_1,3203,3252,0,3,52,22,1,50,50
4735,short_grass_1,3205,3252,0,5,52,22,1,50,50
1902,brickwall,3209,3252,0,9,52,1,2,50,50
4736,short_grass_2,3209,3252,0,9,52,22,0,50,50
1902,brickwall,3209,3252,1,9,52,1,2,50,50
1790,roofedge_redslate,3209,3252,2,9,52,19,2,50,50
1821,window,3210,3252,0,10,52,5,3,50,50
1902,brickwall,3210,3252,0,10,52,0,3,50,50
5533,short_grass_3_wall_edge,3210,3252,0,10,52,22,3,50,50
1902,brickwall,3210,3252,1,10,52,0,3,50,50
5662,roofedge_rough,3210,3252,2,10,52,18,3,50,50
1902,brickwall,3211,3252,0,11,52,0,3,50,50
5534,short_grass_4_wall_edge,3211,3252,0,11,52,22,3,50,50
1821,window,3211,3252,1,11,52,5,3,50,50
1902,brickwall,3211,3252,1,11,52,0,3,50,50
5663,roofedge_rough2,3211,3252,2,11,52,18,3,50,50
1821,window,3212,3252,0,12,52,5,3,50,50
1902,brickwall,3212,3252,0,12,52,0,3,50,50
5533,short_grass_3_wall_edge,3212,3252,0,12,52,22,3,50,50
1902,brickwall,3212,3252,1,12,52,0,3,50,50
5662,roofedge_rough,3212,3252,2,12,52,18,3,50,50
1902,brickwall,3213,3252,0,13,52,1,3,50,50
4736,short_grass_2,3213,3252,0,13,52,22,1,50,50
1902,brickwall,3213,3252,1,13,52,1,3,50,50
1790,roofedge_redslate,3213,3252,2,13,52,19,3,50,50
1081,draynor2_signpost,3215,3252,0,15,52,10,0,50,50
4737,short_grass_3,3218,3252,0,18,52,22,1,50,50
980,fencing,3219,3252,0,19,52,0,2,50,50
1902,brickwall,3221,3252,0,21,52,0,2,50,50
5533,short_grass_3_wall_edge,3221,3252,0,21,52,22,2,50,50
5663,roofedge_rough2,3221,3252,1,21,52,18,2,50,50
610,workbench2,3222,3252,0,22,52,10,2,50,50
1924,roof_redslate,3222,3252,1,22,52,16,1,50,50
1838,shutterwindow,3223,3252,0,23,52,4,3,50,50
54134,roof_wooden_small_filler,3223,3252,1,23,52,17,3,50,50
1924,roof_redslate,3223,3252,2,23,52,12,2,50,50
3474,hanginglantern,3224,3252,0,24,52,4,3,50,50
4641,barrel_stacked,3224,3252,0,24,52,10,2,50,50
54134,roof_wooden_small_filler,3224,3252,1,24,52,17,3,50,50
1924,roof_redslate,3224,3252,2,24,52,12,0,50,50
1924,roof_redslate,3225,3252,1,25,52,12,1,50,50
1924,roof_redslate,3226,3252,1,26,52,12,1,50,50
1838,shutterwindow,3227,3252,0,27,52,4,3,50,50
1924,roof_redslate,3227,3252,1,27,52,12,1,50,50
1924,roof_redslate,3228,3252,1,28,52,12,1,50,50
610,workbench2,3229,3252,0,29,52,10,1,50,50
1642,oldroof_redslate,3229,3252,1,29,52,16,0,50,50
1902,brickwall,3230,3252,0,30,52,0,0,50,50
5533,short_grass_3_wall_edge,3230,3252,0,30,52,22,0,50,50
5662,roofedge_rough,3230,3252,1,30,52,18,0,50,50
980,fencing,3231,3252,0,31,52,0,0,50,50
4734,riverbank_dugupsoil5,3233,3252,0,33,52,22,2,50,50
4733,riverbank_dugupsoil4,3234,3252,0,34,52,22,1,50,50
38848,inviswall,3235,3252,0,35,52,9,0,50,50
44603,blankwall_no_blockrange,3237,3252,0,37,52,0,0,50,50
325,dugupsoil2_light2,3239,3252,0,39,52,22,2,50,50
325,dugupsoil2_light2,3240,3252,0,40,52,22,1,50,50
326,dugupsoil3_light2,3241,3252,0,41,52,22,0,50,50
325,dugupsoil2_light2,3242,3252,0,42,52,22,1,50,50
325,dugupsoil2_light2,3249,3252,0,49,52,22,2,50,50
336,dugupsoil2_grey,3252,3252,0,52,52,22,3,50,50
4735,short_grass_1,3254,3252,0,54,52,22,1,50,50
4735,short_grass_1,3256,3252,0,56,52,22,3,50,50
1299,fern1,3257,3252,0,57,52,10,1,50,50
1276,tree,3258,3252,0,58,52,10,3,50,50
1276,tree,3260,3252,0,60,52,10,0,50,50
4735,short_grass_1,3262,3252,0,62,52,22,3,50,50
4735,short_grass_1,3263,3252,0,63,52,22,2,50,50
4735,short_grass_1,3140,3253,0,4,53,22,1,49,50
4736,short_grass_2,3141,3253,0,5,53,22,3,49,50
4737,short_grass_3,3142,3253,0,6,53,22,0,49,50
4737,short_grass_3,3143,3253,0,7,53,22,1,49,50
4736,short_grass_2,3144,3253,0,8,53,22,2,49,50
4738,short_grass_4,3145,3253,0,9,53,22,0,49,50
4738,short_grass_4,3146,3253,0,10,53,22,3,49,50
4738,short_grass_4,3147,3253,0,11,53,22,3,49,50
4738,short_grass_4,3148,3253,0,12,53,22,3,49,50
4735,short_grass_1,3149,3253,0,13,53,22,0,49,50
4735,short_grass_1,3150,3253,0,14,53,22,1,49,50
4735,short_grass_1,3151,3253,0,15,53,22,3,49,50
1246,full_twig,3153,3253,0,17,53,22,2,49,50
4736,short_grass_2,3154,3253,0,18,53,22,0,49,50
4738,short_grass_4,3155,3253,0,19,53,22,0,49,50
4738,short_grass_4,3156,3253,0,20,53,22,2,49,50
4737,short_grass_3,3157,3253,0,21,53,22,1,49,50
4736,short_grass_2,3158,3253,0,22,53,22,2,49,50
4735,short_grass_1,3159,3253,0,23,53,22,2,49,50
185,dugupsoil2_upass,3163,3253,0,27,53,22,3,49,50
186,dugupsoil3_upass,3164,3253,0,28,53,22,1,49,50
1631,oldwall,3164,3253,0,28,53,1,2,49,50
1631,oldwall,3164,3253,1,28,53,1,2,49,50
186,dugupsoil3_upass,3165,3253,0,29,53,22,3,49,50
1631,oldwall,3165,3253,0,29,53,9,2,49,50
1646,oldcastlearrowslit,3165,3253,0,29,53,8,2,49,50
1631,oldwall,3165,3253,1,29,53,9,2,49,50
1624,crumblywall1,3165,3253,2,29,53,9,2,49,50
186,dugupsoil3_upass,3166,3253,0,30,53,22,0,49,50
1631,oldwall,3166,3253,0,30,53,9,3,49,50
1646,oldcastlearrowslit,3166,3253,0,30,53,8,3,49,50
1625,crumblywall1r,3166,3253,1,30,53,9,0,49,50
1393,plant3,3167,3253,0,31,53,10,1,49,50
1631,oldwall,3167,3253,0,31,53,1,3,49,50
1626,crumblywall2,3167,3253,1,31,53,1,3,49,50
4735,short_grass_1,3176,3253,0,40,53,22,0,49,50
4735,short_grass_1,3177,3253,0,41,53,22,1,49,50
4736,short_grass_2,3178,3253,0,42,53,22,3,49,50
4737,short_grass_3,3179,3253,0,43,53,22,3,49,50
4738,short_grass_4,3180,3253,0,44,53,22,2,49,50
4738,short_grass_4,3181,3253,0,45,53,22,2,49,50
4737,short_grass_3,3182,3253,0,46,53,22,1,49,50
4737,short_grass_3,3183,3253,0,47,53,22,1,49,50
4736,short_grass_2,3184,3253,0,48,53,22,2,49,50
4735,short_grass_1,3185,3253,0,49,53,22,3,49,50
16433,randomsound_song_birds,3186,3253,0,50,53,22,0,49,50
1341,treestump,3188,3253,0,52,53,10,3,49,50
1247,broken_twig,3191,3253,0,55,53,22,2,49,50
1246,full_twig,3192,3253,0,56,53,22,0,49,50
1174,thistle,3194,3253,0,58,53,10,1,49,50
325,dugupsoil2_light2,3198,3253,0,62,53,22,0,49,50
4735,short_grass_1,3201,3253,0,1,53,22,3,50,50
4735,short_grass_1,3205,3253,0,5,53,22,1,50,50
4735,short_grass_1,3208,3253,0,8,53,22,3,50,50
4737,short_grass_3,3211,3253,0,11,53,22,0,50,50
336,dugupsoil2_grey,3216,3253,0,16,53,22,0,50,50
980,fencing,3219,3253,0,19,53,0,2,50,50
1844,brokenshutterwindow1,3221,3253,0,21,53,5,2,50,50
1902,brickwall,3221,3253,0,21,53,0,2,50,50
5536,short_grass_wall_edge_2,3221,3253,0,21,53,22,0,50,50
5662,roofedge_rough,3221,3253,1,21,53,18,2,50,50
179,gravel_1,3222,3253,0,22,53,22,3,50,50
1102,stool,3222,3253,0,22,53,10,3,50,50
1838,shutterwindow,3222,3253,0,22,53,4,0,50,50
1924,roof_redslate,3222,3253,1,22,53,12,2,50,50
1924,roof_redslate,3223,3253,2,23,53,12,2,50,50
1924,roof_redslate,3224,3253,2,24,53,12,0,50,50
1924,roof_redslate,3225,3253,1,25,53,17,2,50,50
1924,roof_redslate,3226,3253,1,26,53,17,2,50,50
1924,roof_redslate,3227,3253,1,27,53,17,2,50,50
1606,woodenroof_redslate,3228,3253,1,28,53,17,0,50,50
1924,roof_redslate,3229,3253,1,29,53,12,0,50,50
1902,brickwall,3230,3253,0,30,53,0,0,50,50
5534,short_grass_4_wall_edge,3230,3253,0,30,53,22,0,50,50
5663,roofedge_rough2,3230,3253,1,30,53,18,0,50,50
980,fencing,3231,3253,0,31,53,0,0,50,50
4733,riverbank_dugupsoil4,3234,3253,0,34,53,22,2,50,50
38848,inviswall,3236,3253,0,36,53,0,0,50,50
44603,blankwall_no_blockrange,3237,3253,0,37,53,0,0,50,50
2759,fishing_point_icon,3238,3253,0,38,53,22,0,50,50
325,dugupsoil2_light2,3240,3253,0,40,53,22,3,50,50
325,dugupsoil2_light2,3241,3253,0,41,53,22,0,50,50
10820,oaktree,3241,3253,0,41,53,10,1,50,50
325,dugupsoil2_light2,3242,3253,0,42,53,22,0,50,50
1278,tree2,3245,3253,0,45,53,10,2,50,50
325,dugupsoil2_light2,3246,3253,0,46,53,22,3,50,50
1286,deadtree2,3249,3253,0,49,53,10,2,50,50
336,dugupsoil2_grey,3252,3253,0,52,53,22,0,50,50
4736,short_grass_2,3253,3253,0,53,53,22,3,50,50
1299,fern1,3254,3253,0,54,53,10,1,50,50
4737,short_grass_3,3254,3253,0,54,53,22,2,50,50
4736,short_grass_2,3255,3253,0,55,53,22,2,50,50
4735,short_grass_1,3256,3253,0,56,53,22,3,50,50
4737,short_grass_3,3257,3253,0,57,53,22,2,50,50
4736,short_grass_2,3258,3253,0,58,53,22,2,50,50
4735,short_grass_1,3259,3253,0,59,53,22,0,50,50
4735,short_grass_1,3260,3253,0,60,53,22,3,50,50
4736,short_grass_2,3261,3253,0,61,53,22,3,50,50
4737,short_grass_3,3262,3253,0,62,53,22,2,50,50
4736,short_grass_2,3263,3253,0,63,53,22,2,50,50
1278,tree2,3138,3254,0,2,54,10,3,49,50
1247,broken_twig,3139,3254,0,3,54,22,1,49,50
4735,short_grass_1,3140,3254,0,4,54,22,0,49,50
4736,short_grass_2,3141,3254,0,5,54,22,0,49,50
4737,short_grass_3,3142,3254,0,6,54,22,1,49,50
4737,short_grass_3,3143,3254,0,7,54,22,2,49,50
4738,short_grass_4,3144,3254,0,8,54,22,2,49,50
4738,short_grass_4,3145,3254,0,9,54,22,1,49,50
4738,short_grass_4,3146,3254,0,10,54,22,2,49,50
10822,yewtree,3146,3254,0,10,54,10,2,49,50
4738,short_grass_4,3147,3254,0,11,54,22,1,49,50
4736,short_grass_2,3148,3254,0,12,54,22,1,49,50
4737,short_grass_3,3149,3254,0,13,54,22,0,49,50
4735,short_grass_1,3150,3254,0,14,54,22,0,49,50
4736,short_grass_2,3151,3254,0,15,54,22,3,49,50
4737,short_grass_3,3152,3254,0,16,54,22,2,49,50
4736,short_grass_2,3153,3254,0,17,54,22,2,49,50
4735,short_grass_1,3154,3254,0,18,54,22,0,49,50
4737,short_grass_3,3155,3254,0,19,54,22,3,49,50
4738,short_grass_4,3156,3254,0,20,54,22,1,49,50
4738,short_grass_4,3157,3254,0,21,54,22,0,49,50
4737,short_grass_3,3158,3254,0,22,54,22,1,49,50
4736,short_grass_2,3159,3254,0,23,54,22,2,49,50
4735,short_grass_1,3160,3254,0,24,54,22,0,49,50
185,dugupsoil2_upass,3164,3254,0,28,54,22,0,49,50
186,dugupsoil3_upass,3165,3254,0,29,54,22,0,49,50
1624,crumblywall1,3165,3254,0,29,54,3,2,49,50
1624,crumblywall1,3165,3254,1,29,54,3,2,49,50
1624,crumblywall1,3165,3254,2,29,54,3,2,49,50
186,dugupsoil3_upass,3166,3254,0,30,54,22,3,49,50
1624,crumblywall1,3166,3254,0,30,54,3,3,49,50
1624,crumblywall1,3166,3254,1,30,54,3,3,49,50
1624,crumblywall1,3166,3254,2,30,54,3,3,49,50
185,dugupsoil2_upass,3167,3254,0,31,54,22,1,49,50
10627,treasure_trail_destination,3168,3254,0,32,54,22,0,49,50
1276,tree,3176,3254,0,40,54,10,3,49,50
4735,short_grass_1,3177,3254,0,41,54,22,2,49,50
4736,short_grass_2,3178,3254,0,42,54,22,0,49,50
4737,short_grass_3,3179,3254,0,43,54,22,3,49,50
4738,short_grass_4,3180,3254,0,44,54,22,2,49,50
4738,short_grass_4,3181,3254,0,45,54,22,2,49,50
4737,short_grass_3,3182,3254,0,46,54,22,2,49,50
4737,short_grass_3,3183,3254,0,47,54,22,1,49,50
4735,short_grass_1,3184,3254,0,48,54,22,1,49,50
4735,short_grass_1,3185,3254,0,49,54,22,0,49,50
1299,fern1,3186,3254,0,50,54,10,1,49,50
1276,tree,3187,3254,0,51,54,10,1,49,50
1247,broken_twig,3188,3254,0,52,54,22,2,49,50
1247,broken_twig,3196,3254,0,60,54,22,1,49,50
325,dugupsoil2_light2,3197,3254,0,61,54,22,3,49,50
326,dugupsoil3_light2,3198,3254,0,62,54,22,0,49,50
325,dugupsoil2_light2,3199,3254,0,63,54,22,0,49,50
4735,short_grass_1,3202,3254,0,2,54,22,2,50,50
4735,short_grass_1,3205,3254,0,5,54,22,2,50,50
4735,short_grass_1,3208,3254,0,8,54,22,1,50,50
4735,short_grass_1,3209,3254,0,9,54,22,1,50,50
4735,short_grass_1,3211,3254,0,11,54,22,3,50,50
4735,short_grass_1,3212,3254,0,12,54,22,2,50,50
981,gardenfencing,3219,3254,0,19,54,3,2,50,50
1602,timberwall,3221,3254,0,21,54,3,2,50,50
5663,roofedge_rough2,3221,3254,1,21,54,18,2,50,50
917,poorrug1corner,3222,3254,0,22,54,22,3,50,50
1924,roof_redslate,3222,3254,1,22,54,12,2,50,50
918,poorrug1side,3223,3254,0,23,54,22,2,50,50
1924,roof_redslate,3223,3254,2,23,54,12,2,50,50
918,poorrug1side,3224,3254,0,24,54,22,2,50,50
1924,roof_redslate,3224,3254,2,24,54,12,0,50,50
917,poorrug1corner,3225,3254,0,25,54,22,2,50,50
1924,roof_redslate,3225,3254,1,25,54,17,2,50,50
33157,tutor_smithing_icon,3226,3254,0,26,54,22,0,50,50
1924,roof_redslate,3226,3254,1,26,54,17,2,50,50
1924,roof_redslate,3227,3254,1,27,54,17,2,50,50
179,gravel_1,3228,3254,0,28,54,22,1,50,50
1642,oldroof_redslate,3228,3254,1,28,54,15,3,50,50
2098,blacksmithtools,3229,3254,0,29,54,4,2,50,50
1642,oldroof_redslate,3229,3254,1,29,54,16,3,50,50
1902,brickwall,3230,3254,0,30,54,0,0,50,50
5533,short_grass_3_wall_edge,3230,3254,0,30,54,22,0,50,50
5662,roofedge_rough,3230,3254,1,30,54,18,0,50,50
980,fencing,3231,3254,0,31,54,0,0,50,50
4734,riverbank_dugupsoil5,3234,3254,0,34,54,22,1,50,50
38848,inviswall,3236,3254,0,36,54,0,0,50,50
44603,blankwall_no_blockrange,3237,3254,0,37,54,0,0,50,50
4735,short_grass_1,3247,3254,0,47,54,22,0,50,50
336,dugupsoil2_grey,3251,3254,0,51,54,22,1,50,50
4736,short_grass_2,3252,3254,0,52,54,22,3,50,50
980,fencing,3253,3254,0,53,54,0,1,50,50
4737,short_grass_3,3253,3254,0,53,54,22,2,50,50
980,fencing,3254,3254,0,54,54,0,1,50,50
4738,short_grass_4,3254,3254,0,54,54,22,2,50,50
980,fencing,3255,3254,0,55,54,0,1,50,50
4737,short_grass_3,3255,3254,0,55,54,22,2,50,50
980,fencing,3256,3254,0,56,54,0,1,50,50
4737,short_grass_3,3256,3254,0,56,54,22,2,50,50
980,fencing,3257,3254,0,57,54,0,1,50,50
4738,short_grass_4,3257,3254,0,57,54,22,2,50,50
980,fencing,3258,3254,0,58,54,0,1,50,50
4737,short_grass_3,3258,3254,0,58,54,22,2,50,50
980,fencing,3259,3254,0,59,54,0,1,50,50
4737,short_grass_3,3259,3254,0,59,54,22,2,50,50
980,fencing,3260,3254,0,60,54,0,1,50,50
4737,short_grass_3,3260,3254,0,60,54,22,2,50,50
980,fencing,3261,3254,0,61,54,0,1,50,50
4737,short_grass_3,3261,3254,0,61,54,22,2,50,50
980,fencing,3262,3254,0,62,54,0,1,50,50
4738,short_grass_4,3262,3254,0,62,54,22,2,50,50
980,fencing,3263,3254,0,63,54,0,1,50,50
4737,short_grass_3,3263,3254,0,63,54,22,2,50,50
1247,broken_twig,3138,3255,0,2,55,22,0,49,50
1246,full_twig,3139,3255,0,3,55,22,0,49,50
1189,daisys,3141,3255,0,5,55,10,3,49,50
4735,short_grass_1,3141,3255,0,5,55,22,3,49,50
4737,short_grass_3,3142,3255,0,6,55,22,3,49,50
4737,short_grass_3,3143,3255,0,7,55,22,0,49,50
4738,short_grass_4,3144,3255,0,8,55,22,2,49,50
4738,short_grass_4,3145,3255,0,9,55,22,0,49,50
4738,short_grass_4,3146,3255,0,10,55,22,3,49,50
2767,rare_trees_icon,3147,3255,0,11,55,22,0,49,50
4735,short_grass_1,3148,3255,0,12,55,22,0,49,50
4736,short_grass_2,3149,3255,0,13,55,22,1,49,50
4735,short_grass_1,3150,3255,0,14,55,22,1,49,50
4736,short_grass_2,3151,3255,0,15,55,22,0,49,50
4737,short_grass_3,3152,3255,0,16,55,22,0,49,50
1189,daisys,3153,3255,0,17,55,10,2,49,50
4736,short_grass_2,3153,3255,0,17,55,22,1,49,50
4735,short_grass_1,3155,3255,0,19,55,22,2,49,50
4736,short_grass_2,3156,3255,0,20,55,22,0,49,50
4738,short_grass_4,3157,3255,0,21,55,22,0,49,50
4737,short_grass_3,3158,3255,0,22,55,22,1,49,50
4736,short_grass_2,3159,3255,0,23,55,22,1,49,50
4735,short_grass_1,3160,3255,0,24,55,22,3,49,50
185,dugupsoil2_upass,3165,3255,0,29,55,22,2,49,50
185,dugupsoil2_upass,3166,3255,0,30,55,22,3,49,50
1247,broken_twig,3176,3255,0,40,55,22,0,49,50
4735,short_grass_1,3178,3255,0,42,55,22,1,49,50
1276,tree,3179,3255,0,43,55,10,0,49,50
4736,short_grass_2,3179,3255,0,43,55,22,0,49,50
4738,short_grass_4,3180,3255,0,44,55,22,0,49,50
4738,short_grass_4,3181,3255,0,45,55,22,2,49,50
4737,short_grass_3,3182,3255,0,46,55,22,0,49,50
4737,short_grass_3,3183,3255,0,47,55,22,1,49,50
4736,short_grass_2,3184,3255,0,48,55,22,1,49,50
1299,fern1,3185,3255,0,49,55,10,2,49,50
4735,short_grass_1,3185,3255,0,49,55,22,3,49,50
1247,broken_twig,3188,3255,0,52,55,22,3,49,50
1246,full_twig,3190,3255,0,54,55,22,3,49,50
1278,tree2,3190,3255,0,54,55,10,1,49,50
1247,broken_twig,3191,3255,0,55,55,22,0,49,50
1174,thistle,3196,3255,0,60,55,10,0,49,50
325,dugupsoil2_light2,3198,3255,0,62,55,22,1,49,50
1278,tree2,3200,3255,0,0,55,10,0,50,50
4736,short_grass_2,3201,3255,0,1,55,22,3,50,50
4737,short_grass_3,3202,3255,0,2,55,22,2,50,50
4737,short_grass_3,3203,3255,0,3,55,22,2,50,50
4735,short_grass_1,3204,3255,0,4,55,22,2,50,50
4737,short_grass_3,3205,3255,0,5,55,22,2,50,50
4736,short_grass_2,3206,3255,0,6,55,22,2,50,50
16438,randomsound_woodland_ambience,3207,3255,0,7,55,22,0,50,50
4735,short_grass_1,3209,3255,0,9,55,22,2,50,50
4736,short_grass_2,3210,3255,0,10,55,22,3,50,50
4737,short_grass_3,3211,3255,0,11,55,22,2,50,50
4736,short_grass_2,3212,3255,0,12,55,22,2,50,50
4735,short_grass_1,3213,3255,0,13,55,22,2,50,50
4735,short_grass_1,3215,3255,0,15,55,22,0,50,50
336,dugupsoil2_grey,3218,3255,0,18,55,22,2,50,50
4735,short_grass_1,3220,3255,0,20,55,22,3,50,50
1602,timberwall,3221,3255,0,21,55,3,1,50,50
5662,roofedge_rough,3221,3255,1,21,55,18,2,50,50
917,poorrug1corner,3222,3255,0,22,55,22,0,50,50
1924,roof_redslate,3222,3255,1,22,55,12,2,50,50
918,poorrug1side,3223,3255,0,23,55,22,0,50,50
1924,roof_redslate,3223,3255,2,23,55,12,2,50,50
918,poorrug1side,3224,3255,0,24,55,22,0,50,50
1924,roof_redslate,3224,3255,2,24,55,12,0,50,50
917,poorrug1corner,3225,3255,0,25,55,22,1,50,50
1924,roof_redslate,3225,3255,1,25,55,17,2,50,50
24011,fai_falador_furnace_door_right_mirror,3226,3255,0,26,55,0,2,50,50
1924,roof_redslate,3226,3255,1,26,55,17,2,50,50
179,gravel_1,3227,3255,0,27,55,22,2,50,50
24012,fai_falador_furnace_glow,3227,3255,0,27,55,10,1,50,50
1924,roof_redslate,3227,3255,1,27,55,17,2,50,50
179,gravel_1,3228,3255,0,28,55,22,0,50,50
24010,fai_falador_furnace_door_left,3228,3255,0,28,55,0,0,50,50
1924,roof_redslate,3228,3255,1,28,55,12,0,50,50
1902,brickwall,3229,3255,0,29,55,2,3,50,50
5535,short_grass_4_wall_corner,3229,3255,0,29,55,22,0,50,50
1790,roofedge_redslate,3229,3255,1,29,55,20,3,50,50
1902,brickwall,3230,3255,0,30,55,1,3,50,50
4736,short_grass_2,3230,3255,0,30,55,22,1,50,50
1790,roofedge_redslate,3230,3255,1,30,55,19,3,50,50
980,fencing,3231,3255,0,31,55,0,0,50,50
4734,riverbank_dugupsoil5,3233,3255,0,33,55,22,2,50,50
4734,riverbank_dugupsoil5,3234,3255,0,34,55,22,3,50,50
38848,inviswall,3235,3255,0,35,55,9,3,50,50
5605,rock_pool_small,3237,3255,0,37,55,10,2,50,50
4735,short_grass_1,3244,3255,0,44,55,22,2,50,50
4735,short_grass_1,3245,3255,0,45,55,22,1,50,50
16433,randomsound_song_birds,3246,3255,0,46,55,22,0,50,50
4735,short_grass_1,3247,3255,0,47,55,22,0,50,50
4735,short_grass_1,3248,3255,0,48,55,22,1,50,50
4737,short_grass_3,3252,3255,0,52,55,22,3,50,50
980,fencing,3253,3255,0,53,55,0,0,50,50
4738,short_grass_4,3253,3255,0,53,55,22,0,50,50
4737,short_grass_3,3254,3255,0,54,55,22,0,50,50
4737,short_grass_3,3255,3255,0,55,55,22,0,50,50
4737,short_grass_3,3256,3255,0,56,55,22,0,50,50
4738,short_grass_4,3257,3255,0,57,55,22,3,50,50
4737,short_grass_3,3258,3255,0,58,55,22,0,50,50
4738,short_grass_4,3259,3255,0,59,55,22,0,50,50
4737,short_grass_3,3260,3255,0,60,55,22,0,50,50
4738,short_grass_4,3261,3255,0,61,55,22,2,50,50
4738,short_grass_4,3262,3255,0,62,55,22,0,50,50
4738,short_grass_4,3263,3255,0,63,55,22,0,50,50
4735,short_grass_1,3141,3256,0,5,56,22,2,49,50
4737,short_grass_3,3142,3256,0,6,56,22,3,49,50
4735,short_grass_1,3143,3256,0,7,56,22,1,49,50
4737,short_grass_3,3144,3256,0,8,56,22,0,49,50
4738,short_grass_4,3145,3256,0,9,56,22,0,49,50
4736,short_grass_2,3146,3256,0,10,56,22,1,49,50
4735,short_grass_1,3147,3256,0,11,56,22,0,49,50
4735,short_grass_1,3148,3256,0,12,56,22,0,49,50
4735,short_grass_1,3149,3256,0,13,56,22,1,49,50
4735,short_grass_1,3155,3256,0,19,56,22,1,49,50
4736,short_grass_2,3156,3256,0,20,56,22,0,49,50
4737,short_grass_3,3157,3256,0,21,56,22,0,49,50
4737,short_grass_3,3158,3256,0,22,56,22,1,49,50
4735,short_grass_1,3159,3256,0,23,56,22,2,49,50
1278,tree2,3172,3256,0,36,56,10,2,49,50
1247,broken_twig,3173,3256,0,37,56,22,0,49,50
4735,short_grass_1,3178,3256,0,42,56,22,2,49,50
1246,full_twig,3179,3256,0,43,56,22,3,49,50
4737,short_grass_3,3180,3256,0,44,56,22,3,49,50
4738,short_grass_4,3181,3256,0,45,56,22,3,49,50
4737,short_grass_3,3182,3256,0,46,56,22,1,49,50
4736,short_grass_2,3183,3256,0,47,56,22,1,49,50
4735,short_grass_1,3184,3256,0,48,56,22,1,49,50
4735,short_grass_1,3185,3256,0,49,56,22,2,49,50
1247,broken_twig,3190,3256,0,54,56,22,3,49,50
12983,qip_sheep_shearer_fencing,3193,3256,0,57,56,1,1,49,50
12983,qip_sheep_shearer_fencing,3194,3256,0,58,56,0,1,49,50
1393,plant3,3195,3256,0,59,56,10,0,49,50
12983,qip_sheep_shearer_fencing,3195,3256,0,59,56,0,1,49,50
12983,qip_sheep_shearer_fencing,3196,3256,0,60,56,0,1,49,50
12983,qip_sheep_shearer_fencing,3197,3256,0,61,56,0,1,49,50
12983,qip_sheep_shearer_fencing,3198,3256,0,62,56,0,1,49,50
12983,qip_sheep_shearer_fencing,3199,3256,0,63,56,0,1,49,50
5533,short_grass_3_wall_edge,3200,3256,0,0,56,22,1,50,50
12983,qip_sheep_shearer_fencing,3200,3256,0,0,56,0,1,50,50
5533,short_grass_3_wall_edge,3201,3256,0,1,56,22,1,50,50
12983,qip_sheep_shearer_fencing,3201,3256,0,1,56,0,1,50,50
5534,short_grass_4_wall_edge,3202,3256,0,2,56,22,1,50,50
12983,qip_sheep_shearer_fencing,3202,3256,0,2,56,0,1,50,50
5534,short_grass_4_wall_edge,3203,3256,0,3,56,22,1,50,50
12983,qip_sheep_shearer_fencing,3203,3256,0,3,56,0,1,50,50
5533,short_grass_3_wall_edge,3204,3256,0,4,56,22,1,50,50
12983,qip_sheep_shearer_fencing,3204,3256,0,4,56,0,1,50,50
5534,short_grass_4_wall_edge,3205,3256,0,5,56,22,1,50,50
12983,qip_sheep_shearer_fencing,3205,3256,0,5,56,0,1,50,50
5533,short_grass_3_wall_edge,3206,3256,0,6,56,22,1,50,50
12983,qip_sheep_shearer_fencing,3206,3256,0,6,56,0,1,50,50
5533,short_grass_3_wall_edge,3207,3256,0,7,56,22,1,50,50
12983,qip_sheep_shearer_fencing,3207,3256,0,7,56,0,1,50,50
5533,short_grass_3_wall_edge,3208,3256,0,8,56,22,1,50,50
12983,qip_sheep_shearer_fencing,3208,3256,0,8,56,0,1,50,50
5534,short_grass_4_wall_edge,3209,3256,0,9,56,22,1,50,50
12983,qip_sheep_shearer_fencing,3209,3256,0,9,56,0,1,50,50
5533,short_grass_3_wall_edge,3210,3256,0,10,56,22,1,50,50
12983,qip_sheep_shearer_fencing,3210,3256,0,10,56,0,1,50,50
5534,short_grass_4_wall_edge,3211,3256,0,11,56,22,1,50,50
12983,qip_sheep_shearer_fencing,3211,3256,0,11,56,0,1,50,50
5533,short_grass_3_wall_edge,3212,3256,0,12,56,22,1,50,50
12983,qip_sheep_shearer_fencing,3212,3256,0,12,56,0,1,50,50
4736,short_grass_2,3213,3256,0,13,56,22,2,50,50
12983,qip_sheep_shearer_fencing,3213,3256,0,13,56,3,0,50,50
981,gardenfencing,3219,3256,0,19,56,3,1,50,50
1844,brokenshutterwindow1,3221,3256,0,21,56,5,2,50,50
1902,brickwall,3221,3256,0,21,56,0,2,50,50
5536,short_grass_wall_edge_2,3221,3256,0,21,56,22,3,50,50
5663,roofedge_rough2,3221,3256,1,21,56,18,2,50,50
179,gravel_1,3222,3256,0,22,56,22,2,50,50
1838,shutterwindow,3222,3256,0,22,56,4,0,50,50
1924,roof_redslate,3222,3256,1,22,56,12,2,50,50
1102,stool,3223,3256,0,23,56,10,0,50,50
1924,roof_redslate,3223,3256,2,23,56,12,2,50,50
1924,roof_redslate,3224,3256,2,24,56,12,0,50,50
2099,furnace2,3225,3256,0,25,56,10,1,50,50
1924,roof_redslate,3225,3256,1,25,56,17,2,50,50
180,gravel_3,3226,3256,0,26,56,22,2,50,50
24009,fai_falador_furnace,3226,3256,0,26,56,10,1,50,50
1924,roof_redslate,3226,3256,1,26,56,17,2,50,50
1924,roof_redslate,3227,3256,1,27,56,17,2,50,50
180,gravel_3,3228,3256,0,28,56,22,2,50,50
1924,roof_redslate,3228,3256,1,28,56,12,0,50,50
1902,brickwall,3229,3256,0,29,56,0,0,50,50
5534,short_grass_4_wall_edge,3229,3256,0,29,56,22,0,50,50
5663,roofedge_rough2,3229,3256,1,29,56,18,0,50,50
4735,short_grass_1,3230,3256,0,30,56,22,1,50,50
980,fencing,3231,3256,0,31,56,0,0,50,50
4734,riverbank_dugupsoil5,3232,3256,0,32,56,22,2,50,50
4733,riverbank_dugupsoil4,3233,3256,0,33,56,22,0,50,50
44603,blankwall_no_blockrange,3234,3256,0,34,56,9,3,50,50
44603,blankwall_no_blockrange,3237,3256,0,37,56,9,0,50,50
44603,blankwall_no_blockrange,3238,3256,0,38,56,0,1,50,50
4737,short_grass_3,3244,3256,0,44,56,22,2,50,50
4737,short_grass_3,3245,3256,0,45,56,22,2,50,50
1276,tree,3246,3256,0,46,56,10,1,50,50
4736,short_grass_2,3246,3256,0,46,56,22,2,50,50
1299,fern1,3248,3256,0,48,56,10,1,50,50
4737,short_grass_3,3252,3256,0,52,56,22,3,50,50
980,fencing,3253,3256,0,53,56,0,0,50,50
4738,short_grass_4,3253,3256,0,53,56,22,3,50,50
4737,short_grass_3,3254,3256,0,54,56,22,1,50,50
4736,short_grass_2,3255,3256,0,55,56,22,1,50,50
4735,short_grass_1,3256,3256,0,56,56,22,1,50,50
301,foodtrough,3257,3256,0,57,56,10,0,50,50
4737,short_grass_3,3259,3256,0,59,56,22,0,50,50
301,foodtrough,3260,3256,0,60,56,10,0,50,50
4737,short_grass_3,3261,3256,0,61,56,22,0,50,50
4738,short_grass_4,3262,3256,0,62,56,22,3,50,50
4737,short_grass_3,3263,3256,0,63,56,22,0,50,50
4735,short_grass_1,3142,3257,0,6,57,22,1,49,50
1276,tree,3143,3257,0,7,57,10,0,49,50
4735,short_grass_1,3143,3257,0,7,57,22,2,49,50
4735,short_grass_1,3144,3257,0,8,57,22,0,49,50
4737,short_grass_3,3145,3257,0,9,57,22,0,49,50
4735,short_grass_1,3146,3257,0,10,57,22,3,49,50
4735,short_grass_1,3147,3257,0,11,57,22,3,49,50
1392,plant2,3155,3257,0,19,57,10,0,49,50
4737,short_grass_3,3157,3257,0,21,57,22,2,49,50
1189,daisys,3158,3257,0,22,57,10,3,49,50
4736,short_grass_2,3158,3257,0,22,57,22,2,49,50
4735,short_grass_1,3159,3257,0,23,57,22,2,49,50
1247,broken_twig,3172,3257,0,36,57,22,2,49,50
1246,full_twig,3173,3257,0,37,57,22,2,49,50
4735,short_grass_1,3178,3257,0,42,57,22,0,49,50
4737,short_grass_3,3179,3257,0,43,57,22,3,49,50
4735,short_grass_1,3180,3257,0,44,57,22,1,49,50
4737,short_grass_3,3181,3257,0,45,57,22,2,49,50
1247,broken_twig,3182,3257,0,46,57,22,2,49,50
1276,tree,3182,3257,0,46,57,10,1,49,50
4735,short_grass_1,3183,3257,0,47,57,22,2,49,50
4735,short_grass_1,3184,3257,0,48,57,22,3,49,50
12983,qip_sheep_shearer_fencing,3192,3257,0,56,57,1,1,49,50
12983,qip_sheep_shearer_fencing,3193,3257,0,57,57,9,1,49,50
4735,short_grass_1,3196,3257,0,60,57,22,0,49,50
4735,short_grass_1,3197,3257,0,61,57,22,0,49,50
4737,short_grass_3,3198,3257,0,62,57,22,3,49,50
4737,short_grass_3,3199,3257,0,63,57,22,3,49,50
4738,short_grass_4,3200,3257,0,0,57,22,1,50,50
4738,short_grass_4,3201,3257,0,1,57,22,0,50,50
4738,short_grass_4,3202,3257,0,2,57,22,0,50,50
4738,short_grass_4,3203,3257,0,3,57,22,3,50,50
365,sacks,3204,3257,0,4,57,10,3,50,50
4737,short_grass_3,3204,3257,0,4,57,22,0,50,50
301,foodtrough,3205,3257,0,5,57,10,0,50,50
4736,short_grass_2,3205,3257,0,5,57,22,1,50,50
4735,short_grass_1,3206,3257,0,6,57,22,3,50,50
4735,short_grass_1,3207,3257,0,7,57,22,0,50,50
301,foodtrough,3208,3257,0,8,57,10,0,50,50
4736,short_grass_2,3208,3257,0,8,57,22,0,50,50
4737,short_grass_3,3209,3257,0,9,57,22,3,50,50
4738,short_grass_4,3210,3257,0,10,57,22,2,50,50
301,foodtrough,3211,3257,0,11,57,10,0,50,50
4738,short_grass_4,3211,3257,0,11,57,22,2,50,50
4738,short_grass_4,3212,3257,0,12,57,22,0,50,50
5533,short_grass_3_wall_edge,3213,3257,0,13,57,22,0,50,50
12983,qip_sheep_shearer_fencing,3213,3257,0,13,57,0,0,50,50
1299,fern1,3218,3257,0,18,57,10,0,50,50
980,fencing,3219,3257,0,19,57,0,2,50,50
4735,short_grass_1,3220,3257,0,20,57,22,1,50,50
1902,brickwall,3221,3257,0,21,57,0,2,50,50
5533,short_grass_3_wall_edge,3221,3257,0,21,57,22,2,50,50
5662,roofedge_rough,3221,3257,1,21,57,18,2,50,50
610,workbench2,3222,3257,0,22,57,10,0,50,50
1924,roof_redslate,3222,3257,1,22,57,16,2,50,50
1838,shutterwindow,3223,3257,0,23,57,4,1,50,50
54134,roof_wooden_small_filler,3223,3257,1,23,57,17,3,50,50
1924,roof_redslate,3223,3257,2,23,57,12,2,50,50
179,gravel_1,3224,3257,0,24,57,22,3,50,50
2098,blacksmithtools,3224,3257,0,24,57,4,1,50,50
54134,roof_wooden_small_filler,3224,3257,1,24,57,17,3,50,50
1924,roof_redslate,3224,3257,2,24,57,12,0,50,50
1102,stool,3225,3257,0,25,57,10,1,50,50
1924,roof_redslate,3225,3257,1,25,57,12,3,50,50
1924,roof_redslate,3226,3257,1,26,57,12,3,50,50
2742,furnace_icon,3227,3257,0,27,57,22,0,50,50
1927,roof_chimney_redslate,3227,3257,1,27,57,12,3,50,50
1924,roof_redslate,3228,3257,1,28,57,16,3,50,50
1902,brickwall,3229,3257,0,29,57,0,0,50,50
5533,short_grass_3_wall_edge,3229,3257,0,29,57,22,0,50,50
5662,roofedge_rough,3229,3257,1,29,57,18,0,50,50
4735,short_grass_1,3230,3257,0,30,57,22,1,50,50
980,fencing,3231,3257,0,31,57,0,0,50,50
4733,riverbank_dugupsoil4,3232,3257,0,32,57,22,1,50,50
44603,blankwall_no_blockrange,3234,3257,0,34,57,0,0,50,50
5606,rock_pool_bits,3236,3257,0,36,57,10,1,50,50
44603,blankwall_no_blockrange,3238,3257,0,38,57,9,1,50,50
10791,boulder2,3241,3257,0,41,57,10,1,50,50
4735,short_grass_1,3242,3257,0,42,57,22,0,50,50
4737,short_grass_3,3243,3257,0,43,57,22,3,50,50
4738,short_grass_4,3244,3257,0,44,57,22,1,50,50
4738,short_grass_4,3245,3257,0,45,57,22,2,50,50
4737,short_grass_3,3246,3257,0,46,57,22,1,50,50
4735,short_grass_1,3247,3257,0,47,57,22,0,50,50
4735,short_grass_1,3248,3257,0,48,57,22,2,50,50
4736,short_grass_2,3252,3257,0,52,57,22,0,50,50
980,fencing,3253,3257,0,53,57,0,0,50,50
4738,short_grass_4,3253,3257,0,53,57,22,2,50,50
4737,short_grass_3,3254,3257,0,54,57,22,1,50,50
4735,short_grass_1,3255,3257,0,55,57,22,3,50,50
4735,short_grass_1,3256,3257,0,56,57,22,0,50,50
4735,short_grass_1,3257,3257,0,57,57,22,1,50,50
4736,short_grass_2,3258,3257,0,58,57,22,3,50,50
4737,short_grass_3,3259,3257,0,59,57,22,2,50,50
4736,short_grass_2,3260,3257,0,60,57,22,2,50,50
4735,short_grass_1,3261,3257,0,61,57,22,1,50,50
4737,short_grass_3,3262,3257,0,62,57,22,0,50,50
4735,short_grass_1,3263,3257,0,63,57,22,3,50,50
1392,plant2,3138,3258,0,2,58,10,1,49,50
1247,broken_twig,3143,3258,0,7,58,22,0,49,50
4735,short_grass_1,3144,3258,0,8,58,22,0,49,50
4735,short_grass_1,3145,3258,0,9,58,22,3,49,50
4736,short_grass_2,3149,3258,0,13,58,22,3,49,50
4736,short_grass_2,3150,3258,0,14,58,22,2,49,50
1246,full_twig,3151,3258,0,15,58,22,0,49,50
10820,oaktree,3151,3258,0,15,58,10,0,49,50
1247,broken_twig,3153,3258,0,17,58,22,3,49,50
4736,short_grass_2,3156,3258,0,20,58,22,3,49,50
4737,short_grass_3,3157,3258,0,21,58,22,0,49,50
4738,short_grass_4,3158,3258,0,22,58,22,3,49,50
4736,short_grass_2,3159,3258,0,23,58,22,2,49,50
4736,short_grass_2,3169,3258,0,33,58,22,3,49,50
4736,short_grass_2,3170,3258,0,34,58,22,3,49,50
4737,short_grass_3,3171,3258,0,35,58,22,2,49,50
4737,short_grass_3,3173,3258,0,37,58,22,2,49,50
4736,short_grass_2,3174,3258,0,38,58,22,2,49,50
4735,short_grass_1,3179,3258,0,43,58,22,3,49,50
4736,short_grass_2,3180,3258,0,44,58,22,0,49,50
4735,short_grass_1,3181,3258,0,45,58,22,3,49,50
1247,broken_twig,3182,3258,0,46,58,22,0,49,50
1246,full_twig,3183,3258,0,47,58,22,3,49,50
12983,qip_sheep_shearer_fencing,3192,3258,0,56,58,0,2,49,50
4735,short_grass_1,3197,3258,0,61,58,22,0,49,50
1189,daisys,3198,3258,0,62,58,10,2,49,50
4736,short_grass_2,3198,3258,0,62,58,22,0,49,50
4737,short_grass_3,3199,3258,0,63,58,22,3,49,50
4738,short_grass_4,3200,3258,0,0,58,22,0,50,50
4738,short_grass_4,3201,3258,0,1,58,22,1,50,50
4737,short_grass_3,3202,3258,0,2,58,22,0,50,50
4736,short_grass_2,3203,3258,0,3,58,22,1,50,50
4735,short_grass_1,3204,3258,0,4,58,22,2,50,50
365,sacks,3205,3258,0,5,58,10,2,50,50
4737,short_grass_3,3205,3258,0,5,58,22,2,50,50
4737,short_grass_3,3206,3258,0,6,58,22,2,50,50
4737,short_grass_3,3207,3258,0,7,58,22,2,50,50
4735,short_grass_1,3208,3258,0,8,58,22,1,50,50
4736,short_grass_2,3209,3258,0,9,58,22,0,50,50
4737,short_grass_3,3210,3258,0,10,58,22,0,50,50
4738,short_grass_4,3211,3258,0,11,58,22,3,50,50
4738,short_grass_4,3212,3258,0,12,58,22,1,50,50
5534,short_grass_4_wall_edge,3213,3258,0,13,58,22,0,50,50
12983,qip_sheep_shearer_fencing,3213,3258,0,13,58,0,0,50,50
4737,short_grass_3,3214,3258,0,14,58,22,1,50,50
4735,short_grass_1,3218,3258,0,18,58,22,0,50,50
980,fencing,3219,3258,0,19,58,1,2,50,50
980,fencing,3220,3258,0,20,58,9,2,50,50
1902,brickwall,3221,3258,0,21,58,1,2,50,50
4736,short_grass_2,3221,3258,0,21,58,22,0,50,50
1790,roofedge_redslate,3221,3258,1,21,58,21,2,50,50
1902,brickwall,3222,3258,0,22,58,0,3,50,50
5533,short_grass_3_wall_edge,3222,3258,0,22,58,22,3,50,50
5663,roofedge_rough2,3222,3258,1,22,58,18,3,50,50
1838,shutterwindow,3223,3258,0,23,58,5,3,50,50
1902,brickwall,3223,3258,0,23,58,0,3,50,50
5534,short_grass_4_wall_edge,3223,3258,0,23,58,22,3,50,50
1923,roofwallfiller,3223,3258,1,23,58,0,3,50,50
5651,roofedge_al,3223,3258,2,23,58,0,3,50,50
1902,brickwall,3224,3258,0,24,58,0,3,50,50
5533,short_grass_3_wall_edge,3224,3258,0,24,58,22,3,50,50
1923,roofwallfiller,3224,3258,1,24,58,0,3,50,50
5653,roofedge_all,3224,3258,2,24,58,0,3,50,50
1902,brickwall,3225,3258,0,25,58,0,3,50,50
5534,short_grass_4_wall_edge,3225,3258,0,25,58,22,3,50,50
5662,roofedge_rough,3225,3258,1,25,58,18,3,50,50
1902,brickwall,3226,3258,0,26,58,0,3,50,50
5533,short_grass_3_wall_edge,3226,3258,0,26,58,22,3,50,50
5662,roofedge_rough,3226,3258,1,26,58,18,3,50,50
1838,shutterwindow,3227,3258,0,27,58,5,3,50,50
1902,brickwall,3227,3258,0,27,58,0,3,50,50
5534,short_grass_4_wall_edge,3227,3258,0,27,58,22,3,50,50
5663,roofedge_rough2,3227,3258,1,27,58,18,3,50,50
1902,brickwall,3228,3258,0,28,58,0,3,50,50
5533,short_grass_3_wall_edge,3228,3258,0,28,58,22,3,50,50
5662,roofedge_rough,3228,3258,1,28,58,18,3,50,50
1902,brickwall,3229,3258,0,29,58,1,3,50,50
4736,short_grass_2,3229,3258,0,29,58,22,1,50,50
1790,roofedge_redslate,3229,3258,1,29,58,21,3,50,50
980,fencing,3230,3258,0,30,58,9,3,50,50
980,fencing,3231,3258,0,31,58,1,3,50,50
4734,riverbank_dugupsoil5,3232,3258,0,32,58,22,3,50,50
44603,blankwall_no_blockrange,3234,3258,0,34,58,0,0,50,50
44603,blankwall_no_blockrange,3238,3258,0,38,58,0,0,50,50
4735,short_grass_1,3242,3258,0,42,58,22,1,50,50
4737,short_grass_3,3243,3258,0,43,58,22,3,50,50
4738,short_grass_4,3244,3258,0,44,58,22,0,50,50
4738,short_grass_4,3245,3258,0,45,58,22,3,50,50
4735,short_grass_1,3247,3258,0,47,58,22,1,50,50
336,dugupsoil2_grey,3250,3258,0,50,58,22,3,50,50
980,fencing,3253,3258,0,53,58,0,0,50,50
4737,short_grass_3,3253,3258,0,53,58,22,1,50,50
4735,short_grass_1,3254,3258,0,54,58,22,3,50,50
4735,short_grass_1,3255,3258,0,55,58,22,0,50,50
4735,short_grass_1,3256,3258,0,56,58,22,1,50,50
4735,short_grass_1,3257,3258,0,57,58,22,3,50,50
4737,short_grass_3,3258,3258,0,58,58,22,2,50,50
4737,short_grass_3,3259,3258,0,59,58,22,2,50,50
4737,short_grass_3,3260,3258,0,60,58,22,2,50,50
4735,short_grass_1,3261,3258,0,61,58,22,3,50,50
4735,short_grass_1,3262,3258,0,62,58,22,2,50,50
4735,short_grass_1,3263,3258,0,63,58,22,0,50,50
4735,short_grass_1,3141,3259,0,5,59,22,2,49,50
4735,short_grass_1,3145,3259,0,9,59,22,3,49,50
1189,daisys,3149,3259,0,13,59,10,0,49,50
4736,short_grass_2,3149,3259,0,13,59,22,0,49,50
4736,short_grass_2,3150,3259,0,14,59,22,1,49,50
1246,full_twig,3151,3259,0,15,59,22,3,49,50
1247,broken_twig,3153,3259,0,17,59,22,3,49,50
1189,daisys,3156,3259,0,20,59,10,1,49,50
4737,short_grass_3,3156,3259,0,20,59,22,3,49,50
4738,short_grass_4,3157,3259,0,21,59,22,0,49,50
4738,short_grass_4,3158,3259,0,22,59,22,2,49,50
1392,plant2,3159,3259,0,23,59,10,2,49,50
4738,short_grass_4,3159,3259,0,23,59,22,1,49,50
4736,short_grass_2,3160,3259,0,24,59,22,2,49,50
1246,full_twig,3165,3259,0,29,59,22,2,49,50
10820,oaktree,3165,3259,0,29,59,10,1,49,50
1247,broken_twig,3166,3259,0,30,59,22,1,49,50
1248,sticks_twigs,3167,3259,0,31,59,22,2,49,50
4736,short_grass_2,3168,3259,0,32,59,22,3,49,50
4737,short_grass_3,3169,3259,0,33,59,22,3,49,50
1189,daisys,3170,3259,0,34,59,10,0,49,50
4738,short_grass_4,3170,3259,0,34,59,22,1,49,50
4738,short_grass_4,3171,3259,0,35,59,22,1,49,50
1189,daisys,3172,3259,0,36,59,11,3,49,50
4738,short_grass_4,3172,3259,0,36,59,22,3,49,50
4738,short_grass_4,3173,3259,0,37,59,22,0,49,50
4737,short_grass_3,3174,3259,0,38,59,22,1,49,50
1299,fern1,3177,3259,0,41,59,10,2,49,50
4735,short_grass_1,3180,3259,0,44,59,22,0,49,50
4736,short_grass_2,3181,3259,0,45,59,22,1,49,50
4735,short_grass_1,3182,3259,0,46,59,22,3,49,50
1276,tree,3185,3259,0,49,59,10,2,49,50
1247,broken_twig,3186,3259,0,50,59,22,1,49,50
1278,tree2,3188,3259,0,52,59,10,3,49,50
1247,broken_twig,3189,3259,0,53,59,22,0,49,50
12983,qip_sheep_shearer_fencing,3191,3259,0,55,59,1,1,49,50
12983,qip_sheep_shearer_fencing,3192,3259,0,56,59,9,1,49,50
4735,short_grass_1,3198,3259,0,62,59,22,0,49,50
4736,short_grass_2,3199,3259,0,63,59,22,0,49,50
4737,short_grass_3,3200,3259,0,0,59,22,0,50,50
4737,short_grass_3,3201,3259,0,1,59,22,0,50,50
4736,short_grass_2,3202,3259,0,2,59,22,1,50,50
4735,short_grass_1,3203,3259,0,3,59,22,1,50,50
4736,short_grass_2,3204,3259,0,4,59,22,3,50,50
4738,short_grass_4,3205,3259,0,5,59,22,0,50,50
4738,short_grass_4,3206,3259,0,6,59,22,2,50,50
4738,short_grass_4,3207,3259,0,7,59,22,2,50,50
4736,short_grass_2,3208,3259,0,8,59,22,2,50,50
4735,short_grass_1,3209,3259,0,9,59,22,1,50,50
4736,short_grass_2,3210,3259,0,10,59,22,0,50,50
4737,short_grass_3,3211,3259,0,11,59,22,0,50,50
4738,short_grass_4,3212,3259,0,12,59,22,0,50,50
5533,short_grass_3_wall_edge,3213,3259,0,13,59,22,0,50,50
12983,qip_sheep_shearer_fencing,3213,3259,0,13,59,0,0,50,50
4736,short_grass_2,3214,3259,0,14,59,22,1,50,50
4735,short_grass_1,3218,3259,0,18,59,22,1,50,50
4735,short_grass_1,3219,3259,0,19,59,22,1,50,50
980,fencing,3220,3259,0,20,59,1,2,50,50
980,fencing,3221,3259,0,21,59,9,2,50,50
4735,short_grass_1,3222,3259,0,22,59,22,1,50,50
4737,short_grass_3,3223,3259,0,23,59,22,0,50,50
4735,short_grass_1,3224,3259,0,24,59,22,1,50,50
4737,short_grass_3,3225,3259,0,25,59,22,0,50,50
4735,short_grass_1,3226,3259,0,26,59,22,1,50,50
4737,short_grass_3,3227,3259,0,27,59,22,0,50,50
4735,short_grass_1,3228,3259,0,28,59,22,1,50,50
980,fencing,3229,3259,0,29,59,9,3,50,50
980,fencing,3230,3259,0,30,59,1,3,50,50
4734,riverbank_dugupsoil5,3232,3259,0,32,59,22,0,50,50
44603,blankwall_no_blockrange,3234,3259,0,34,59,0,0,50,50
3547,regicide_grass1,3237,3259,0,37,59,22,2,50,50
44603,blankwall_no_blockrange,3238,3259,0,38,59,0,0,50,50
10791,boulder2,3240,3259,0,40,59,10,0,50,50
10790,boulder1,3242,3259,0,42,59,10,0,50,50
4736,short_grass_2,3243,3259,0,43,59,22,0,50,50
4737,short_grass_3,3244,3259,0,44,59,22,0,50,50
4737,short_grass_3,3245,3259,0,45,59,22,0,50,50
1276,tree,3246,3259,0,46,59,10,2,50,50
4736,short_grass_2,3246,3259,0,46,59,22,1,50,50
4735,short_grass_1,3249,3259,0,49,59,22,3,50,50
980,fencing,3253,3259,0,53,59,0,0,50,50
4737,short_grass_3,3253,3259,0,53,59,22,1,50,50
4735,short_grass_1,3254,3259,0,54,59,22,2,50,50
4735,short_grass_1,3256,3259,0,56,59,22,0,50,50
4736,short_grass_2,3257,3259,0,57,59,22,3,50,50
4738,short_grass_4,3258,3259,0,58,59,22,2,50,50
4738,short_grass_4,3259,3259,0,59,59,22,0,50,50
4738,short_grass_4,3260,3259,0,60,59,22,1,50,50
4736,short_grass_2,3261,3259,0,61,59,22,2,50,50
4735,short_grass_1,3262,3259,0,62,59,22,3,50,50
4735,short_grass_1,3263,3259,0,63,59,22,0,50,50
4735,short_grass_1,3141,3260,0,5,60,22,0,49,50
4735,short_grass_1,3144,3260,0,8,60,22,2,49,50
4735,short_grass_1,3145,3260,0,9,60,22,3,49,50
4735,short_grass_1,3146,3260,0,10,60,22,0,49,50
1248,sticks_twigs,3151,3260,0,15,60,22,1,49,50
1247,broken_twig,3152,3260,0,16,60,22,2,49,50
1247,broken_twig,3153,3260,0,17,60,22,0,49,50
4735,short_grass_1,3154,3260,0,18,60,22,2,49,50
4737,short_grass_3,3156,3260,0,20,60,22,3,49,50
4738,short_grass_4,3157,3260,0,21,60,22,0,49,50
4738,short_grass_4,3158,3260,0,22,60,22,3,49,50
4738,short_grass_4,3159,3260,0,23,60,22,1,49,50
4737,short_grass_3,3160,3260,0,24,60,22,1,49,50
1247,broken_twig,3165,3260,0,29,60,22,2,49,50
4736,short_grass_2,3168,3260,0,32,60,22,0,49,50
1189,daisys,3169,3260,0,33,60,10,1,49,50
4738,short_grass_4,3169,3260,0,33,60,22,3,49,50
4738,short_grass_4,3170,3260,0,34,60,22,1,49,50
4738,short_grass_4,3171,3260,0,35,60,22,2,49,50
4738,short_grass_4,3172,3260,0,36,60,22,2,49,50
4738,short_grass_4,3173,3260,0,37,60,22,0,49,50
4736,short_grass_2,3174,3260,0,38,60,22,1,49,50
1298,fern,3176,3260,0,40,60,10,0,49,50
1189,daisys,3179,3260,0,43,60,10,2,49,50
4735,short_grass_1,3180,3260,0,44,60,22,2,49,50
4735,short_grass_1,3181,3260,0,45,60,22,0,49,50
1246,full_twig,3185,3260,0,49,60,22,1,49,50
1247,broken_twig,3188,3260,0,52,60,22,0,49,50
1246,full_twig,3189,3260,0,53,60,22,3,49,50
4736,short_grass_2,3191,3260,0,55,60,22,3,49,50
12983,qip_sheep_shearer_fencing,3191,3260,0,55,60,0,2,49,50
4736,short_grass_2,3192,3260,0,56,60,22,2,49,50
1189,daisys,3194,3260,0,58,60,10,3,49,50
4735,short_grass_1,3199,3260,0,63,60,22,0,49,50
4735,short_grass_1,3200,3260,0,0,60,22,3,50,50
4735,short_grass_1,3201,3260,0,1,60,22,0,50,50
1174,thistle,3202,3260,0,2,60,10,1,50,50
1173,smallfern,3203,3260,0,3,60,10,1,50,50
4736,short_grass_2,3203,3260,0,3,60,22,3,50,50
4738,short_grass_4,3204,3260,0,4,60,22,1,50,50
4738,short_grass_4,3205,3260,0,5,60,22,2,50,50
4738,short_grass_4,3206,3260,0,6,60,22,3,50,50
4738,short_grass_4,3207,3260,0,7,60,22,0,50,50
4738,short_grass_4,3208,3260,0,8,60,22,1,50,50
4737,short_grass_3,3209,3260,0,9,60,22,1,50,50
1174,thistle,3210,3260,0,10,60,10,2,50,50
4736,short_grass_2,3210,3260,0,10,60,22,2,50,50
4735,short_grass_1,3211,3260,0,11,60,22,2,50,50
4737,short_grass_3,3212,3260,0,12,60,22,0,50,50
1300,fern2,3213,3260,0,13,60,10,0,50,50
5536,short_grass_wall_edge_2,3213,3260,0,13,60,22,1,50,50
12983,qip_sheep_shearer_fencing,3213,3260,0,13,60,0,0,50,50
4735,short_grass_1,3214,3260,0,14,60,22,0,50,50
4736,short_grass_2,3218,3260,0,18,60,22,2,50,50
1276,tree,3219,3260,0,19,60,10,3,50,50
980,fencing,3221,3260,0,21,60,1,2,50,50
980,fencing,3222,3260,0,22,60,0,3,50,50
980,fencing,3223,3260,0,23,60,0,3,50,50
980,fencing,3224,3260,0,24,60,0,3,50,50
980,fencing,3225,3260,0,25,60,0,3,50,50
980,fencing,3226,3260,0,26,60,0,3,50,50
980,fencing,3227,3260,0,27,60,0,3,50,50
980,fencing,3228,3260,0,28,60,0,3,50,50
980,fencing,3229,3260,0,29,60,1,3,50,50
814,pier_rail,3230,3260,0,30,60,3,1,50,50
4735,short_grass_1,3231,3260,0,31,60,22,0,50,50
4731,riverbank_dugupsoil2,3232,3260,0,32,60,22,0,50,50
44603,blankwall_no_blockrange,3234,3260,0,34,60,0,3,50,50
44603,blankwall_no_blockrange,3235,3260,0,35,60,0,3,50,50
44603,blankwall_no_blockrange,3236,3260,0,36,60,0,3,50,50
44603,blankwall_no_blockrange,3237,3260,0,37,60,0,3,50,50
4734,riverbank_dugupsoil5,3238,3260,0,38,60,22,1,50,50
4735,short_grass_1,3245,3260,0,45,60,22,0,50,50
4735,short_grass_1,3248,3260,0,48,60,22,0,50,50
4736,short_grass_2,3252,3260,0,52,60,22,3,50,50
980,fencing,3253,3260,0,53,60,0,0,50,50
4737,short_grass_3,3253,3260,0,53,60,22,1,50,50
4735,short_grass_1,3254,3260,0,54,60,22,1,50,50
4736,short_grass_2,3255,3260,0,55,60,22,3,50,50
4737,short_grass_3,3256,3260,0,56,60,22,3,50,50
4738,short_grass_4,3257,3260,0,57,60,22,3,50,50
4738,short_grass_4,3258,3260,0,58,60,22,0,50,50
4738,short_grass_4,3259,3260,0,59,60,22,3,50,50
4738,short_grass_4,3260,3260,0,60,60,22,0,50,50
4738,short_grass_4,3261,3260,0,61,60,22,2,50,50
4737,short_grass_3,3262,3260,0,62,60,22,1,50,50
4736,short_grass_2,3263,3260,0,63,60,22,2,50,50
4735,short_grass_1,3142,3261,0,6,61,22,3,49,50
4735,short_grass_1,3145,3261,0,9,61,22,3,49,50
4735,short_grass_1,3146,3261,0,10,61,22,2,49,50
4735,short_grass_1,3148,3261,0,12,61,22,0,49,50
4735,short_grass_1,3149,3261,0,13,61,22,3,49,50
4735,short_grass_1,3150,3261,0,14,61,22,2,49,50
4735,short_grass_1,3151,3261,0,15,61,22,2,49,50
4736,short_grass_2,3152,3261,0,16,61,22,3,49,50
4736,short_grass_2,3153,3261,0,17,61,22,2,49,50
4735,short_grass_1,3154,3261,0,18,61,22,3,49,50
4735,short_grass_1,3155,3261,0,19,61,22,0,49,50
1392,plant2,3156,3261,0,20,61,10,3,49,50
4736,short_grass_2,3158,3261,0,22,61,22,0,49,50
1189,daisys,3159,3261,0,23,61,10,0,49,50
4738,short_grass_4,3159,3261,0,23,61,22,2,49,50
4736,short_grass_2,3160,3261,0,24,61,22,1,49,50
4735,short_grass_1,3161,3261,0,25,61,22,1,49,50
4735,short_grass_1,3162,3261,0,26,61,22,2,49,50
4735,short_grass_1,3163,3261,0,27,61,22,1,49,50
4735,short_grass_1,3164,3261,0,28,61,22,3,49,50
1247,broken_twig,3166,3261,0,30,61,22,3,49,50
1247,broken_twig,3167,3261,0,31,61,22,2,49,50
4737,short_grass_3,3169,3261,0,33,61,22,0,49,50
4736,short_grass_2,3170,3261,0,34,61,22,1,49,50
1299,fern1,3172,3261,0,36,61,10,0,49,50
1298,fern,3178,3261,0,42,61,10,3,49,50
4735,short_grass_1,3178,3261,0,42,61,22,2,49,50
1278,tree2,3181,3261,0,45,61,10,0,49,50
1247,broken_twig,3182,3261,0,46,61,22,0,49,50
4736,short_grass_2,3191,3261,0,55,61,22,0,49,50
12983,qip_sheep_shearer_fencing,3191,3261,0,55,61,1,2,49,50
4737,short_grass_3,3192,3261,0,56,61,22,2,49,50
12983,qip_sheep_shearer_fencing,3192,3261,0,56,61,9,2,49,50
4736,short_grass_2,3193,3261,0,57,61,22,2,49,50
4735,short_grass_1,3199,3261,0,63,61,22,0,49,50
4735,short_grass_1,3200,3261,0,0,61,22,2,50,50
4735,short_grass_1,3201,3261,0,1,61,22,2,50,50
4737,short_grass_3,3202,3261,0,2,61,22,3,50,50
4738,short_grass_4,3203,3261,0,3,61,22,3,50,50
4738,short_grass_4,3204,3261,0,4,61,22,3,50,50
4738,short_grass_4,3205,3261,0,5,61,22,1,50,50
1173,smallfern,3206,3261,0,6,61,10,1,50,50
4738,short_grass_4,3206,3261,0,6,61,22,3,50,50
4738,short_grass_4,3207,3261,0,7,61,22,2,50,50
4738,short_grass_4,3208,3261,0,8,61,22,2,50,50
4738,short_grass_4,3209,3261,0,9,61,22,2,50,50
4737,short_grass_3,3210,3261,0,10,61,22,1,50,50
4735,short_grass_1,3211,3261,0,11,61,22,2,50,50
4735,short_grass_1,3212,3261,0,12,61,22,3,50,50
12986,qip_sheep_shearer_fencegate_l,3213,3261,0,13,61,0,0,50,50
4735,short_grass_1,3214,3261,0,14,61,22,3,50,50
4737,short_grass_3,3218,3261,0,18,61,22,1,50,50
4735,short_grass_1,3219,3261,0,19,61,22,1,50,50
4735,short_grass_1,3223,3261,0,23,61,22,1,50,50
4735,short_grass_1,3226,3261,0,26,61,22,0,50,50
4735,short_grass_1,3228,3261,0,28,61,22,0,50,50
814,pier_rail,3229,3261,0,29,61,3,2,50,50
814,pier_rail,3230,3261,0,30,61,0,3,50,50
799,pier_hillskew,3231,3261,1,31,61,22,3,50,50
814,pier_rail,3231,3261,1,31,61,0,3,50,50
799,pier_hillskew,3232,3261,1,32,61,22,3,50,50
814,pier_rail,3232,3261,1,32,61,0,3,50,50
5611,pier_rail_tall,3233,3261,0,33,61,3,2,50,50
799,pier_hillskew,3233,3261,1,33,61,22,3,50,50
814,pier_rail,3233,3261,1,33,61,0,3,50,50
5611,pier_rail_tall,3234,3261,0,34,61,3,2,50,50
799,pier_hillskew,3234,3261,1,34,61,22,3,50,50
814,pier_rail,3234,3261,1,34,61,0,3,50,50
16395,bgsound_bubbling_stream_10,3235,3261,0,35,61,22,0,50,50
799,pier_hillskew,3235,3261,1,35,61,22,3,50,50
814,pier_rail,3235,3261,1,35,61,0,3,50,50
5611,pier_rail_tall,3236,3261,0,36,61,3,3,50,50
799,pier_hillskew,3236,3261,1,36,61,22,3,50,50
814,pier_rail,3236,3261,1,36,61,0,3,50,50
5611,pier_rail_tall,3237,3261,0,37,61,3,3,50,50
799,pier_hillskew,3237,3261,1,37,61,22,3,50,50
814,pier_rail,3237,3261,1,37,61,0,3,50,50
799,pier_hillskew,3238,3261,1,38,61,22,3,50,50
814,pier_rail,3238,3261,1,38,61,0,3,50,50
799,pier_hillskew,3239,3261,1,39,61,22,3,50,50
814,pier_rail,3239,3261,1,39,61,0,3,50,50
814,pier_rail,3240,3261,0,40,61,0,3,50,50
981,gardenfencing,3241,3261,0,41,61,3,3,50,50
4735,short_grass_1,3248,3261,0,48,61,22,1,50,50
4737,short_grass_3,3252,3261,0,52,61,22,3,50,50
980,fencing,3253,3261,0,53,61,0,0,50,50
4737,short_grass_3,3253,3261,0,53,61,22,1,50,50
4735,short_grass_1,3254,3261,0,54,61,22,3,50,50
4736,short_grass_2,3255,3261,0,55,61,22,0,50,50
4737,short_grass_3,3256,3261,0,56,61,22,3,50,50
4738,short_grass_4,3257,3261,0,57,61,22,3,50,50
4738,short_grass_4,3258,3261,0,58,61,22,1,50,50
4738,short_grass_4,3259,3261,0,59,61,22,2,50,50
4738,short_grass_4,3260,3261,0,60,61,22,0,50,50
4738,short_grass_4,3261,3261,0,61,61,22,0,50,50
4737,short_grass_3,3262,3261,0,62,61,22,1,50,50
4736,short_grass_2,3263,3261,0,63,61,22,1,50,50
1392,plant2,3138,3262,0,2,62,10,0,49,50
1392,plant2,3143,3262,0,7,62,10,1,49,50
1392,plant2,3147,3262,0,11,62,10,2,49,50
4735,short_grass_1,3147,3262,0,11,62,22,2,49,50
4735,short_grass_1,3148,3262,0,12,62,22,1,49,50
4735,short_grass_1,3149,3262,0,13,62,22,1,49,50
4735,short_grass_1,3150,3262,0,14,62,22,1,49,50
4736,short_grass_2,3151,3262,0,15,62,22,3,49,50
4737,short_grass_3,3152,3262,0,16,62,22,2,49,50
4737,short_grass_3,3153,3262,0,17,62,22,2,49,50
4736,short_grass_2,3154,3262,0,18,62,22,2,49,50
4735,short_grass_1,3155,3262,0,19,62,22,1,49,50
4735,short_grass_1,3156,3262,0,20,62,22,2,49,50
4735,short_grass_1,3158,3262,0,22,62,22,2,49,50
4737,short_grass_3,3159,3262,0,23,62,22,0,49,50
4735,short_grass_1,3160,3262,0,24,62,22,0,49,50
4735,short_grass_1,3161,3262,0,25,62,22,2,49,50
4735,short_grass_1,3162,3262,0,26,62,22,3,49,50
4736,short_grass_2,3163,3262,0,27,62,22,3,49,50
4736,short_grass_2,3164,3262,0,28,62,22,2,49,50
4735,short_grass_1,3165,3262,0,29,62,22,2,49,50
4736,short_grass_2,3170,3262,0,34,62,22,3,49,50
4736,short_grass_2,3171,3262,0,35,62,22,2,49,50
1299,fern1,3173,3262,0,37,62,10,1,49,50
4735,short_grass_1,3176,3262,0,40,62,22,2,49,50
4735,short_grass_1,3177,3262,0,41,62,22,1,49,50
4735,short_grass_1,3178,3262,0,42,62,22,3,49,50
4735,short_grass_1,3179,3262,0,43,62,22,0,49,50
1247,broken_twig,3181,3262,0,45,62,22,3,49,50
1246,full_twig,3182,3262,0,46,62,22,0,49,50
4737,short_grass_3,3192,3262,0,56,62,22,3,49,50
12983,qip_sheep_shearer_fencing,3192,3262,0,56,62,0,2,49,50
4737,short_grass_3,3193,3262,0,57,62,22,1,49,50
4735,short_grass_1,3200,3262,0,0,62,22,2,50,50
4735,short_grass_1,3201,3262,0,1,62,22,2,50,50
4735,short_grass_1,3202,3262,0,2,62,22,2,50,50
4736,short_grass_2,3203,3262,0,3,62,22,0,50,50
4738,short_grass_4,3204,3262,0,4,62,22,0,50,50
4738,short_grass_4,3205,3262,0,5,62,22,1,50,50
4738,short_grass_4,3206,3262,0,6,62,22,0,50,50
4738,short_grass_4,3207,3262,0,7,62,22,1,50,50
4738,short_grass_4,3208,3262,0,8,62,22,3,50,50
4737,short_grass_3,3209,3262,0,9,62,22,1,50,50
4736,short_grass_2,3210,3262,0,10,62,22,1,50,50
4735,short_grass_1,3211,3262,0,11,62,22,3,50,50
4737,short_grass_3,3212,3262,0,12,62,22,2,50,50
12987,qip_sheep_shearer_fencegate_r,3213,3262,0,13,62,0,0,50,50
4735,short_grass_1,3214,3262,0,14,62,22,1,50,50
4736,short_grass_2,3218,3262,0,18,62,22,1,50,50
4735,short_grass_1,3220,3262,0,20,62,22,2,50,50
4735,short_grass_1,3221,3262,0,21,62,22,1,50,50
4735,short_grass_1,3222,3262,0,22,62,22,0,50,50
814,pier_rail,3229,3262,0,29,62,3,1,50,50
814,pier_rail,3230,3262,0,30,62,0,1,50,50
799,pier_hillskew,3231,3262,1,31,62,22,3,50,50
814,pier_rail,3231,3262,1,31,62,0,1,50,50
799,pier_hillskew,3232,3262,1,32,62,22,3,50,50
814,pier_rail,3232,3262,1,32,62,0,1,50,50
5611,pier_rail_tall,3233,3262,0,33,62,3,1,50,50
799,pier_hillskew,3233,3262,1,33,62,22,3,50,50
814,pier_rail,3233,3262,1,33,62,0,1,50,50
5611,pier_rail_tall,3234,3262,0,34,62,3,1,50,50
799,pier_hillskew,3234,3262,1,34,62,22,3,50,50
814,pier_rail,3234,3262,1,34,62,0,1,50,50
16392,bgsound_stream_large_20,3235,3262,0,35,62,22,0,50,50
799,pier_hillskew,3235,3262,1,35,62,22,3,50,50
814,pier_rail,3235,3262,1,35,62,0,1,50,50
5611,pier_rail_tall,3236,3262,0,36,62,3,0,50,50
799,pier_hillskew,3236,3262,1,36,62,22,3,50,50
814,pier_rail,3236,3262,1,36,62,0,1,50,50
5611,pier_rail_tall,3237,3262,0,37,62,3,0,50,50
799,pier_hillskew,3237,3262,1,37,62,22,3,50,50
814,pier_rail,3237,3262,1,37,62,0,1,50,50
799,pier_hillskew,3238,3262,1,38,62,22,3,50,50
814,pier_rail,3238,3262,1,38,62,0,1,50,50
799,pier_hillskew,3239,3262,1,39,62,22,3,50,50
814,pier_rail,3239,3262,1,39,62,0,1,50,50
814,pier_rail,3240,3262,0,40,62,0,1,50,50
981,gardenfencing,3241,3262,0,41,62,3,0,50,50
4735,short_grass_1,3241,3262,0,41,62,22,1,50,50
4735,short_grass_1,3242,3262,0,42,62,22,1,50,50
336,dugupsoil2_grey,3250,3262,0,50,62,22,0,50,50
4736,short_grass_2,3252,3262,0,52,62,22,0,50,50
980,fencing,3253,3262,0,53,62,0,0,50,50
4737,short_grass_3,3253,3262,0,53,62,22,1,50,50
4735,short_grass_1,3254,3262,0,54,62,22,3,50,50
4735,short_grass_1,3256,3262,0,56,62,22,2,50,50
4736,short_grass_2,3257,3262,0,57,62,22,0,50,50
4738,short_grass_4,3258,3262,0,58,62,22,0,50,50
4738,short_grass_4,3259,3262,0,59,62,22,1,50,50
4738,short_grass_4,3260,3262,0,60,62,22,2,50,50
4736,short_grass_2,3261,3262,0,61,62,22,1,50,50
4735,short_grass_1,3262,3262,0,62,62,22,2,50,50
4735,short_grass_1,3263,3262,0,63,62,22,1,50,50
4735,short_grass_1,3146,3263,0,10,63,22,2,49,50
4735,short_grass_1,3147,3263,0,11,63,22,2,49,50
4735,short_grass_1,3148,3263,0,12,63,22,0,49,50
4735,short_grass_1,3149,3263,0,13,63,22,1,49,50
4736,short_grass_2,3150,3263,0,14,63,22,3,49,50
4737,short_grass_3,3151,3263,0,15,63,22,2,49,50
4737,short_grass_3,3152,3263,0,16,63,22,2,49,50
4737,short_grass_3,3153,3263,0,17,63,22,2,49,50
4737,short_grass_3,3154,3263,0,18,63,22,2,49,50
4736,short_grass_2,3155,3263,0,19,63,22,2,49,50
4735,short_grass_1,3156,3263,0,20,63,22,3,49,50
4735,short_grass_1,3157,3263,0,21,63,22,3,49,50
4736,short_grass_2,3158,3263,0,22,63,22,3,49,50
4737,short_grass_3,3159,3263,0,23,63,22,2,49,50
4736,short_grass_2,3160,3263,0,24,63,22,2,49,50
4735,short_grass_1,3161,3263,0,25,63,22,0,49,50
4736,short_grass_2,3162,3263,0,26,63,22,3,49,50
4737,short_grass_3,3163,3263,0,27,63,22,2,49,50
4737,short_grass_3,3164,3263,0,28,63,22,2,49,50
4736,short_grass_2,3165,3263,0,29,63,22,2,49,50
4735,short_grass_1,3166,3263,0,30,63,22,0,49,50
4736,short_grass_2,3168,3263,0,32,63,22,3,49,50
4737,short_grass_3,3169,3263,0,33,63,22,2,49,50
4737,short_grass_3,3170,3263,0,34,63,22,2,49,50
4737,short_grass_3,3171,3263,0,35,63,22,2,49,50
4736,short_grass_2,3172,3263,0,36,63,22,2,49,50
4737,short_grass_3,3173,3263,0,37,63,22,2,49,50
4735,short_grass_1,3175,3263,0,39,63,22,3,49,50
4735,short_grass_1,3176,3263,0,40,63,22,0,49,50
4736,short_grass_2,3177,3263,0,41,63,22,3,49,50
4737,short_grass_3,3178,3263,0,42,63,22,2,49,50
4736,short_grass_2,3179,3263,0,43,63,22,2,49,50
4735,short_grass_1,3180,3263,0,44,63,22,3,49,50
4735,short_grass_1,3181,3263,0,45,63,22,1,49,50
4735,short_grass_1,3182,3263,0,46,63,22,1,49,50
4737,short_grass_3,3192,3263,0,56,63,22,3,49,50
12983,qip_sheep_shearer_fencing,3192,3263,0,56,63,0,2,49,50
4737,short_grass_3,3193,3263,0,57,63,22,1,49,50
4735,short_grass_1,3200,3263,0,0,63,22,1,50,50
4735,short_grass_1,3201,3263,0,1,63,22,3,50,50
4735,short_grass_1,3202,3263,0,2,63,22,0,50,50
4735,short_grass_1,3203,3263,0,3,63,22,0,50,50
4737,short_grass_3,3204,3263,0,4,63,22,0,50,50
4737,short_grass_3,3205,3263,0,5,63,22,0,50,50
4737,short_grass_3,3206,3263,0,6,63,22,0,50,50
10820,oaktree,3206,3263,0,6,63,10,1,50,50
4737,short_grass_3,3207,3263,0,7,63,22,0,50,50
4736,short_grass_2,3208,3263,0,8,63,22,1,50,50
4735,short_grass_1,3209,3263,0,9,63,22,3,50,50
4735,short_grass_1,3210,3263,0,10,63,22,0,50,50
4737,short_grass_3,3211,3263,0,11,63,22,3,50,50
4738,short_grass_4,3212,3263,0,12,63,22,3,50,50
1300,fern2,3213,3263,0,13,63,10,0,50,50
5536,short_grass_wall_edge_2,3213,3263,0,13,63,22,2,50,50
12983,qip_sheep_shearer_fencing,3213,3263,0,13,63,0,0,50,50
4735,short_grass_1,3214,3263,0,14,63,22,0,50,50
4735,short_grass_1,3221,3263,0,21,63,22,2,50,50
4735,short_grass_1,3224,3263,0,24,63,22,0,50,50
814,pier_rail,3230,3263,0,30,63,3,2,50,50
4735,short_grass_1,3231,3263,0,31,63,22,0,50,50
4735,short_grass_1,3242,3263,0,42,63,22,2,50,50
4735,short_grass_1,3245,3263,0,45,63,22,0,50,50
4735,short_grass_1,3247,3263,0,47,63,22,3,50,50
4735,short_grass_1,3248,3263,0,48,63,22,2,50,50
4735,short_grass_1,3252,3263,0,52,63,22,3,50,50
980,fencing,3253,3263,0,53,63,0,0,50,50
4737,short_grass_3,3253,3263,0,53,63,22,1,50,50
4735,short_grass_1,3255,3263,0,55,63,22,2,50,50
4735,short_grass_1,3256,3263,0,56,63,22,0,50,50
4735,short_grass_1,3257,3263,0,57,63,22,2,50,50
4737,short_grass_3,3258,3263,0,58,63,22,0,50,50
4737,short_grass_3,3259,3263,0,59,63,22,0,50,50
4737,short_grass_3,3260,3263,0,60,63,22,0,50,50
4735,short_grass_1,3261,3263,0,61,63,22,2,50,50
4735,short_grass_1,3262,3263,0,62,63,22,3,50,50
4735,short_grass_1,3263,3263,0,63,63,22,2,50,50
16433,randomsound_song_birds,3136,3264,0,0,0,22,0,49,51
4735,short_grass_1,3146,3264,0,10,0,22,2,49,51
4735,short_grass_1,3147,3264,0,11,0,22,2,49,51
4735,short_grass_1,3148,3264,0,12,0,22,2,49,51
4736,short_grass_2,3149,3264,0,13,0,22,3,49,51
4737,short_grass_3,3150,3264,0,14,0,22,3,49,51
4738,short_grass_4,3151,3264,0,15,0,22,2,49,51
4738,short_grass_4,3152,3264,0,16,0,22,3,49,51
4738,short_grass_4,3153,3264,0,17,0,22,0,49,51
4736,short_grass_2,3154,3264,0,18,0,22,2,49,51
4735,short_grass_1,3155,3264,0,19,0,22,2,49,51
1278,tree2,3156,3264,0,20,0,10,0,49,51
1247,broken_twig,3157,3264,0,21,0,22,0,49,51
4735,short_grass_1,3158,3264,0,22,0,22,2,49,51
4735,short_grass_1,3159,3264,0,23,0,22,0,49,51
1278,tree2,3160,3264,0,24,0,10,2,49,51
4735,short_grass_1,3161,3264,0,25,0,22,3,49,51
4737,short_grass_3,3162,3264,0,26,0,22,3,49,51
4738,short_grass_4,3163,3264,0,27,0,22,1,49,51
4737,short_grass_3,3164,3264,0,28,0,22,1,49,51
4736,short_grass_2,3165,3264,0,29,0,22,1,49,51
4735,short_grass_1,3166,3264,0,30,0,22,1,49,51
4736,short_grass_2,3167,3264,0,31,0,22,3,49,51
4737,short_grass_3,3168,3264,0,32,0,22,2,49,51
4736,short_grass_2,3169,3264,0,33,0,22,2,49,51
4735,short_grass_1,3170,3264,0,34,0,22,1,49,51
4735,short_grass_1,3171,3264,0,35,0,22,2,49,51
4735,short_grass_1,3172,3264,0,36,0,22,1,49,51
4735,short_grass_1,3173,3264,0,37,0,22,1,49,51
1189,daisys,3174,3264,0,38,0,11,2,49,51
4737,short_grass_3,3174,3264,0,38,0,22,3,49,51
4736,short_grass_2,3175,3264,0,39,0,22,2,49,51
10793,boulder4,3176,3264,0,40,0,10,2,49,51
4735,short_grass_1,3177,3264,0,41,0,22,1,49,51
4737,short_grass_3,3178,3264,0,42,0,22,3,49,51
4738,short_grass_4,3179,3264,0,43,0,22,1,49,51
4737,short_grass_3,3180,3264,0,44,0,22,1,49,51
4735,short_grass_1,3181,3264,0,45,0,22,2,49,51
4735,short_grass_1,3184,3264,0,48,0,22,0,49,51
4735,short_grass_1,3186,3264,0,50,0,22,2,49,51
4735,short_grass_1,3188,3264,0,52,0,22,0,49,51
4735,short_grass_1,3190,3264,0,54,0,22,2,49,51
4735,short_grass_1,3191,3264,0,55,0,22,3,49,51
4735,short_grass_1,3192,3264,0,56,0,22,3,49,51
12983,qip_sheep_shearer_fencing,3192,3264,0,56,0,0,2,49,51
5536,short_grass_wall_edge_2,3193,3264,0,57,0,22,2,49,51
4735,short_grass_1,3200,3264,0,0,0,22,1,50,51
4735,short_grass_1,3203,3264,0,3,0,22,1,50,51
4735,short_grass_1,3204,3264,0,4,0,22,1,50,51
4735,short_grass_1,3205,3264,0,5,0,22,1,50,51
4735,short_grass_1,3207,3264,0,7,0,22,1,50,51
4735,short_grass_1,3208,3264,0,8,0,22,1,50,51
4735,short_grass_1,3209,3264,0,9,0,22,1,50,51
1189,daisys,3210,3264,0,10,0,10,2,50,51
4735,short_grass_1,3211,3264,0,11,0,22,1,50,51
4735,short_grass_1,3212,3264,0,12,0,22,2,50,51
4735,short_grass_1,3213,3264,0,13,0,22,1,50,51
12983,qip_sheep_shearer_fencing,3213,3264,0,13,0,0,0,50,51
4735,short_grass_1,3214,3264,0,14,0,22,1,50,51
4735,short_grass_1,3215,3264,0,15,0,22,1,50,51
5627,standard_blue3_animating,3215,3264,0,15,0,10,2,50,51
5627,standard_blue3_animating,3219,3264,0,19,0,10,2,50,51
4735,short_grass_1,3223,3264,0,23,0,22,2,50,51
4735,short_grass_1,3224,3264,0,24,0,22,1,50,51
44603,blankwall_no_blockrange,3234,3264,0,34,0,0,1,50,51
44603,blankwall_no_blockrange,3235,3264,0,35,0,0,1,50,51
44603,blankwall_no_blockrange,3236,3264,0,36,0,0,1,50,51
320,dugupsoil2_light,3238,3264,0,38,0,22,1,50,51
4735,short_grass_1,3243,3264,0,43,0,22,3,50,51
4735,short_grass_1,3244,3264,0,44,0,22,1,50,51
4735,short_grass_1,3247,3264,0,47,0,22,0,50,51
5627,standard_blue3_animating,3249,3264,0,49,0,10,2,50,51
5627,standard_blue3_animating,3252,3264,0,52,0,10,2,50,51
980,fencing,3253,3264,0,53,0,0,0,50,51
4735,short_grass_1,3253,3264,0,53,0,22,1,50,51
4735,short_grass_1,3256,3264,0,56,0,22,0,50,51
4736,short_grass_2,3257,3264,0,57,0,22,0,50,51
1189,daisys,3258,3264,0,58,0,10,3,50,51
4737,short_grass_3,3258,3264,0,58,0,22,0,50,51
4737,short_grass_3,3259,3264,0,59,0,22,0,50,51
4736,short_grass_2,3260,3264,0,60,0,22,1,50,51
4735,short_grass_1,3261,3264,0,61,0,22,0,50,51
4735,short_grass_1,3262,3264,0,62,0,22,3,50,51
4735,short_grass_1,3263,3264,0,63,0,22,3,50,51
4735,short_grass_1,3146,3265,0,10,1,22,1,49,51
4735,short_grass_1,3147,3265,0,11,1,22,2,49,51
4735,short_grass_1,3148,3265,0,12,1,22,2,49,51
4736,short_grass_2,3149,3265,0,13,1,22,0,49,51
4737,short_grass_3,3150,3265,0,14,1,22,3,49,51
4738,short_grass_4,3151,3265,0,15,1,22,2,49,51
4738,short_grass_4,3152,3265,0,16,1,22,3,49,51
4738,short_grass_4,3153,3265,0,17,1,22,1,49,51
4737,short_grass_3,3154,3265,0,18,1,22,1,49,51
4735,short_grass_1,3155,3265,0,19,1,22,3,49,51
1247,broken_twig,3156,3265,0,20,1,22,3,49,51
1247,broken_twig,3157,3265,0,21,1,22,0,49,51
4735,short_grass_1,3158,3265,0,22,1,22,3,49,51
4735,short_grass_1,3159,3265,0,23,1,22,0,49,51
1247,broken_twig,3160,3265,0,24,1,22,2,49,51
4736,short_grass_2,3161,3265,0,25,1,22,3,49,51
4737,short_grass_3,3162,3265,0,26,1,22,3,49,51
4738,short_grass_4,3163,3265,0,27,1,22,1,49,51
4737,short_grass_3,3164,3265,0,28,1,22,1,49,51
1246,full_twig,3165,3265,0,29,1,22,1,49,51
10819,willowtree,3165,3265,0,29,1,10,3,49,51
1252,broken_twig_light,3166,3265,0,30,1,22,1,49,51
4737,short_grass_3,3167,3265,0,31,1,22,2,49,51
4738,short_grass_4,3168,3265,0,32,1,22,2,49,51
4737,short_grass_3,3169,3265,0,33,1,22,2,49,51
4736,short_grass_2,3170,3265,0,34,1,22,2,49,51
5536,short_grass_wall_edge_2,3171,3265,0,35,1,22,2,49,51
4735,short_grass_1,3172,3265,0,36,1,22,1,49,51
4736,short_grass_2,3173,3265,0,37,1,22,3,49,51
4737,short_grass_3,3174,3265,0,38,1,22,3,49,51
4736,short_grass_2,3175,3265,0,39,1,22,2,49,51
4737,short_grass_3,3176,3265,0,40,1,22,0,49,51
4736,short_grass_2,3177,3265,0,41,1,22,2,49,51
4735,short_grass_1,3178,3265,0,42,1,22,2,49,51
4737,short_grass_3,3179,3265,0,43,1,22,0,49,51
4736,short_grass_2,3180,3265,0,44,1,22,3,49,51
1334,hollowlog,3181,3265,0,45,1,10,3,49,51
4736,short_grass_2,3182,3265,0,46,1,22,2,49,51
4735,short_grass_1,3183,3265,0,47,1,22,3,49,51
4735,short_grass_1,3185,3265,0,49,1,22,1,49,51
5537,woodchippings,3186,3265,0,50,1,22,3,49,51
12983,qip_sheep_shearer_fencing,3186,3265,0,50,1,2,3,49,51
12983,qip_sheep_shearer_fencing,3187,3265,0,51,1,0,3,49,51
4735,short_grass_1,3188,3265,0,52,1,22,3,49,51
12983,qip_sheep_shearer_fencing,3188,3265,0,52,1,0,3,49,51
5615,bench2,3189,3265,0,53,1,10,2,49,51
12983,qip_sheep_shearer_fencing,3189,3265,0,53,1,0,3,49,51
12983,qip_sheep_shearer_fencing,3190,3265,0,54,1,0,3,49,51
4735,short_grass_1,3191,3265,0,55,1,22,1,49,51
12983,qip_sheep_shearer_fencing,3191,3265,0,55,1,0,3,49,51
1393,plant3,3192,3265,0,56,1,10,2,49,51
4735,short_grass_1,3192,3265,0,56,1,22,2,49,51
12983,qip_sheep_shearer_fencing,3192,3265,0,56,1,2,2,49,51
4735,short_grass_1,3193,3265,0,57,1,22,0,49,51
4735,short_grass_1,3194,3265,0,58,1,22,0,49,51
4735,short_grass_1,3202,3265,0,2,1,22,2,50,51
4735,short_grass_1,3203,3265,0,3,1,22,1,50,51
4735,short_grass_1,3205,3265,0,5,1,22,1,50,51
1247,broken_twig,3206,3265,0,6,1,22,2,50,51
1246,full_twig,3207,3265,0,7,1,22,2,50,51
1247,broken_twig,3208,3265,0,8,1,22,1,50,51
4736,short_grass_2,3211,3265,0,11,1,22,3,50,51
1393,plant3,3212,3265,0,12,1,10,0,50,51
4737,short_grass_3,3212,3265,0,12,1,22,2,50,51
4736,short_grass_2,3213,3265,0,13,1,22,2,50,51
12983,qip_sheep_shearer_fencing,3213,3265,0,13,1,0,0,50,51
1394,plant4,3214,3265,0,14,1,10,0,50,51
4735,short_grass_1,3214,3265,0,14,1,22,0,50,51
4736,short_grass_2,3219,3265,0,19,1,22,3,50,51
4737,short_grass_3,3220,3265,0,20,1,22,2,50,51
4736,short_grass_2,3221,3265,0,21,1,22,2,50,51
4735,short_grass_1,3223,3265,0,23,1,22,2,50,51
4735,short_grass_1,3224,3265,0,24,1,22,3,50,51
5587,dugupsoil2_light_no_glow,3231,3265,0,31,1,22,1,50,51
44603,blankwall_no_blockrange,3233,3265,0,33,1,9,1,50,51
44603,blankwall_no_blockrange,3236,3265,0,36,1,0,2,50,51
320,dugupsoil2_light,3237,3265,0,37,1,22,1,50,51
320,dugupsoil2_light,3238,3265,0,38,1,22,2,50,51
1007,fence_terminator_left,3253,3265,0,53,1,0,0,50,51
325,dugupsoil2_light2,3255,3265,0,55,1,22,1,50,51
4735,short_grass_1,3256,3265,0,56,1,22,0,50,51
4735,short_grass_1,3257,3265,0,57,1,22,0,50,51
4735,short_grass_1,3259,3265,0,59,1,22,0,50,51
4735,short_grass_1,3260,3265,0,60,1,22,0,50,51
4735,short_grass_1,3261,3265,0,61,1,22,2,50,51
4735,short_grass_1,3262,3265,0,62,1,22,3,50,51
4735,short_grass_1,3263,3265,0,63,1,22,0,50,51
4737,short_grass_3,3142,3266,0,6,2,22,0,49,51
4735,short_grass_1,3145,3266,0,9,2,22,2,49,51
4736,short_grass_2,3146,3266,0,10,2,22,3,49,51
4736,short_grass_2,3147,3266,0,11,2,22,2,49,51
4735,short_grass_1,3148,3266,0,12,2,22,0,49,51
4735,short_grass_1,3149,3266,0,13,2,22,2,49,51
4736,short_grass_2,3150,3266,0,14,2,22,0,49,51
4737,short_grass_3,3151,3266,0,15,2,22,0,49,51
4737,short_grass_3,3152,3266,0,16,2,22,0,49,51
4737,short_grass_3,3153,3266,0,17,2,22,0,49,51
4736,short_grass_2,3154,3266,0,18,2,22,1,49,51
4735,short_grass_1,3155,3266,0,19,2,22,2,49,51
4735,short_grass_1,3156,3266,0,20,2,22,2,49,51
1278,tree2,3158,3266,0,22,2,10,3,49,51
4735,short_grass_1,3160,3266,0,24,2,22,0,49,51
4736,short_grass_2,3161,3266,0,25,2,22,0,49,51
4737,short_grass_3,3162,3266,0,26,2,22,0,49,51
4737,short_grass_3,3163,3266,0,27,2,22,0,49,51
4736,short_grass_2,3164,3266,0,28,2,22,1,49,51
1252,broken_twig_light,3165,3266,0,29,2,22,2,49,51
5536,short_grass_wall_edge_2,3166,3266,0,30,2,22,1,49,51
44603,blankwall_no_blockrange,3167,3266,0,31,2,9,3,49,51
44603,blankwall_no_blockrange,3168,3266,0,32,2,0,3,49,51
5540,bullrushes3,3169,3266,0,33,2,11,0,49,51
44603,blankwall_no_blockrange,3169,3266,0,33,2,0,3,49,51
44603,blankwall_no_blockrange,3170,3266,0,34,2,9,2,49,51
5536,short_grass_wall_edge_2,3171,3266,0,35,2,22,0,49,51
4735,short_grass_1,3172,3266,0,36,2,22,0,49,51
4737,short_grass_3,3173,3266,0,37,2,22,2,49,51
4736,short_grass_2,3174,3266,0,38,2,22,3,49,51
4738,short_grass_4,3175,3266,0,39,2,22,1,49,51
1189,daisys,3176,3266,0,40,2,11,1,49,51
4737,short_grass_3,3176,3266,0,40,2,22,2,49,51
4737,short_grass_3,3177,3266,0,41,2,22,2,49,51
4735,short_grass_1,3178,3266,0,42,2,22,0,49,51
4735,short_grass_1,3179,3266,0,43,2,22,3,49,51
4736,short_grass_2,3180,3266,0,44,2,22,0,49,51
4736,short_grass_2,3182,3266,0,46,2,22,1,49,51
5574,sack_full,3186,3266,0,50,2,10,3,49,51
12983,qip_sheep_shearer_fencing,3186,3266,0,50,2,0,0,49,51
185,dugupsoil2_upass,3188,3266,0,52,2,22,3,49,51
3366,onion,3188,3266,0,52,2,10,0,49,51
186,dugupsoil3_upass,3189,3266,0,53,2,22,0,49,51
3366,onion,3189,3266,0,53,2,10,1,49,51
184,dugupsoil1_upass,3190,3266,0,54,2,22,0,49,51
3366,onion,3190,3266,0,54,2,10,2,49,51
185,dugupsoil2_upass,3191,3266,0,55,2,22,0,49,51
3366,onion,3191,3266,0,55,2,10,0,49,51
12983,qip_sheep_shearer_fencing,3192,3266,0,56,2,0,2,49,51
33480,xmas18_sapling,3192,3266,0,56,2,10,0,49,51
1298,fern,3193,3266,0,57,2,10,0,49,51
4735,short_grass_1,3193,3266,0,57,2,22,3,49,51
4735,short_grass_1,3201,3266,0,1,2,22,3,50,51
4736,short_grass_2,3202,3266,0,2,2,22,3,50,51
4737,short_grass_3,3203,3266,0,3,2,22,1,50,51
1189,daisys,3204,3266,0,4,2,11,2,50,51
4736,short_grass_2,3204,3266,0,4,2,22,2,50,51
4735,short_grass_1,3210,3266,0,10,2,22,2,50,51
4737,short_grass_3,3211,3266,0,11,2,22,3,50,51
4738,short_grass_4,3212,3266,0,12,2,22,3,50,51
4737,short_grass_3,3213,3266,0,13,2,22,1,50,51
12983,qip_sheep_shearer_fencing,3213,3266,0,13,2,0,0,50,51
4735,short_grass_1,3214,3266,0,14,2,22,3,50,51
336,dugupsoil2_grey,3217,3266,0,17,2,22,0,50,51
4736,short_grass_2,3219,3266,0,19,2,22,0,50,51
4737,short_grass_3,3220,3266,0,20,2,22,0,50,51
4736,short_grass_2,3221,3266,0,21,2,22,1,50,51
4735,short_grass_1,3222,3266,0,22,2,22,0,50,51
10820,oaktree,3228,3266,0,28,2,10,1,50,51
1248,sticks_twigs,3229,3266,0,29,2,22,3,50,51
5588,dugupsoil3_light_no_glow,3231,3266,0,31,2,22,2,50,51
44603,blankwall_no_blockrange,3232,3266,0,32,2,9,1,50,51
44603,blankwall_no_blockrange,3236,3266,0,36,2,0,2,50,51
320,dugupsoil2_light,3237,3266,0,37,2,22,0,50,51
320,dugupsoil2_light,3238,3266,0,38,2,22,3,50,51
325,dugupsoil2_light2,3253,3266,0,53,2,22,0,50,51
1558,fencegate_l,3253,3266,0,53,2,0,0,50,51
1189,daisys,3260,3266,0,60,2,10,3,50,51
4735,short_grass_1,3260,3266,0,60,2,22,1,50,51
4737,short_grass_3,3261,3266,0,61,2,22,2,50,51
10790,boulder1,3261,3266,0,61,2,10,0,50,51
4737,short_grass_3,3262,3266,0,62,2,22,2,50,51
4735,short_grass_1,3263,3266,0,63,2,22,0,50,51
4737,short_grass_3,3140,3267,0,4,3,22,1,49,51
4738,short_grass_4,3141,3267,0,5,3,22,1,49,51
980,fencing,3142,3267,0,6,3,9,3,49,51
980,fencing,3143,3267,0,7,3,0,3,49,51
325,dugupsoil2_light2,3144,3267,0,8,3,22,3,49,51
980,fencing,3144,3267,0,8,3,0,3,49,51
325,dugupsoil2_light2,3145,3267,0,9,3,22,3,49,51
980,fencing,3145,3267,0,9,3,0,3,49,51
980,fencing,3146,3267,0,10,3,0,3,49,51
980,fencing,3147,3267,0,11,3,0,3,49,51
4735,short_grass_1,3147,3267,0,11,3,22,2,49,51
980,fencing,3148,3267,0,12,3,0,3,49,51
980,fencing,3149,3267,0,13,3,0,3,49,51
325,dugupsoil2_light2,3150,3267,0,14,3,22,0,49,51
980,fencing,3150,3267,0,14,3,0,3,49,51
980,fencing,3151,3267,0,15,3,9,2,49,51
4735,short_grass_1,3151,3267,0,15,3,22,3,49,51
4735,short_grass_1,3152,3267,0,16,3,22,2,49,51
4735,short_grass_1,3153,3267,0,17,3,22,2,49,51
4735,short_grass_1,3156,3267,0,20,3,22,2,49,51
4735,short_grass_1,3157,3267,0,21,3,22,2,49,51
1246,full_twig,3158,3267,0,22,3,22,2,49,51
1247,broken_twig,3159,3267,0,23,3,22,1,49,51
4735,short_grass_1,3160,3267,0,24,3,22,0,49,51
4735,short_grass_1,3161,3267,0,25,3,22,0,49,51
10833,willow_tree4,3162,3267,0,26,3,10,0,49,51
1252,broken_twig_light,3163,3267,0,27,3,22,0,49,51
4736,short_grass_2,3164,3267,0,28,3,22,1,49,51
44603,blankwall_no_blockrange,3166,3267,0,30,3,9,3,49,51
1176,waterlily2,3167,3267,0,31,3,10,0,49,51
44603,blankwall_no_blockrange,3171,3267,0,35,3,9,2,49,51
1162,bullrushes,3172,3267,0,36,3,10,3,49,51
5536,short_grass_wall_edge_2,3172,3267,0,36,3,22,0,49,51
4735,short_grass_1,3173,3267,0,37,3,22,2,49,51
4735,short_grass_1,3174,3267,0,38,3,22,1,49,51
4736,short_grass_2,3175,3267,0,39,3,22,1,49,51
4737,short_grass_3,3176,3267,0,40,3,22,0,49,51
4737,short_grass_3,3177,3267,0,41,3,22,3,49,51
4737,short_grass_3,3178,3267,0,42,3,22,2,49,51
4735,short_grass_1,3180,3267,0,44,3,22,1,49,51
4735,short_grass_1,3182,3267,0,46,3,22,0,49,51
1189,daisys,3184,3267,0,48,3,10,0,49,51
12983,qip_sheep_shearer_fencing,3186,3267,0,50,3,0,0,49,51
185,dugupsoil2_upass,3187,3267,0,51,3,22,0,49,51
3366,onion,3188,3267,0,52,3,10,3,49,51
3366,onion,3189,3267,0,53,3,10,0,49,51
185,dugupsoil2_upass,3190,3267,0,54,3,22,0,49,51
3366,onion,3190,3267,0,54,3,10,3,49,51
325,dugupsoil2_light2,3191,3267,0,55,3,22,2,49,51
3366,onion,3191,3267,0,55,3,10,0,49,51
325,dugupsoil2_light2,3192,3267,0,56,3,22,3,49,51
12983,qip_sheep_shearer_fencing,3192,3267,0,56,3,0,2,49,51
33480,xmas18_sapling,3192,3267,0,56,3,10,3,49,51
4735,short_grass_1,3193,3267,0,57,3,22,3,49,51
1247,broken_twig,3196,3267,0,60,3,22,0,49,51
1189,daisys,3198,3267,0,62,3,10,0,49,51
4736,short_grass_2,3201,3267,0,1,3,22,3,50,51
1189,daisys,3202,3267,0,2,3,10,0,50,51
4737,short_grass_3,3202,3267,0,2,3,22,3,50,51
4738,short_grass_4,3203,3267,0,3,3,22,1,50,51
4737,short_grass_3,3204,3267,0,4,3,22,1,50,51
4735,short_grass_1,3205,3267,0,5,3,22,1,50,51
4736,short_grass_2,3211,3267,0,11,3,22,0,50,51
4737,short_grass_3,3212,3267,0,12,3,22,0,50,51
4736,short_grass_2,3213,3267,0,13,3,22,1,50,51
12983,qip_sheep_shearer_fencing,3213,3267,0,13,3,0,0,50,51
4735,short_grass_1,3214,3267,0,14,3,22,3,50,51
336,dugupsoil2_grey,3216,3267,0,16,3,22,3,50,51
337,dugupsoil3_grey,3217,3267,0,17,3,22,1,50,51
4735,short_grass_1,3220,3267,0,20,3,22,0,50,51
1276,tree,3222,3267,0,22,3,11,2,50,51
1247,broken_twig,3223,3267,0,23,3,22,3,50,51
1393,plant3,3226,3267,0,26,3,10,3,50,51
1246,full_twig,3230,3267,0,30,3,22,0,50,51
5587,dugupsoil2_light_no_glow,3231,3267,0,31,3,22,2,50,51
44603,blankwall_no_blockrange,3231,3267,0,31,3,0,2,50,51
44603,blankwall_no_blockrange,3236,3267,0,36,3,9,3,50,51
319,dugupsoil1_light,3237,3267,0,37,3,22,1,50,51
320,dugupsoil2_light,3238,3267,0,38,3,22,3,50,51
1278,tree2,3245,3267,0,45,3,10,1,50,51
1247,broken_twig,3246,3267,0,46,3,22,1,50,51
325,dugupsoil2_light2,3252,3267,0,52,3,22,0,50,51
326,dugupsoil3_light2,3253,3267,0,53,3,22,1,50,51
1560,fencegate_r,3253,3267,0,53,3,0,0,50,51
325,dugupsoil2_light2,3254,3267,0,54,3,22,3,50,51
4736,short_grass_2,3260,3267,0,60,3,22,3,50,51
4738,short_grass_4,3261,3267,0,61,3,22,3,50,51
4738,short_grass_4,3262,3267,0,62,3,22,3,50,51
4736,short_grass_2,3263,3267,0,63,3,22,2,50,51
980,fencing,3139,3268,0,3,4,9,3,49,51
4735,short_grass_1,3139,3268,0,3,4,22,2,49,51
980,fencing,3140,3268,0,4,4,0,3,49,51
4735,short_grass_1,3140,3268,0,4,4,22,3,49,51
980,fencing,3141,3268,0,5,4,0,3,49,51
4735,short_grass_1,3141,3268,0,5,4,22,0,49,51
980,fencing,3142,3268,0,6,4,1,3,49,51
325,dugupsoil2_light2,3143,3268,0,7,4,22,0,49,51
312,potato,3148,3268,0,12,4,10,3,49,51
325,dugupsoil2_light2,3148,3268,0,12,4,22,2,49,51
312,potato,3150,3268,0,14,4,10,3,49,51
980,fencing,3151,3268,0,15,4,1,2,49,51
980,fencing,3152,3268,0,16,4,0,3,49,51
980,fencing,3153,3268,0,17,4,0,3,49,51
980,fencing,3154,3268,0,18,4,9,2,49,51
4735,short_grass_1,3158,3268,0,22,4,22,2,49,51
4735,short_grass_1,3159,3268,0,23,4,22,2,49,51
1264,leaves_1,3161,3268,0,25,4,22,3,49,51
1252,broken_twig_light,3162,3268,0,26,4,22,3,49,51
44603,blankwall_no_blockrange,3165,3268,0,29,4,9,3,49,51
1175,waterlily1,3166,3268,0,30,4,10,0,49,51
44603,blankwall_no_blockrange,3172,3268,0,36,4,9,2,49,51
5539,bullrushes2,3173,3268,0,37,4,11,1,49,51
5540,bullrushes3,3174,3268,0,38,4,10,3,49,51
4735,short_grass_1,3175,3268,0,39,4,22,0,49,51
4735,short_grass_1,3176,3268,0,40,4,22,1,49,51
4735,short_grass_1,3177,3268,0,41,4,22,2,49,51
4735,short_grass_1,3181,3268,0,45,4,22,3,49,51
12986,qip_sheep_shearer_fencegate_l,3186,3268,0,50,4,0,0,49,51
186,dugupsoil3_upass,3187,3268,0,51,4,22,0,49,51
3366,onion,3188,3268,0,52,4,10,0,49,51
186,dugupsoil3_upass,3189,3268,0,53,4,22,1,49,51
3366,onion,3189,3268,0,53,4,10,2,49,51
185,dugupsoil2_upass,3190,3268,0,54,4,22,3,49,51
3366,onion,3190,3268,0,54,4,10,0,49,51
185,dugupsoil2_upass,3191,3268,0,55,4,22,0,49,51
3366,onion,3191,3268,0,55,4,10,1,49,51
5574,sack_full,3192,3268,0,56,4,10,0,49,51
12983,qip_sheep_shearer_fencing,3192,3268,0,56,4,0,2,49,51
1392,plant2,3193,3268,0,57,4,10,0,49,51
4735,short_grass_1,3193,3268,0,57,4,22,2,49,51
4735,short_grass_1,3194,3268,0,58,4,22,1,49,51
4735,short_grass_1,3200,3268,0,0,4,22,0,50,51
4737,short_grass_3,3201,3268,0,1,4,22,2,50,51
4738,short_grass_4,3202,3268,0,2,4,22,1,50,51
1189,daisys,3203,3268,0,3,4,10,3,50,51
4737,short_grass_3,3203,3268,0,3,4,22,0,50,51
4736,short_grass_2,3204,3268,0,4,4,22,1,50,51
4735,short_grass_1,3205,3268,0,5,4,22,0,50,51
1189,daisys,3208,3268,0,8,4,11,1,50,51
4736,short_grass_2,3208,3268,0,8,4,22,3,50,51
4736,short_grass_2,3209,3268,0,9,4,22,2,50,51
1393,plant3,3212,3268,0,12,4,10,3,50,51
4735,short_grass_1,3212,3268,0,12,4,22,0,50,51
4735,short_grass_1,3213,3268,0,13,4,22,3,50,51
12983,qip_sheep_shearer_fencing,3213,3268,0,13,4,0,0,50,51
4735,short_grass_1,3218,3268,0,18,4,22,2,50,51
4736,short_grass_2,3219,3268,0,19,4,22,3,50,51
4737,short_grass_3,3220,3268,0,20,4,22,2,50,51
4735,short_grass_1,3221,3268,0,21,4,22,1,50,51
1246,full_twig,3222,3268,0,22,4,22,0,50,51
1247,broken_twig,3223,3268,0,23,4,22,1,50,51
1247,broken_twig,3228,3268,0,28,4,22,3,50,51
1246,full_twig,3229,3268,0,29,4,22,2,50,51
1247,broken_twig,3230,3268,0,30,4,22,2,50,51
44603,blankwall_no_blockrange,3231,3268,0,31,4,0,2,50,51
5605,rock_pool_small,3232,3268,0,32,4,10,3,50,51
44603,blankwall_no_blockrange,3235,3268,0,35,4,0,2,50,51
320,dugupsoil2_light,3237,3268,0,37,4,22,1,50,51
321,dugupsoil3_light,3238,3268,0,38,4,22,1,50,51
1276,tree,3241,3268,0,41,4,10,3,50,51
1247,broken_twig,3242,3268,0,42,4,22,2,50,51
1247,broken_twig,3245,3268,0,45,4,22,0,50,51
1246,full_twig,3246,3268,0,46,4,22,0,50,51
335,dugupsoil1_grey,3251,3268,0,51,4,22,3,50,51
325,dugupsoil2_light2,3253,3268,0,53,4,22,2,50,51
1008,fence_terminator_right,3253,3268,0,53,4,0,0,50,51
4735,short_grass_1,3259,3268,0,59,4,22,0,50,51
4737,short_grass_3,3260,3268,0,60,4,22,3,50,51
4738,short_grass_4,3261,3268,0,61,4,22,3,50,51
1189,daisys,3262,3268,0,62,4,10,1,50,51
4738,short_grass_4,3262,3268,0,62,4,22,3,50,51
4737,short_grass_3,3263,3268,0,63,4,22,1,50,51
980,fencing,3138,3269,0,2,5,9,3,49,51
296,plough,3139,3269,0,3,5,10,1,49,51
980,fencing,3139,3269,0,3,5,1,3,49,51
1248,sticks_twigs,3140,3269,0,4,5,22,3,49,51
312,potato,3141,3269,0,5,5,10,1,49,51
312,potato,3143,3269,0,7,5,10,1,49,51
326,dugupsoil3_light2,3144,3269,0,8,5,22,3,49,51
312,potato,3146,3269,0,10,5,10,1,49,51
312,potato,3148,3269,0,12,5,10,0,49,51
326,dugupsoil3_light2,3149,3269,0,13,5,22,2,49,51
312,potato,3150,3269,0,14,5,10,2,49,51
325,dugupsoil2_light2,3150,3269,0,14,5,22,2,49,51
312,potato,3152,3269,0,16,5,10,2,49,51
325,dugupsoil2_light2,3152,3269,0,16,5,22,2,49,51
312,potato,3154,3269,0,18,5,10,2,49,51
980,fencing,3154,3269,0,18,5,1,2,49,51
980,fencing,3155,3269,0,19,5,9,2,49,51
4735,short_grass_1,3156,3269,0,20,5,22,2,49,51
4735,short_grass_1,3157,3269,0,21,5,22,2,49,51
4735,short_grass_1,3159,3269,0,23,5,22,2,49,51
4735,short_grass_1,3161,3269,0,25,5,22,3,49,51
4735,short_grass_1,3162,3269,0,26,5,22,2,49,51
1247,broken_twig,3163,3269,0,27,5,22,0,49,51
44603,blankwall_no_blockrange,3165,3269,0,29,5,9,0,49,51
16438,randomsound_woodland_ambience,3170,3269,0,34,5,22,0,49,51
1176,waterlily2,3172,3269,0,36,5,10,3,49,51
44603,blankwall_no_blockrange,3173,3269,0,37,5,9,2,49,51
5542,bullrushes5,3174,3269,0,38,5,10,0,49,51
5542,bullrushes5,3175,3269,0,39,5,10,3,49,51
5541,bullrushes4,3176,3269,0,40,5,10,3,49,51
5539,bullrushes2,3177,3269,0,41,5,10,0,49,51
1246,full_twig,3178,3269,0,42,5,22,0,49,51
4735,short_grass_1,3179,3269,0,43,5,22,1,49,51
4735,short_grass_1,3183,3269,0,47,5,22,2,49,51
12992,qip_sheep_shearer_rooftopedge,3183,3269,1,47,5,21,1,49,51
4735,short_grass_1,3184,3269,0,48,5,22,0,49,51
13000,qip_sheep_shearer_poor_roof1,3184,3269,1,48,5,18,1,49,51
185,dugupsoil2_upass,3185,3269,0,49,5,22,1,49,51
13000,qip_sheep_shearer_poor_roof1,3185,3269,1,49,5,18,1,49,51
185,dugupsoil2_upass,3186,3269,0,50,5,22,2,49,51
12987,qip_sheep_shearer_fencegate_r,3186,3269,0,50,5,0,0,49,51
13000,qip_sheep_shearer_poor_roof1,3186,3269,1,50,5,18,1,49,51
186,dugupsoil3_upass,3187,3269,0,51,5,22,1,49,51
13000,qip_sheep_shearer_poor_roof1,3187,3269,1,51,5,18,1,49,51
186,dugupsoil3_upass,3188,3269,0,52,5,22,2,49,51
1300,fern2,3188,3269,0,52,5,10,1,49,51
13000,qip_sheep_shearer_poor_roof1,3188,3269,1,52,5,18,1,49,51
185,dugupsoil2_upass,3189,3269,0,53,5,22,1,49,51
1300,fern2,3189,3269,0,53,5,10,2,49,51
13000,qip_sheep_shearer_poor_roof1,3189,3269,1,53,5,18,1,49,51
185,dugupsoil2_upass,3190,3269,0,54,5,22,3,49,51
13000,qip_sheep_shearer_poor_roof1,3190,3269,1,54,5,18,1,49,51
186,dugupsoil3_upass,3191,3269,0,55,5,22,1,49,51
1300,fern2,3191,3269,0,55,5,10,3,49,51
13000,qip_sheep_shearer_poor_roof1,3191,3269,1,55,5,18,1,49,51
5574,sack_full,3192,3269,0,56,5,10,3,49,51
12983,qip_sheep_shearer_fencing,3192,3269,0,56,5,0,2,49,51
13000,qip_sheep_shearer_poor_roof1,3192,3269,1,56,5,18,1,49,51
4736,short_grass_2,3193,3269,0,57,5,22,2,49,51
12993,qip_sheep_shearer_rooftopedge_mirror,3193,3269,1,57,5,21,1,49,51
4735,short_grass_1,3194,3269,0,58,5,22,2,49,51
16433,randomsound_song_birds,3199,3269,0,63,5,22,0,49,51
4735,short_grass_1,3200,3269,0,0,5,22,1,50,51
4736,short_grass_2,3201,3269,0,1,5,22,0,50,51
4737,short_grass_3,3202,3269,0,2,5,22,3,50,51
4735,short_grass_1,3203,3269,0,3,5,22,2,50,51
4735,short_grass_1,3204,3269,0,4,5,22,1,50,51
4736,short_grass_2,3208,3269,0,8,5,22,0,50,51
4736,short_grass_2,3209,3269,0,9,5,22,1,50,51
4735,short_grass_1,3212,3269,0,12,5,22,2,50,51
12983,qip_sheep_shearer_fencing,3212,3269,0,12,5,9,3,50,51
12983,qip_sheep_shearer_fencing,3213,3269,0,13,5,1,3,50,51
1278,tree2,3217,3269,0,17,5,10,3,50,51
1248,sticks_twigs,3218,3269,0,18,5,22,3,50,51
4737,short_grass_3,3219,3269,0,19,5,22,3,50,51
4736,short_grass_2,3220,3269,0,20,5,22,1,50,51
44603,blankwall_no_blockrange,3231,3269,0,31,5,0,2,50,51
44603,blankwall_no_blockrange,3235,3269,0,35,5,9,3,50,51
320,dugupsoil2_light,3236,3269,0,36,5,22,2,50,51
320,dugupsoil2_light,3237,3269,0,37,5,22,1,50,51
1247,broken_twig,3241,3269,0,41,5,22,3,50,51
1174,thistle,3252,3269,0,52,5,11,2,50,51
980,fencing,3253,3269,0,53,5,0,0,50,51
325,dugupsoil2_light2,3255,3269,0,55,5,22,1,50,51
1189,daisys,3259,3269,0,59,5,10,0,50,51
4736,short_grass_2,3260,3269,0,60,5,22,0,50,51
4736,short_grass_2,3261,3269,0,61,5,22,0,50,51
4738,short_grass_4,3262,3269,0,62,5,22,1,50,51
4736,short_grass_2,3263,3269,0,63,5,22,1,50,51
325,dugupsoil2_light2,3138,3270,0,2,6,22,1,49,51
980,fencing,3138,3270,0,2,6,0,0,49,51
325,dugupsoil2_light2,3140,3270,0,4,6,22,0,49,51
312,potato,3142,3270,0,6,6,10,0,49,51
312,potato,3144,3270,0,8,6,10,0,49,51
324,dugupsoil1_light2,3144,3270,0,8,6,22,3,49,51
312,potato,3148,3270,0,12,6,10,1,49,51
312,potato,3150,3270,0,14,6,10,2,49,51
325,dugupsoil2_light2,3150,3270,0,14,6,22,0,49,51
312,potato,3154,3270,0,18,6,10,3,49,51
325,dugupsoil2_light2,3154,3270,0,18,6,22,0,49,51
980,fencing,3155,3270,0,19,6,1,2,49,51
980,fencing,3156,3270,0,20,6,9,2,49,51
4735,short_grass_1,3156,3270,0,20,6,22,2,49,51
4735,short_grass_1,3157,3270,0,21,6,22,1,49,51
4735,short_grass_1,3159,3270,0,23,6,22,2,49,51
4735,short_grass_1,3160,3270,0,24,6,22,2,49,51
4735,short_grass_1,3162,3270,0,26,6,22,2,49,51
4735,short_grass_1,3163,3270,0,27,6,22,3,49,51
10831,willow_tree3,3163,3270,0,27,6,10,0,49,51
1162,bullrushes,3164,3270,0,28,6,11,1,49,51
1252,broken_twig_light,3164,3270,0,28,6,22,3,49,51
5542,bullrushes5,3165,3270,0,29,6,10,1,49,51
44603,blankwall_no_blockrange,3166,3270,0,30,6,0,0,49,51
44603,blankwall_no_blockrange,3174,3270,0,38,6,0,3,49,51
44603,blankwall_no_blockrange,3175,3270,0,39,6,0,3,49,51
44603,blankwall_no_blockrange,3176,3270,0,40,6,9,2,49,51
5540,bullrushes3,3177,3270,0,41,6,11,1,49,51
10829,willow_tree2,3178,3270,0,42,6,10,2,49,51
1251,full_twig_light,3179,3270,0,43,6,22,0,49,51
1247,broken_twig,3180,3270,0,44,6,22,3,49,51
4735,short_grass_1,3182,3270,0,46,6,22,2,49,51
4735,short_grass_1,3183,3270,0,47,6,22,1,49,51
5615,bench2,3183,3270,0,47,6,10,1,49,51
12994,qip_sheep_shearer_rooftop1,3183,3270,1,47,6,18,2,49,51
365,sacks,3184,3270,0,48,6,10,2,49,51
12990,qip_sheep_shearer_walls,3184,3270,0,48,6,2,3,49,51
12994,qip_sheep_shearer_rooftop1,3184,3270,1,48,6,12,1,49,51
12991,qip_sheep_shearer_walls_window,3185,3270,0,49,6,0,3,49,51
12994,qip_sheep_shearer_rooftop1,3185,3270,1,49,6,12,1,49,51
12973,qip_sheep_shearer_chair,3186,3270,0,50,6,10,1,49,51
12990,qip_sheep_shearer_walls,3186,3270,0,50,6,0,3,49,51
12994,qip_sheep_shearer_rooftop1,3186,3270,1,50,6,12,1,49,51
5574,sack_full,3187,3270,0,51,6,10,1,49,51
12990,qip_sheep_shearer_walls,3187,3270,0,51,6,0,3,49,51
12994,qip_sheep_shearer_rooftop1,3187,3270,1,51,6,12,1,49,51
12980,qip_sheep_shearer_cookingshelvesempty,3188,3270,0,52,6,10,3,49,51
12990,qip_sheep_shearer_walls,3188,3270,0,52,6,2,3,49,51
12994,qip_sheep_shearer_rooftop1,3188,3270,1,52,6,12,1,49,51
12974,qip_sheep_shearer_sink,3189,3270,0,53,6,10,3,49,51
12990,qip_sheep_shearer_walls,3189,3270,0,53,6,0,3,49,51
12994,qip_sheep_shearer_rooftop1,3189,3270,1,53,6,12,1,49,51
12991,qip_sheep_shearer_walls_window,3190,3270,0,54,6,0,3,49,51
12994,qip_sheep_shearer_rooftop1,3190,3270,1,54,6,12,1,49,51
2771,water_source_icon,3191,3270,0,55,6,22,3,49,51
3474,hanginglantern,3191,3270,0,55,6,5,3,49,51
12990,qip_sheep_shearer_walls,3191,3270,0,55,6,0,3,49,51
12994,qip_sheep_shearer_rooftop1,3191,3270,1,55,6,12,1,49,51
12979,qip_sheep_shearer_rocking_chair,3192,3270,0,56,6,11,1,49,51
12990,qip_sheep_shearer_walls,3192,3270,0,56,6,2,2,49,51
12994,qip_sheep_shearer_rooftop1,3192,3270,1,56,6,12,1,49,51
4735,short_grass_1,3193,3270,0,57,6,22,3,49,51
12997,qip_sheep_shearer_rooftop1_mirror,3193,3270,1,57,6,18,0,49,51
1247,broken_twig,3195,3270,0,59,6,22,2,49,51
4735,short_grass_1,3201,3270,0,1,6,22,2,50,51
4735,short_grass_1,3202,3270,0,2,6,22,3,50,51
1393,plant3,3212,3270,0,12,6,10,2,50,51
12983,qip_sheep_shearer_fencing,3212,3270,0,12,6,0,0,50,51
336,dugupsoil2_grey,3214,3270,0,14,6,22,2,50,51
336,dugupsoil2_grey,3215,3270,0,15,6,22,3,50,51
1247,broken_twig,3218,3270,0,18,6,22,0,50,51
4735,short_grass_1,3219,3270,0,19,6,22,3,50,51
4736,short_grass_2,3220,3270,0,20,6,22,3,50,51
4736,short_grass_2,3221,3270,0,21,6,22,2,50,51
1247,broken_twig,3223,3270,0,23,6,22,1,50,51
1278,tree2,3223,3270,0,23,6,10,3,50,51
1247,broken_twig,3224,3270,0,24,6,22,2,50,51
44603,blankwall_no_blockrange,3231,3270,0,31,6,9,1,50,51
44603,blankwall_no_blockrange,3234,3270,0,34,6,0,2,50,51
321,dugupsoil3_light,3236,3270,0,36,6,22,1,50,51
320,dugupsoil2_light,3237,3270,0,37,6,22,0,50,51
1174,thistle,3239,3270,0,39,6,10,3,50,51
1174,thistle,3244,3270,0,44,6,11,1,50,51
336,dugupsoil2_grey,3247,3270,0,47,6,22,2,50,51
10820,oaktree,3248,3270,0,48,6,10,0,50,51
1246,full_twig,3249,3270,0,49,6,22,3,50,51
1247,broken_twig,3250,3270,0,50,6,22,0,50,51
980,fencing,3253,3270,0,53,6,0,0,50,51
1394,plant4,3257,3270,0,57,6,10,2,50,51
4735,short_grass_1,3259,3270,0,59,6,22,3,50,51
4737,short_grass_3,3260,3270,0,60,6,22,3,50,51
4738,short_grass_4,3261,3270,0,61,6,22,2,50,51
4735,short_grass_1,3262,3270,0,62,6,22,1,50,51
4735,short_grass_1,3263,3270,0,63,6,22,2,50,51
4735,short_grass_1,3137,3271,0,1,7,22,3,49,51
980,fencing,3138,3271,0,2,7,0,0,49,51
326,dugupsoil3_light2,3140,3271,0,4,7,22,1,49,51
325,dugupsoil2_light2,3141,3271,0,5,7,22,1,49,51
312,potato,3142,3271,0,6,7,10,1,49,51
312,potato,3144,3271,0,8,7,10,1,49,51
1248,sticks_twigs,3145,3271,0,9,7,22,0,49,51
312,potato,3147,3271,0,11,7,10,3,49,51
325,dugupsoil2_light2,3147,3271,0,11,7,22,0,49,51
324,dugupsoil1_light2,3149,3271,0,13,7,22,2,49,51
312,potato,3150,3271,0,14,7,10,1,49,51
325,dugupsoil2_light2,3150,3271,0,14,7,22,0,49,51
312,potato,3152,3271,0,16,7,10,1,49,51
324,dugupsoil1_light2,3152,3271,0,16,7,22,1,49,51
312,potato,3154,3271,0,18,7,10,2,49,51
325,dugupsoil2_light2,3154,3271,0,18,7,22,0,49,51
980,fencing,3156,3271,0,20,7,0,2,49,51
4736,short_grass_2,3157,3271,0,21,7,22,1,49,51
4736,short_grass_2,3159,3271,0,23,7,22,3,49,51
4737,short_grass_3,3160,3271,0,24,7,22,2,49,51
4737,short_grass_3,3161,3271,0,25,7,22,2,49,51
4736,short_grass_2,3162,3271,0,26,7,22,2,49,51
1251,full_twig_light,3163,3271,0,27,7,22,2,49,51
1252,broken_twig_light,3164,3271,0,28,7,22,2,49,51
5539,bullrushes2,3165,3271,0,29,7,11,1,49,51
44603,blankwall_no_blockrange,3166,3271,0,30,7,9,0,49,51
44603,blankwall_no_blockrange,3167,3271,0,31,7,0,1,49,51
5539,bullrushes2,3176,3271,0,40,7,10,3,49,51
44603,blankwall_no_blockrange,3176,3271,0,40,7,0,2,49,51
1177,waterlily3,3177,3271,0,41,7,10,3,49,51
5540,bullrushes3,3178,3271,0,42,7,11,2,49,51
1247,broken_twig,3179,3271,0,43,7,22,2,49,51
4735,short_grass_1,3180,3271,0,44,7,22,0,49,51
4735,short_grass_1,3182,3271,0,46,7,22,3,49,51
12995,qip_sheep_shearer_rooftop2,3183,3271,1,47,7,18,2,49,51
185,dugupsoil2_upass,3184,3271,0,48,7,22,1,49,51
12991,qip_sheep_shearer_walls_window,3184,3271,0,48,7,0,0,49,51
12995,qip_sheep_shearer_rooftop2,3184,3271,1,48,7,12,1,49,51
920,poorrug2corner,3185,3271,0,49,7,22,3,49,51
12995,qip_sheep_shearer_rooftop2,3185,3271,1,49,7,12,1,49,51
920,poorrug2corner,3186,3271,0,50,7,22,2,49,51
12995,qip_sheep_shearer_rooftop2,3186,3271,1,50,7,12,1,49,51
185,dugupsoil2_upass,3187,3271,0,51,7,22,2,49,51
365,sacks,3187,3271,0,51,7,10,0,49,51
890,painting2_king,3187,3271,0,51,7,4,2,49,51
12995,qip_sheep_shearer_rooftop2,3187,3271,1,51,7,12,1,49,51
185,dugupsoil2_upass,3188,3271,0,52,7,22,3,49,51
12981,qip_sheep_shearer_hatstand,3188,3271,0,52,7,10,2,49,51
12990,qip_sheep_shearer_walls,3188,3271,0,52,7,0,0,49,51
12995,qip_sheep_shearer_rooftop2,3188,3271,1,52,7,12,1,49,51
920,poorrug2corner,3189,3271,0,53,7,22,3,49,51
12995,qip_sheep_shearer_rooftop2,3189,3271,1,53,7,12,1,49,51
920,poorrug2corner,3190,3271,0,54,7,22,2,49,51
12995,qip_sheep_shearer_rooftop2,3190,3271,1,54,7,12,1,49,51
185,dugupsoil2_upass,3191,3271,0,55,7,22,3,49,51
12995,qip_sheep_shearer_rooftop2,3191,3271,1,55,7,12,1,49,51
12971,qip_sheep_shearer_large_table,3192,3271,0,56,7,10,1,49,51
12990,qip_sheep_shearer_walls,3192,3271,0,56,7,0,2,49,51
12995,qip_sheep_shearer_rooftop2,3192,3271,1,56,7,12,1,49,51
1174,thistle,3193,3271,0,57,7,10,0,49,51
12998,qip_sheep_shearer_rooftop2_mirror,3193,3271,1,57,7,18,0,49,51
4735,short_grass_1,3196,3271,0,60,7,22,1,49,51
1189,daisys,3197,3271,0,61,7,10,3,49,51
1391,plant1,3205,3271,0,5,7,10,2,50,51
301,foodtrough,3211,3271,0,11,7,10,3,50,51
4735,short_grass_1,3212,3271,0,12,7,22,3,50,51
12983,qip_sheep_shearer_fencing,3212,3271,0,12,7,0,0,50,51
337,dugupsoil3_grey,3215,3271,0,15,7,22,2,50,51
4736,short_grass_2,3220,3271,0,20,7,22,0,50,51
4736,short_grass_2,3221,3271,0,21,7,22,1,50,51
1246,full_twig,3223,3271,0,23,7,22,3,50,51
1247,broken_twig,3224,3271,0,24,7,22,0,50,51
44603,blankwall_no_blockrange,3230,3271,0,30,7,9,1,50,51
44603,blankwall_no_blockrange,3234,3271,0,34,7,9,3,50,51
320,dugupsoil2_light,3235,3271,0,35,7,22,2,50,51
320,dugupsoil2_light,3236,3271,0,36,7,22,1,50,51
335,dugupsoil1_grey,3246,3271,0,46,7,22,3,50,51
336,dugupsoil2_grey,3247,3271,0,47,7,22,1,50,51
1247,broken_twig,3248,3271,0,48,7,22,1,50,51
1247,broken_twig,3250,3271,0,50,7,22,0,50,51
1174,thistle,3251,3271,0,51,7,10,2,50,51
980,fencing,3253,3271,0,53,7,0,0,50,51
4737,short_grass_3,3259,3271,0,59,7,22,3,50,51
4738,short_grass_4,3260,3271,0,60,7,22,2,50,51
4738,short_grass_4,3261,3271,0,61,7,22,2,50,51
4738,short_grass_4,3262,3271,0,62,7,22,2,50,51
325,dugupsoil2_light2,3138,3272,0,2,8,22,3,49,51
980,fencing,3138,3272,0,2,8,0,0,49,51
325,dugupsoil2_light2,3139,3272,0,3,8,22,2,49,51
312,potato,3140,3272,0,4,8,10,0,49,51
1247,broken_twig,3141,3272,0,5,8,22,3,49,51
312,potato,3146,3272,0,10,8,10,2,49,51
326,dugupsoil3_light2,3148,3272,0,12,8,22,2,49,51
312,potato,3149,3272,0,13,8,10,3,49,51
312,potato,3150,3272,0,14,8,10,1,49,51
312,potato,3152,3272,0,16,8,10,0,49,51
325,dugupsoil2_light2,3153,3272,0,17,8,22,0,49,51
324,dugupsoil1_light2,3155,3272,0,19,8,22,0,49,51
980,fencing,3156,3272,0,20,8,0,2,49,51
4735,short_grass_1,3157,3272,0,21,8,22,2,49,51
4735,short_grass_1,3158,3272,0,22,8,22,3,49,51
4736,short_grass_2,3159,3272,0,23,8,22,3,49,51
4738,short_grass_4,3160,3272,0,24,8,22,2,49,51
4738,short_grass_4,3161,3272,0,25,8,22,3,49,51
4736,short_grass_2,3162,3272,0,26,8,22,2,49,51
4735,short_grass_1,3163,3272,0,27,8,22,0,49,51
10831,willow_tree3,3167,3272,0,31,8,10,1,49,51
44603,blankwall_no_blockrange,3168,3272,0,32,8,9,0,49,51
44603,blankwall_no_blockrange,3169,3272,0,33,8,0,1,49,51
5540,bullrushes3,3174,3272,0,38,8,11,1,49,51
44603,blankwall_no_blockrange,3176,3272,0,40,8,0,2,49,51
5540,bullrushes3,3177,3272,0,41,8,10,2,49,51
4735,short_grass_1,3179,3272,0,43,8,22,2,49,51
4736,short_grass_2,3182,3272,0,46,8,22,3,49,51
4737,short_grass_3,3183,3272,0,47,8,22,0,49,51
12996,qip_sheep_shearer_rooftop3,3183,3272,1,47,8,18,2,49,51
12970,qip_sheep_shearer_bed,3184,3272,0,48,8,10,3,49,51
12990,qip_sheep_shearer_walls,3184,3272,0,48,8,0,0,49,51
12996,qip_sheep_shearer_rooftop3,3184,3272,1,48,8,12,1,49,51
921,poorrug2side,3185,3272,0,49,8,22,3,49,51
12996,qip_sheep_shearer_rooftop3,3185,3272,1,49,8,12,1,49,51
921,poorrug2side,3186,3272,0,50,8,22,1,49,51
12996,qip_sheep_shearer_rooftop3,3186,3272,1,50,8,12,1,49,51
184,dugupsoil1_upass,3187,3272,0,51,8,22,0,49,51
12996,qip_sheep_shearer_rooftop3,3187,3272,1,51,8,12,1,49,51
13001,qip_sheep_shearer_poordoor,3188,3272,0,52,8,0,0,49,51
42769,quest_start_icon_sheepshearer,3188,3272,0,52,8,22,0,49,51
12996,qip_sheep_shearer_rooftop3,3188,3272,1,52,8,12,1,49,51
921,poorrug2side,3189,3272,0,53,8,22,3,49,51
12996,qip_sheep_shearer_rooftop3,3189,3272,1,53,8,12,1,49,51
921,poorrug2side,3190,3272,0,54,8,22,1,49,51
12996,qip_sheep_shearer_rooftop3,3190,3272,1,54,8,12,1,49,51
12996,qip_sheep_shearer_rooftop3,3191,3272,1,55,8,12,1,49,51
12991,qip_sheep_shearer_walls_window,3192,3272,0,56,8,0,2,49,51
12996,qip_sheep_shearer_rooftop3,3192,3272,1,56,8,12,1,49,51
12999,qip_sheep_shearer_rooftop3_mirror,3193,3272,1,57,8,18,0,49,51
4735,short_grass_1,3195,3272,0,59,8,22,3,49,51
4736,short_grass_2,3196,3272,0,60,8,22,3,49,51
4736,short_grass_2,3197,3272,0,61,8,22,2,49,51
4735,short_grass_1,3198,3272,0,62,8,22,0,49,51
4737,short_grass_3,3212,3272,0,12,8,22,0,50,51
12983,qip_sheep_shearer_fencing,3212,3272,0,12,8,0,0,50,51
4735,short_grass_1,3213,3272,0,13,8,22,2,50,51
336,dugupsoil2_grey,3216,3272,0,16,8,22,1,50,51
4736,short_grass_2,3218,3272,0,18,8,22,3,50,51
4736,short_grass_2,3219,3272,0,19,8,22,2,50,51
5587,dugupsoil2_light_no_glow,3226,3272,0,26,8,22,3,50,51
44603,blankwall_no_blockrange,3229,3272,0,29,8,9,1,50,51
44603,blankwall_no_blockrange,3233,3272,0,33,8,9,3,50,51
320,dugupsoil2_light,3235,3272,0,35,8,22,3,50,51
320,dugupsoil2_light,3236,3272,0,36,8,22,0,50,51
1247,broken_twig,3238,3272,0,38,8,22,1,50,51
1278,tree2,3238,3272,0,38,8,10,2,50,51
1247,broken_twig,3239,3272,0,39,8,22,0,50,51
1247,broken_twig,3243,3272,0,43,8,22,1,50,51
1276,tree,3243,3272,0,43,8,10,0,50,51
1246,full_twig,3244,3272,0,44,8,22,2,50,51
336,dugupsoil2_grey,3246,3272,0,46,8,22,0,50,51
1246,full_twig,3248,3272,0,48,8,22,2,50,51
1247,broken_twig,3249,3272,0,49,8,22,2,50,51
1247,broken_twig,3250,3272,0,50,8,22,3,50,51
980,fencing,3252,3272,0,52,8,9,3,50,51
980,fencing,3253,3272,0,53,8,1,3,50,51
8689,fat_cow,3254,3272,0,54,8,10,2,50,51
4736,short_grass_2,3259,3272,0,59,8,22,0,50,51
4736,short_grass_2,3260,3272,0,60,8,22,0,50,51
4738,short_grass_4,3261,3272,0,61,8,22,2,50,51
4737,short_grass_3,3262,3272,0,62,8,22,1,50,51
312,potato,3138,3273,0,2,9,10,3,49,51
325,dugupsoil2_light2,3138,3273,0,2,9,22,3,49,51
980,fencing,3138,3273,0,2,9,0,0,49,51
325,dugupsoil2_light2,3140,3273,0,4,9,22,1,49,51
324,dugupsoil1_light2,3141,3273,0,5,9,22,3,49,51
312,potato,3142,3273,0,6,9,10,1,49,51
325,dugupsoil2_light2,3143,3273,0,7,9,22,0,49,51
312,potato,3144,3273,0,8,9,10,2,49,51
326,dugupsoil3_light2,3144,3273,0,8,9,22,1,49,51
312,potato,3146,3273,0,10,9,10,0,49,51
325,dugupsoil2_light2,3146,3273,0,10,9,22,3,49,51
1247,broken_twig,3147,3273,0,11,9,22,0,49,51
312,potato,3148,3273,0,12,9,10,0,49,51
326,dugupsoil3_light2,3148,3273,0,12,9,22,3,49,51
312,potato,3152,3273,0,16,9,10,0,49,51
326,dugupsoil3_light2,3152,3273,0,16,9,22,1,49,51
312,potato,3154,3273,0,18,9,10,1,49,51
980,fencing,3156,3273,0,20,9,1,2,49,51
980,fencing,3157,3273,0,21,9,9,2,49,51
4736,short_grass_2,3157,3273,0,21,9,22,1,49,51
4735,short_grass_1,3159,3273,0,23,9,22,3,49,51
4738,short_grass_4,3160,3273,0,24,9,22,1,49,51
4738,short_grass_4,3161,3273,0,25,9,22,0,49,51
4736,short_grass_2,3162,3273,0,26,9,22,1,49,51
4735,short_grass_1,3163,3273,0,27,9,22,3,49,51
4735,short_grass_1,3164,3273,0,28,9,22,2,49,51
1251,full_twig_light,3167,3273,0,31,9,22,2,49,51
1252,broken_twig_light,3168,3273,0,32,9,22,2,49,51
44603,blankwall_no_blockrange,3170,3273,0,34,9,9,0,49,51
44603,blankwall_no_blockrange,3171,3273,0,35,9,0,1,49,51
44603,blankwall_no_blockrange,3176,3273,0,40,9,9,1,49,51
5542,bullrushes5,3178,3273,0,42,9,10,1,49,51
4735,short_grass_1,3181,3273,0,45,9,22,3,49,51
4737,short_grass_3,3182,3273,0,46,9,22,3,49,51
4737,short_grass_3,3183,3273,0,47,9,22,3,49,51
5615,bench2,3183,3273,0,47,9,10,1,49,51
12999,qip_sheep_shearer_rooftop3_mirror,3183,3273,1,47,9,18,2,49,51
185,dugupsoil2_upass,3184,3273,0,48,9,22,0,49,51
12990,qip_sheep_shearer_walls,3184,3273,0,48,9,0,0,49,51
12996,qip_sheep_shearer_rooftop3,3184,3273,1,48,9,12,3,49,51
921,poorrug2side,3185,3273,0,49,9,22,3,49,51
12996,qip_sheep_shearer_rooftop3,3185,3273,1,49,9,12,3,49,51
921,poorrug2side,3186,3273,0,50,9,22,1,49,51
12996,qip_sheep_shearer_rooftop3,3186,3273,1,50,9,12,3,49,51
185,dugupsoil2_upass,3187,3273,0,51,9,22,1,49,51
3474,hanginglantern,3187,3273,0,51,9,4,2,49,51
12996,qip_sheep_shearer_rooftop3,3187,3273,1,51,9,12,3,49,51
185,dugupsoil2_upass,3188,3273,0,52,9,22,0,49,51
3474,hanginglantern,3188,3273,0,52,9,5,0,49,51
12990,qip_sheep_shearer_walls,3188,3273,0,52,9,0,0,49,51
12996,qip_sheep_shearer_rooftop3,3188,3273,1,52,9,12,3,49,51
921,poorrug2side,3189,3273,0,53,9,22,3,49,51
12996,qip_sheep_shearer_rooftop3,3189,3273,1,53,9,12,3,49,51
921,poorrug2side,3190,3273,0,54,9,22,1,49,51
12996,qip_sheep_shearer_rooftop3,3190,3273,1,54,9,12,3,49,51
185,dugupsoil2_upass,3191,3273,0,55,9,22,2,49,51
12996,qip_sheep_shearer_rooftop3,3191,3273,1,55,9,12,3,49,51
375,chestclosed,3192,3273,0,56,9,10,3,49,51
12990,qip_sheep_shearer_walls,3192,3273,0,56,9,0,2,49,51
12996,qip_sheep_shearer_rooftop3,3192,3273,1,56,9,12,3,49,51
1392,plant2,3193,3273,0,57,9,10,3,49,51
4735,short_grass_1,3193,3273,0,57,9,22,2,49,51
12996,qip_sheep_shearer_rooftop3,3193,3273,1,57,9,18,0,49,51
4736,short_grass_2,3196,3273,0,60,9,22,0,49,51
4736,short_grass_2,3197,3273,0,61,9,22,1,49,51
4735,short_grass_1,3198,3273,0,62,9,22,1,49,51
1391,plant1,3203,3273,0,3,9,10,2,50,51
4736,short_grass_2,3210,3273,0,10,9,22,3,50,51
4737,short_grass_3,3211,3273,0,11,9,22,1,50,51
4738,short_grass_4,3212,3273,0,12,9,22,0,50,51
12983,qip_sheep_shearer_fencing,3212,3273,0,12,9,0,0,50,51
1189,daisys,3213,3273,0,13,9,10,1,50,51
4737,short_grass_3,3213,3273,0,13,9,22,1,50,51
4736,short_grass_2,3218,3273,0,18,9,22,0,50,51
4736,short_grass_2,3219,3273,0,19,9,22,1,50,51
1248,sticks_twigs,3223,3273,0,23,9,22,3,50,51
5586,dugupsoil1_light_no_glow,3226,3273,0,26,9,22,0,50,51
44603,blankwall_no_blockrange,3228,3273,0,28,9,9,1,50,51
44603,blankwall_no_blockrange,3232,3273,0,32,9,9,3,50,51
320,dugupsoil2_light,3234,3273,0,34,9,22,2,50,51
319,dugupsoil1_light,3235,3273,0,35,9,22,1,50,51
1246,full_twig,3239,3273,0,39,9,22,1,50,51
1174,thistle,3241,3273,0,41,9,10,1,50,51
1247,broken_twig,3244,3273,0,44,9,22,0,50,51
336,dugupsoil2_grey,3247,3273,0,47,9,22,3,50,51
1174,thistle,3250,3273,0,50,9,10,3,50,51
980,fencing,3251,3273,0,51,9,9,3,50,51
980,fencing,3252,3273,0,52,9,1,3,50,51
4735,short_grass_1,3260,3273,0,60,9,22,0,50,51
4737,short_grass_3,3261,3273,0,61,9,22,0,50,51
4736,short_grass_2,3262,3273,0,62,9,22,1,50,51
980,fencing,3138,3274,0,2,10,0,0,49,51
4735,short_grass_1,3138,3274,0,2,10,22,2,49,51
325,dugupsoil2_light2,3139,3274,0,3,10,22,0,49,51
312,potato,3140,3274,0,4,10,10,1,49,51
325,dugupsoil2_light2,3141,3274,0,5,10,22,1,49,51
312,potato,3142,3274,0,6,10,10,0,49,51
325,dugupsoil2_light2,3143,3274,0,7,10,22,3,49,51
325,dugupsoil2_light2,3146,3274,0,10,10,22,2,49,51
1278,tree2,3146,3274,0,10,10,10,0,49,51
1247,broken_twig,3147,3274,0,11,10,22,2,49,51
312,potato,3148,3274,0,12,10,10,1,49,51
312,potato,3150,3274,0,14,10,10,0,49,51
325,dugupsoil2_light2,3151,3274,0,15,10,22,2,49,51
297,scarecrow,3152,3274,0,16,10,10,2,49,51
312,potato,3154,3274,0,18,10,10,1,49,51
1246,full_twig,3155,3274,0,19,10,22,2,49,51
312,potato,3156,3274,0,20,10,10,3,49,51
980,fencing,3157,3274,0,21,10,0,2,49,51
4736,short_grass_2,3160,3274,0,24,10,22,1,49,51
4735,short_grass_1,3165,3274,0,29,10,22,1,49,51
4735,short_grass_1,3166,3274,0,30,10,22,3,49,51
4735,short_grass_1,3167,3274,0,31,10,22,3,49,51
4735,short_grass_1,3168,3274,0,32,10,22,3,49,51
4735,short_grass_1,3169,3274,0,33,10,22,0,49,51
4736,short_grass_2,3170,3274,0,34,10,22,1,49,51
44603,blankwall_no_blockrange,3172,3274,0,36,10,9,0,49,51
5541,bullrushes4,3173,3274,0,37,10,10,2,49,51
44603,blankwall_no_blockrange,3173,3274,0,37,10,0,1,49,51
1162,bullrushes,3174,3274,0,38,10,10,1,49,51
44603,blankwall_no_blockrange,3174,3274,0,38,10,0,1,49,51
44603,blankwall_no_blockrange,3175,3274,0,39,10,9,1,49,51
1252,broken_twig_light,3177,3274,0,41,10,22,3,49,51
10819,willowtree,3177,3274,0,41,10,10,0,49,51
1252,broken_twig_light,3178,3274,0,42,10,22,0,49,51
4736,short_grass_2,3179,3274,0,43,10,22,3,49,51
4735,short_grass_1,3180,3274,0,44,10,22,2,49,51
4735,short_grass_1,3181,3274,0,45,10,22,3,49,51
4737,short_grass_3,3182,3274,0,46,10,22,3,49,51
4737,short_grass_3,3183,3274,0,47,10,22,3,49,51
12998,qip_sheep_shearer_rooftop2_mirror,3183,3274,1,47,10,18,2,49,51
185,dugupsoil2_upass,3184,3274,0,48,10,22,3,49,51
12991,qip_sheep_shearer_walls_window,3184,3274,0,48,10,0,0,49,51
12995,qip_sheep_shearer_rooftop2,3184,3274,1,48,10,12,3,49,51
378,chestopen,3185,3274,0,49,10,10,2,49,51
920,poorrug2corner,3185,3274,0,49,10,22,0,49,51
12995,qip_sheep_shearer_rooftop2,3185,3274,1,49,10,12,3,49,51
920,poorrug2corner,3186,3274,0,50,10,22,1,49,51
12995,qip_sheep_shearer_rooftop2,3186,3274,1,50,10,12,3,49,51
12976,qip_sheep_shearer_cookingshelfempty,3187,3274,0,51,10,4,2,49,51
12995,qip_sheep_shearer_rooftop2,3187,3274,1,51,10,12,3,49,51
12990,qip_sheep_shearer_walls,3188,3274,0,52,10,0,0,49,51
12995,qip_sheep_shearer_rooftop2,3188,3274,1,52,10,12,3,49,51
920,poorrug2corner,3189,3274,0,53,10,22,0,49,51
12995,qip_sheep_shearer_rooftop2,3189,3274,1,53,10,12,3,49,51
920,poorrug2corner,3190,3274,0,54,10,22,1,49,51
12995,qip_sheep_shearer_rooftop2,3190,3274,1,54,10,12,3,49,51
185,dugupsoil2_upass,3191,3274,0,55,10,22,1,49,51
12995,qip_sheep_shearer_rooftop2,3191,3274,1,55,10,12,3,49,51
185,dugupsoil2_upass,3192,3274,0,56,10,22,0,49,51
891,painting2_landscape,3192,3274,0,56,10,5,2,49,51
12990,qip_sheep_shearer_walls,3192,3274,0,56,10,0,2,49,51
12995,qip_sheep_shearer_rooftop2,3192,3274,1,56,10,12,3,49,51
12995,qip_sheep_shearer_rooftop2,3193,3274,1,57,10,18,0,49,51
4735,short_grass_1,3195,3274,0,59,10,22,2,49,51
1189,daisys,3199,3274,0,63,10,10,2,49,51
4735,short_grass_1,3201,3274,0,1,10,22,3,50,51
1391,plant1,3206,3274,0,6,10,10,2,50,51
4736,short_grass_2,3208,3274,0,8,10,22,3,50,51
1189,daisys,3209,3274,0,9,10,10,0,50,51
4737,short_grass_3,3209,3274,0,9,10,22,3,50,51
4736,short_grass_2,3210,3274,0,10,10,22,1,50,51
4737,short_grass_3,3211,3274,0,11,10,22,2,50,51
12983,qip_sheep_shearer_fencing,3211,3274,0,11,10,9,3,50,51
4737,short_grass_3,3212,3274,0,12,10,22,1,50,51
12983,qip_sheep_shearer_fencing,3212,3274,0,12,10,1,3,50,51
4736,short_grass_2,3213,3274,0,13,10,22,1,50,51
4735,short_grass_1,3214,3274,0,14,10,22,0,50,51
336,dugupsoil2_grey,3216,3274,0,16,10,22,0,50,51
5587,dugupsoil2_light_no_glow,3225,3274,0,25,10,22,1,50,51
5587,dugupsoil2_light_no_glow,3226,3274,0,26,10,22,0,50,51
44603,blankwall_no_blockrange,3227,3274,0,27,10,9,1,50,51
44603,blankwall_no_blockrange,3231,3274,0,31,10,9,3,50,51
320,dugupsoil2_light,3233,3274,0,33,10,22,0,50,51
10820,oaktree,3235,3274,0,35,10,10,2,50,51
1246,full_twig,3237,3274,0,37,10,22,0,50,51
336,dugupsoil2_grey,3246,3274,0,46,10,22,2,50,51
335,dugupsoil1_grey,3247,3274,0,47,10,22,0,50,51
980,fencing,3251,3274,0,51,10,0,0,50,51
4735,short_grass_1,3255,3274,0,55,10,22,1,50,51
4735,short_grass_1,3256,3274,0,56,10,22,1,50,51
4735,short_grass_1,3257,3274,0,57,10,22,2,50,51
4735,short_grass_1,3258,3274,0,58,10,22,2,50,51
4736,short_grass_2,3259,3274,0,59,10,22,3,50,51
1189,daisys,3260,3274,0,60,10,10,2,50,51
4737,short_grass_3,3260,3274,0,60,10,22,2,50,51
4736,short_grass_2,3261,3274,0,61,10,22,2,50,51
4735,short_grass_1,3262,3274,0,62,10,22,3,50,51
4735,short_grass_1,3137,3275,0,1,11,22,1,49,51
980,fencing,3138,3275,0,2,11,9,0,49,51
4736,short_grass_2,3138,3275,0,2,11,22,1,49,51
980,fencing,3139,3275,0,3,11,1,0,49,51
312,potato,3140,3275,0,4,11,10,2,49,51
325,dugupsoil2_light2,3142,3275,0,6,11,22,2,49,51
312,potato,3143,3275,0,7,11,10,1,49,51
325,dugupsoil2_light2,3144,3275,0,8,11,22,2,49,51
1247,broken_twig,3146,3275,0,10,11,22,3,49,51
1246,full_twig,3147,3275,0,11,11,22,0,49,51
1247,broken_twig,3148,3275,0,12,11,22,1,49,51
312,potato,3149,3275,0,13,11,10,1,49,51
312,potato,3150,3275,0,14,11,10,0,49,51
325,dugupsoil2_light2,3150,3275,0,14,11,22,0,49,51
312,potato,3152,3275,0,16,11,10,2,49,51
325,dugupsoil2_light2,3152,3275,0,16,11,22,0,49,51
312,potato,3154,3275,0,18,11,10,0,49,51
312,potato,3156,3275,0,20,11,10,1,49,51
324,dugupsoil1_light2,3156,3275,0,20,11,22,2,49,51
980,fencing,3157,3275,0,21,11,0,2,49,51
4735,short_grass_1,3159,3275,0,23,11,22,0,49,51
4735,short_grass_1,3166,3275,0,30,11,22,0,49,51
4735,short_grass_1,3167,3275,0,31,11,22,3,49,51
4736,short_grass_2,3168,3275,0,32,11,22,3,49,51
4737,short_grass_3,3169,3275,0,33,11,22,2,49,51
4736,short_grass_2,3170,3275,0,34,11,22,2,49,51
4735,short_grass_1,3171,3275,0,35,11,22,1,49,51
4736,short_grass_2,3172,3275,0,36,11,22,0,49,51
5540,bullrushes3,3172,3275,0,36,11,10,2,49,51
4737,short_grass_3,3173,3275,0,37,11,22,0,49,51
4737,short_grass_3,3174,3275,0,38,11,22,0,49,51
4736,short_grass_2,3175,3275,0,39,11,22,1,49,51
5539,bullrushes2,3175,3275,0,39,11,11,2,49,51
4735,short_grass_1,3176,3275,0,40,11,22,1,49,51
1252,broken_twig_light,3177,3275,0,41,11,22,1,49,51
1247,broken_twig,3178,3275,0,42,11,22,3,49,51
4735,short_grass_1,3179,3275,0,43,11,22,1,49,51
4736,short_grass_2,3182,3275,0,46,11,22,0,49,51
4736,short_grass_2,3183,3275,0,47,11,22,0,49,51
12997,qip_sheep_shearer_rooftop1_mirror,3183,3275,1,47,11,18,2,49,51
12967,qip_sheep_shearer_barrel,3184,3275,0,48,11,10,2,49,51
12990,qip_sheep_shearer_walls,3184,3275,0,48,11,2,0,49,51
12994,qip_sheep_shearer_rooftop1,3184,3275,1,48,11,12,3,49,51
12967,qip_sheep_shearer_barrel,3185,3275,0,49,11,10,0,49,51
12991,qip_sheep_shearer_walls_window,3185,3275,0,49,11,0,1,49,51
12994,qip_sheep_shearer_rooftop1,3185,3275,1,49,11,12,3,49,51
12969,qip_sheep_shearer_fireplacecookingpot,3186,3275,0,50,11,10,1,49,51
12990,qip_sheep_shearer_walls,3186,3275,0,50,11,0,1,49,51
12994,qip_sheep_shearer_rooftop1,3186,3275,1,50,11,12,3,49,51
12972,qip_sheep_shearer_small_table,3187,3275,0,51,11,10,0,49,51
12990,qip_sheep_shearer_walls,3187,3275,0,51,11,0,1,49,51
12994,qip_sheep_shearer_rooftop1,3187,3275,1,51,11,12,3,49,51
12973,qip_sheep_shearer_chair,3188,3275,0,52,11,10,3,49,51
12990,qip_sheep_shearer_walls,3188,3275,0,52,11,2,0,49,51
12994,qip_sheep_shearer_rooftop1,3188,3275,1,52,11,12,3,49,51
919,poorrug2,3189,3275,0,53,11,22,0,49,51
13001,qip_sheep_shearer_poordoor,3189,3275,0,53,11,0,1,49,51
12994,qip_sheep_shearer_rooftop1,3189,3275,1,53,11,12,3,49,51
10095,milk_churn_icon,3190,3275,0,54,11,22,0,49,51
11695,dairy_churn,3190,3275,0,54,11,10,0,49,51
12990,qip_sheep_shearer_walls,3190,3275,0,54,11,0,1,49,51
12994,qip_sheep_shearer_rooftop1,3190,3275,1,54,11,12,3,49,51
12977,qip_sheep_shearer_crate_single,3191,3275,0,55,11,10,3,49,51
12991,qip_sheep_shearer_walls_window,3191,3275,0,55,11,0,1,49,51
12994,qip_sheep_shearer_rooftop1,3191,3275,1,55,11,12,3,49,51
12978,qip_sheep_shearer_crate_stacked,3192,3275,0,56,11,10,3,49,51
12990,qip_sheep_shearer_walls,3192,3275,0,56,11,2,1,49,51
12994,qip_sheep_shearer_rooftop1,3192,3275,1,56,11,12,3,49,51
4735,short_grass_1,3193,3275,0,57,11,22,2,49,51
12994,qip_sheep_shearer_rooftop1,3193,3275,1,57,11,18,0,49,51
1189,daisys,3194,3275,0,58,11,10,0,49,51
4735,short_grass_1,3200,3275,0,0,11,22,2,50,51
4737,short_grass_3,3201,3275,0,1,11,22,2,50,51
4736,short_grass_2,3202,3275,0,2,11,22,2,50,51
4735,short_grass_1,3203,3275,0,3,11,22,0,50,51
4737,short_grass_3,3208,3275,0,8,11,22,2,50,51
4738,short_grass_4,3209,3275,0,9,11,22,2,50,51
4737,short_grass_3,3210,3275,0,10,11,22,1,50,51
12983,qip_sheep_shearer_fencing,3210,3275,0,10,11,9,3,50,51
4737,short_grass_3,3211,3275,0,11,11,22,2,50,51
12983,qip_sheep_shearer_fencing,3211,3275,0,11,11,1,3,50,51
1394,plant4,3212,3275,0,12,11,10,0,50,51
4737,short_grass_3,3212,3275,0,12,11,22,3,50,51
4735,short_grass_1,3213,3275,0,13,11,22,1,50,51
337,dugupsoil3_grey,3216,3275,0,16,11,22,3,50,51
336,dugupsoil2_grey,3217,3275,0,17,11,22,1,50,51
1393,plant3,3219,3275,0,19,11,10,3,50,51
1341,treestump,3222,3275,0,22,11,10,2,50,51
5588,dugupsoil3_light_no_glow,3224,3275,0,24,11,22,3,50,51
44603,blankwall_no_blockrange,3226,3275,0,26,11,9,1,50,51
5606,rock_pool_bits,3227,3275,0,27,11,10,3,50,51
44603,blankwall_no_blockrange,3231,3275,0,31,11,0,0,50,51
320,dugupsoil2_light,3232,3275,0,32,11,22,3,50,51
1247,broken_twig,3235,3275,0,35,11,22,3,50,51
1300,fern2,3238,3275,0,38,11,10,1,50,51
336,dugupsoil2_grey,3246,3275,0,46,11,22,1,50,51
1174,thistle,3248,3275,0,48,11,10,0,50,51
980,fencing,3251,3275,0,51,11,0,0,50,51
8689,fat_cow,3252,3275,0,52,11,10,2,50,51
33171,dairy_cow_icon,3253,3275,0,53,11,22,0,50,51
4735,short_grass_1,3254,3275,0,54,11,22,1,50,51
4736,short_grass_2,3255,3275,0,55,11,22,3,50,51
1189,daisys,3256,3275,0,56,11,10,0,50,51
4737,short_grass_3,3256,3275,0,56,11,22,2,50,51
4736,short_grass_2,3257,3275,0,57,11,22,2,50,51
4735,short_grass_1,3258,3275,0,58,11,22,0,50,51
4736,short_grass_2,3259,3275,0,59,11,22,0,50,51
4737,short_grass_3,3260,3275,0,60,11,22,0,50,51
4736,short_grass_2,3261,3275,0,61,11,22,1,50,51
4735,short_grass_1,3262,3275,0,62,11,22,0,50,51
4735,short_grass_1,3138,3276,0,2,12,22,0,49,51
325,dugupsoil2_light2,3139,3276,0,3,12,22,0,49,51
980,fencing,3139,3276,0,3,12,0,0,49,51
312,potato,3140,3276,0,4,12,10,3,49,51
326,dugupsoil3_light2,3140,3276,0,4,12,22,2,49,51
312,potato,3142,3276,0,6,12,10,2,49,51
325,dugupsoil2_light2,3143,3276,0,7,12,22,2,49,51
325,dugupsoil2_light2,3144,3276,0,8,12,22,3,49,51
1246,full_twig,3146,3276,0,10,12,22,2,49,51
312,potato,3148,3276,0,12,12,10,0,49,51
312,potato,3150,3276,0,14,12,10,0,49,51
325,dugupsoil2_light2,3151,3276,0,15,12,22,1,49,51
312,potato,3152,3276,0,16,12,10,1,49,51
326,dugupsoil3_light2,3152,3276,0,16,12,22,0,49,51
325,dugupsoil2_light2,3153,3276,0,17,12,22,1,49,51
312,potato,3154,3276,0,18,12,10,0,49,51
312,potato,3156,3276,0,20,12,10,0,49,51
980,fencing,3157,3276,0,21,12,0,2,49,51
4735,short_grass_1,3158,3276,0,22,12,22,1,49,51
4735,short_grass_1,3167,3276,0,31,12,22,3,49,51
4737,short_grass_3,3168,3276,0,32,12,22,3,49,51
4738,short_grass_4,3169,3276,0,33,12,22,2,49,51
4737,short_grass_3,3170,3276,0,34,12,22,1,49,51
4735,short_grass_1,3171,3276,0,35,12,22,3,49,51
4735,short_grass_1,3172,3276,0,36,12,22,1,49,51
4735,short_grass_1,3173,3276,0,37,12,22,1,49,51
4735,short_grass_1,3175,3276,0,39,12,22,0,49,51
4735,short_grass_1,3182,3276,0,46,12,22,3,49,51
4735,short_grass_1,3183,3276,0,47,12,22,1,49,51
12993,qip_sheep_shearer_rooftopedge_mirror,3183,3276,1,47,12,21,3,49,51
979,drystonewall,3184,3276,0,48,12,0,0,49,51
4735,short_grass_1,3184,3276,0,48,12,22,0,49,51
13000,qip_sheep_shearer_poor_roof1,3184,3276,1,48,12,18,3,49,51
5574,sack_full,3185,3276,0,49,12,10,3,49,51
13000,qip_sheep_shearer_poor_roof1,3185,3276,1,49,12,18,3,49,51
13000,qip_sheep_shearer_poor_roof1,3186,3276,1,50,12,18,3,49,51
13000,qip_sheep_shearer_poor_roof1,3187,3276,1,51,12,18,3,49,51
13000,qip_sheep_shearer_poor_roof1,3188,3276,1,52,12,18,3,49,51
13000,qip_sheep_shearer_poor_roof1,3189,3276,1,53,12,18,3,49,51
4619,lantern_glows,3190,3276,0,54,12,4,3,49,51
13000,qip_sheep_shearer_poor_roof1,3190,3276,1,54,12,18,3,49,51
13000,qip_sheep_shearer_poor_roof1,3191,3276,1,55,12,18,3,49,51
979,drystonewall,3192,3276,0,56,12,0,2,49,51
13000,qip_sheep_shearer_poor_roof1,3192,3276,1,56,12,18,3,49,51
4736,short_grass_2,3193,3276,0,57,12,22,2,49,51
12992,qip_sheep_shearer_rooftopedge,3193,3276,1,57,12,21,3,49,51
4735,short_grass_1,3194,3276,0,58,12,22,1,49,51
4735,short_grass_1,3196,3276,0,60,12,22,0,49,51
12982,qip_sheep_shearer_fullstyle,3197,3276,0,61,12,10,0,49,51
4735,short_grass_1,3198,3276,0,62,12,22,0,49,51
4736,short_grass_2,3200,3276,0,0,12,22,3,50,51
4738,short_grass_4,3201,3276,0,1,12,22,1,50,51
4737,short_grass_3,3202,3276,0,2,12,22,1,50,51
4735,short_grass_1,3203,3276,0,3,12,22,1,50,51
12983,qip_sheep_shearer_fencing,3205,3276,0,5,12,9,3,50,51
12983,qip_sheep_shearer_fencing,3206,3276,0,6,12,0,3,50,51
1391,plant1,3207,3276,0,7,12,10,0,50,51
12983,qip_sheep_shearer_fencing,3207,3276,0,7,12,0,3,50,51
4736,short_grass_2,3208,3276,0,8,12,22,0,50,51
12983,qip_sheep_shearer_fencing,3208,3276,0,8,12,0,3,50,51
4737,short_grass_3,3209,3276,0,9,12,22,0,50,51
12983,qip_sheep_shearer_fencing,3209,3276,0,9,12,0,3,50,51
4737,short_grass_3,3210,3276,0,10,12,22,0,50,51
12983,qip_sheep_shearer_fencing,3210,3276,0,10,12,1,3,50,51
1189,daisys,3211,3276,0,11,12,10,1,50,51
4737,short_grass_3,3211,3276,0,11,12,22,0,50,51
4736,short_grass_2,3212,3276,0,12,12,22,1,50,51
336,dugupsoil2_grey,3216,3276,0,16,12,22,2,50,51
44603,blankwall_no_blockrange,3225,3276,0,25,12,9,1,50,51
44603,blankwall_no_blockrange,3230,3276,0,30,12,9,3,50,51
320,dugupsoil2_light,3231,3276,0,31,12,22,0,50,51
1246,full_twig,3235,3276,0,35,12,22,3,50,51
1247,broken_twig,3236,3276,0,36,12,22,2,50,51
335,dugupsoil1_grey,3241,3276,0,41,12,22,1,50,51
336,dugupsoil2_grey,3242,3276,0,42,12,22,0,50,51
336,dugupsoil2_grey,3243,3276,0,43,12,22,0,50,51
980,fencing,3250,3276,0,50,12,9,3,50,51
980,fencing,3251,3276,0,51,12,1,3,50,51
4735,short_grass_1,3254,3276,0,54,12,22,0,50,51
4736,short_grass_2,3255,3276,0,55,12,22,0,50,51
4737,short_grass_3,3256,3276,0,56,12,22,0,50,51
1189,daisys,3257,3276,0,57,12,10,3,50,51
4736,short_grass_2,3257,3276,0,57,12,22,1,50,51
4735,short_grass_1,3258,3276,0,58,12,22,2,50,51
4735,short_grass_1,3259,3276,0,59,12,22,1,50,51
4735,short_grass_1,3260,3276,0,60,12,22,2,50,51
4735,short_grass_1,3261,3276,0,61,12,22,3,50,51
980,fencing,3139,3277,0,3,13,0,0,49,51
324,dugupsoil1_light2,3141,3277,0,5,13,22,0,49,51
312,potato,3142,3277,0,6,13,10,0,49,51
312,potato,3144,3277,0,8,13,10,1,49,51
325,dugupsoil2_light2,3145,3277,0,9,13,22,0,49,51
312,potato,3147,3277,0,11,13,10,3,49,51
312,potato,3148,3277,0,12,13,10,2,49,51
325,dugupsoil2_light2,3148,3277,0,12,13,22,2,49,51
325,dugupsoil2_light2,3149,3277,0,13,13,22,3,49,51
312,potato,3150,3277,0,14,13,10,3,49,51
312,potato,3154,3277,0,18,13,10,2,49,51
325,dugupsoil2_light2,3154,3277,0,18,13,22,2,49,51
326,dugupsoil3_light2,3155,3277,0,19,13,22,2,49,51
312,potato,3156,3277,0,20,13,10,0,49,51
980,fencing,3157,3277,0,21,13,0,2,49,51
4735,short_grass_1,3160,3277,0,24,13,22,1,49,51
1276,tree,3164,3277,0,28,13,10,0,49,51
1247,broken_twig,3165,3277,0,29,13,22,2,49,51
16433,randomsound_song_birds,3166,3277,0,30,13,22,0,49,51
4736,short_grass_2,3168,3277,0,32,13,22,0,49,51
4737,short_grass_3,3169,3277,0,33,13,22,0,49,51
4736,short_grass_2,3170,3277,0,34,13,22,1,49,51
4735,short_grass_1,3183,3277,0,47,13,22,2,49,51
979,drystonewall,3184,3277,0,48,13,0,0,49,51
4735,short_grass_1,3184,3277,0,48,13,22,1,49,51
5581,log_withaxe,3186,3277,0,50,13,10,0,49,51
11439,dugupsmallrocks_lightgrey2,3189,3277,0,53,13,22,0,49,51
979,drystonewall,3192,3277,0,56,13,0,2,49,51
4736,short_grass_2,3193,3277,0,57,13,22,1,49,51
12983,qip_sheep_shearer_fencing,3193,3277,0,57,13,0,3,49,51
12983,qip_sheep_shearer_fencing,3194,3277,0,58,13,0,3,49,51
12983,qip_sheep_shearer_fencing,3195,3277,0,59,13,0,3,49,51
5536,short_grass_wall_edge_2,3196,3277,0,60,13,22,0,49,51
12983,qip_sheep_shearer_fencing,3196,3277,0,60,13,0,3,49,51
4735,short_grass_1,3198,3277,0,62,13,22,0,49,51
12983,qip_sheep_shearer_fencing,3198,3277,0,62,13,0,3,49,51
12983,qip_sheep_shearer_fencing,3199,3277,0,63,13,0,3,49,51
4735,short_grass_1,3200,3277,0,0,13,22,2,50,51
12983,qip_sheep_shearer_fencing,3200,3277,0,0,13,0,3,50,51
4737,short_grass_3,3201,3277,0,1,13,22,0,50,51
12983,qip_sheep_shearer_fencing,3201,3277,0,1,13,0,3,50,51
4736,short_grass_2,3202,3277,0,2,13,22,1,50,51
12983,qip_sheep_shearer_fencing,3202,3277,0,2,13,0,3,50,51
4735,short_grass_1,3203,3277,0,3,13,22,0,50,51
12983,qip_sheep_shearer_fencing,3203,3277,0,3,13,0,3,50,51
12983,qip_sheep_shearer_fencing,3204,3277,0,4,13,0,3,50,51
12983,qip_sheep_shearer_fencing,3205,3277,0,5,13,1,3,50,51
4735,short_grass_1,3210,3277,0,10,13,22,0,50,51
4735,short_grass_1,3211,3277,0,11,13,22,0,50,51
4735,short_grass_1,3212,3277,0,12,13,22,1,50,51
1341,treestump,3220,3277,0,20,13,10,1,50,51
44603,blankwall_no_blockrange,3224,3277,0,24,13,9,3,50,51
44603,blankwall_no_blockrange,3229,3277,0,29,13,9,3,50,51
320,dugupsoil2_light,3230,3277,0,30,13,22,2,50,51
336,dugupsoil2_grey,3241,3277,0,41,13,22,1,50,51
10790,boulder1,3242,3277,0,42,13,10,1,50,51
325,dugupsoil2_light2,3243,3277,0,43,13,22,3,50,51
980,fencing,3249,3277,0,49,13,9,3,50,51
980,fencing,3250,3277,0,50,13,1,3,50,51
1394,plant4,3250,3277,0,50,13,10,0,50,51
4735,short_grass_1,3256,3277,0,56,13,22,3,50,51
4735,short_grass_1,3263,3277,0,63,13,22,3,50,51
4735,short_grass_1,3138,3278,0,2,14,22,0,49,51
325,dugupsoil2_light2,3139,3278,0,3,14,22,3,49,51
980,fencing,3139,3278,0,3,14,0,0,49,51
325,dugupsoil2_light2,3140,3278,0,4,14,22,2,49,51
325,dugupsoil2_light2,3141,3278,0,5,14,22,1,49,51
326,dugupsoil3_light2,3144,3278,0,8,14,22,0,49,51
312,potato,3146,3278,0,10,14,10,0,49,51
312,potato,3149,3278,0,13,14,10,3,49,51
312,potato,3151,3278,0,15,14,10,0,49,51
312,potato,3152,3278,0,16,14,10,0,49,51
324,dugupsoil1_light2,3152,3278,0,16,14,22,1,49,51
312,potato,3154,3278,0,18,14,10,3,49,51
312,potato,3156,3278,0,20,14,10,1,49,51
980,fencing,3157,3278,0,21,14,0,2,49,51
4735,short_grass_1,3159,3278,0,23,14,22,0,49,51
1247,broken_twig,3164,3278,0,28,14,22,1,49,51
1246,full_twig,3165,3278,0,29,14,22,2,49,51
4736,short_grass_2,3170,3278,0,34,14,22,3,49,51
4737,short_grass_3,3171,3278,0,35,14,22,2,49,51
1276,tree,3177,3278,0,41,14,10,3,49,51
1247,broken_twig,3178,3278,0,42,14,22,0,49,51
979,drystonewall,3184,3278,0,48,14,0,0,49,51
5537,woodchippings,3186,3278,0,50,14,22,0,49,51
1189,daisys,3191,3278,0,55,14,10,0,49,51
979,drystonewall,3192,3278,0,56,14,0,2,49,51
1174,thistle,3194,3278,0,58,14,10,3,49,51
336,dugupsoil2_grey,3206,3278,0,6,14,22,0,50,51
4735,short_grass_1,3208,3278,0,8,14,22,0,50,51
4735,short_grass_1,3209,3278,0,9,14,22,2,50,51
336,dugupsoil2_grey,3213,3278,0,13,14,22,3,50,51
335,dugupsoil1_grey,3214,3278,0,14,14,22,3,50,51
336,dugupsoil2_grey,3215,3278,0,15,14,22,3,50,51
44603,blankwall_no_blockrange,3222,3278,0,22,14,9,3,50,51
44603,blankwall_no_blockrange,3223,3278,0,23,14,0,3,50,51
44603,blankwall_no_blockrange,3228,3278,0,28,14,9,3,50,51
981,gardenfencing,3229,3278,0,29,14,3,2,50,51
980,fencing,3230,3278,0,30,14,0,3,50,51
980,fencing,3231,3278,0,31,14,0,3,50,51
980,fencing,3232,3278,0,32,14,9,2,50,51
1174,thistle,3233,3278,0,33,14,10,2,50,51
1174,thistle,3238,3278,0,38,14,10,1,50,51
325,dugupsoil2_light2,3242,3278,0,42,14,22,0,50,51
326,dugupsoil3_light2,3243,3278,0,43,14,22,1,50,51
325,dugupsoil2_light2,3244,3278,0,44,14,22,1,50,51
980,fencing,3245,3278,0,45,14,9,3,50,51
980,fencing,3246,3278,0,46,14,0,3,50,51
980,fencing,3247,3278,0,47,14,0,3,50,51
980,fencing,3248,3278,0,48,14,0,3,50,51
980,fencing,3249,3278,0,49,14,1,3,50,51
1189,daisys,3252,3278,0,52,14,10,3,50,51
4735,short_grass_1,3253,3278,0,53,14,22,0,50,51
4736,short_grass_2,3259,3278,0,59,14,22,3,50,51
4737,short_grass_3,3260,3278,0,60,14,22,2,50,51
4736,short_grass_2,3261,3278,0,61,14,22,2,50,51
4735,short_grass_1,3138,3279,0,2,15,22,1,49,51
980,fencing,3139,3279,0,3,15,0,0,49,51
312,potato,3140,3279,0,4,15,10,2,49,51
324,dugupsoil1_light2,3140,3279,0,4,15,22,2,49,51
312,potato,3142,3279,0,6,15,10,0,49,51
312,potato,3144,3279,0,8,15,10,3,49,51
325,dugupsoil2_light2,3144,3279,0,8,15,22,3,49,51
324,dugupsoil1_light2,3147,3279,0,11,15,22,0,49,51
312,potato,3148,3279,0,12,15,10,0,49,51
325,dugupsoil2_light2,3149,3279,0,13,15,22,3,49,51
312,potato,3152,3279,0,16,15,10,3,49,51
312,potato,3154,3279,0,18,15,10,1,49,51
326,dugupsoil3_light2,3154,3279,0,18,15,22,3,49,51
980,fencing,3157,3279,0,21,15,0,2,49,51
4735,short_grass_1,3160,3279,0,24,15,22,1,49,51
4735,short_grass_1,3161,3279,0,25,15,22,2,49,51
1247,broken_twig,3165,3279,0,29,15,22,0,49,51
4736,short_grass_2,3169,3279,0,33,15,22,3,49,51
4737,short_grass_3,3170,3279,0,34,15,22,2,49,51
4737,short_grass_3,3171,3279,0,35,15,22,2,49,51
4736,short_grass_2,3172,3279,0,36,15,22,2,49,51
1278,tree2,3173,3279,0,37,15,10,0,49,51
1247,broken_twig,3174,3279,0,38,15,22,2,49,51
1247,broken_twig,3177,3279,0,41,15,22,1,49,51
4735,short_grass_1,3179,3279,0,43,15,22,3,49,51
1247,broken_twig,3180,3279,0,44,15,22,2,49,51
1278,tree2,3180,3279,0,44,15,10,3,49,51
1247,broken_twig,3181,3279,0,45,15,22,0,49,51
979,drystonewall,3184,3279,0,48,15,9,0,49,51
4325,viking_drystonewall,3185,3279,0,49,15,0,1,49,51
4325,viking_drystonewall,3186,3279,0,50,15,0,1,49,51
4325,viking_drystonewall,3187,3279,0,51,15,0,1,49,51
12986,qip_sheep_shearer_fencegate_l,3188,3279,0,52,15,0,1,49,51
12987,qip_sheep_shearer_fencegate_r,3189,3279,0,53,15,0,1,49,51
979,drystonewall,3190,3279,0,54,15,0,1,49,51
979,drystonewall,3191,3279,0,55,15,0,1,49,51
979,drystonewall,3192,3279,0,56,15,9,1,49,51
1393,plant3,3195,3279,0,59,15,10,3,49,51
11438,dugupsmallrocks_lightgrey1,3197,3279,0,61,15,22,2,49,51
11439,dugupsmallrocks_lightgrey2,3198,3279,0,62,15,22,1,49,51
1248,sticks_twigs,3199,3279,0,63,15,22,3,49,51
336,dugupsoil2_grey,3200,3279,0,0,15,22,2,50,51
337,dugupsoil3_grey,3206,3279,0,6,15,22,1,50,51
336,dugupsoil2_grey,3207,3279,0,7,15,22,3,50,51
4735,short_grass_1,3208,3279,0,8,15,22,1,50,51
4735,short_grass_1,3209,3279,0,9,15,22,3,50,51
5587,dugupsoil2_light_no_glow,3219,3279,0,19,15,22,1,50,51
44603,blankwall_no_blockrange,3221,3279,0,21,15,9,3,50,51
44603,blankwall_no_blockrange,3226,3279,0,26,15,9,3,50,51
44603,blankwall_no_blockrange,3227,3279,0,27,15,0,3,50,51
320,dugupsoil2_light,3228,3279,0,28,15,22,1,50,51
15704,dttd_machine_crate_open_with_lid,3228,3279,0,28,15,10,0,50,51
15704,dttd_machine_crate_open_with_lid,3229,3279,0,29,15,10,0,50,51
1247,broken_twig,3230,3279,0,30,15,22,1,50,51
1278,tree2,3230,3279,0,30,15,10,0,50,51
1246,full_twig,3231,3279,0,31,15,22,3,50,51
980,fencing,3232,3279,0,32,15,1,2,50,51
980,fencing,3233,3279,0,33,15,0,3,50,51
980,fencing,3234,3279,0,34,15,9,2,50,51
1299,fern1,3235,3279,0,35,15,10,2,50,51
325,dugupsoil2_light2,3243,3279,0,43,15,22,2,50,51
325,dugupsoil2_light2,3244,3279,0,44,15,22,1,50,51
980,fencing,3244,3279,0,44,15,9,3,50,51
980,fencing,3245,3279,0,45,15,1,3,50,51
1394,plant4,3249,3279,0,49,15,10,1,50,51
4735,short_grass_1,3252,3279,0,52,15,22,3,50,51
4736,short_grass_2,3253,3279,0,53,15,22,3,50,51
1189,daisys,3254,3279,0,54,15,10,1,50,51
4736,short_grass_2,3254,3279,0,54,15,22,2,50,51
4737,short_grass_3,3259,3279,0,59,15,22,3,50,51
4738,short_grass_4,3260,3279,0,60,15,22,3,50,51
4737,short_grass_3,3261,3279,0,61,15,22,1,50,51
980,fencing,3138,3280,0,2,16,9,3,49,51
4736,short_grass_2,3138,3280,0,2,16,22,2,49,51
980,fencing,3139,3280,0,3,16,1,3,49,51
4735,short_grass_1,3139,3280,0,3,16,22,3,49,51
325,dugupsoil2_light2,3141,3280,0,5,16,22,1,49,51
1246,full_twig,3142,3280,0,6,16,22,1,49,51
312,potato,3144,3280,0,8,16,10,0,49,51
325,dugupsoil2_light2,3144,3280,0,8,16,22,2,49,51
325,dugupsoil2_light2,3145,3280,0,9,16,22,1,49,51
312,potato,3147,3280,0,11,16,10,3,49,51
16436,randomsound_various_birds,3148,3280,0,12,16,22,0,49,51
312,potato,3150,3280,0,14,16,10,0,49,51
1248,sticks_twigs,3151,3280,0,15,16,22,2,49,51
324,dugupsoil1_light2,3152,3280,0,16,16,22,0,49,51
325,dugupsoil2_light2,3153,3280,0,17,16,22,0,49,51
312,potato,3154,3280,0,18,16,10,3,49,51
1246,full_twig,3155,3280,0,19,16,22,3,49,51
312,potato,3156,3280,0,20,16,10,2,49,51
324,dugupsoil1_light2,3156,3280,0,20,16,22,0,49,51
980,fencing,3157,3280,0,21,16,0,2,49,51
1118,wildbush1,3159,3280,0,23,16,10,0,49,51
1247,broken_twig,3160,3280,0,24,16,22,3,49,51
4735,short_grass_1,3161,3280,0,25,16,22,0,49,51
1246,full_twig,3164,3280,0,28,16,22,0,49,51
1276,tree,3164,3280,0,28,16,10,3,49,51
1247,broken_twig,3165,3280,0,29,16,22,3,49,51
4737,short_grass_3,3169,3280,0,33,16,22,3,49,51
1189,daisys,3170,3280,0,34,16,11,3,49,51
4738,short_grass_4,3170,3280,0,34,16,22,0,49,51
4738,short_grass_4,3171,3280,0,35,16,22,2,49,51
4737,short_grass_3,3172,3280,0,36,16,22,1,49,51
1247,broken_twig,3173,3280,0,37,16,22,3,49,51
1246,full_twig,3174,3280,0,38,16,22,0,49,51
4735,short_grass_1,3177,3280,0,41,16,22,2,49,51
4735,short_grass_1,3178,3280,0,42,16,22,2,49,51
1247,broken_twig,3180,3280,0,44,16,22,1,49,51
1247,broken_twig,3181,3280,0,45,16,22,3,49,51
309,logpile,3185,3280,0,49,16,10,2,49,51
309,logpile,3186,3280,0,50,16,10,1,49,51
4735,short_grass_1,3187,3280,0,51,16,22,3,49,51
4735,short_grass_1,3190,3280,0,54,16,22,0,49,51
11439,dugupsmallrocks_lightgrey2,3196,3280,0,60,16,22,0,49,51
1246,full_twig,3216,3280,0,16,16,22,1,50,51
5586,dugupsoil1_light_no_glow,3218,3280,0,18,16,22,1,50,51
44603,blankwall_no_blockrange,3219,3280,0,19,16,9,1,50,51
44603,blankwall_no_blockrange,3220,3280,0,20,16,0,3,50,51
44603,blankwall_no_blockrange,3226,3280,0,26,16,0,0,50,51
15704,dttd_machine_crate_open_with_lid,3227,3280,0,27,16,10,0,50,51
15704,dttd_machine_crate_open_with_lid,3228,3280,0,28,16,10,0,50,51
1247,broken_twig,3230,3280,0,30,16,22,3,50,51
1247,broken_twig,3231,3280,0,31,16,22,2,50,51
1391,plant1,3233,3280,0,33,16,10,1,50,51
980,fencing,3234,3280,0,34,16,1,2,50,51
980,fencing,3235,3280,0,35,16,9,2,50,51
325,dugupsoil2_light2,3239,3280,0,39,16,22,0,50,51
336,dugupsoil2_grey,3241,3280,0,41,16,22,1,50,51
980,fencing,3244,3280,0,44,16,0,0,50,51
325,dugupsoil2_light2,3245,3280,0,45,16,22,2,50,51
4735,short_grass_1,3252,3280,0,52,16,22,2,50,51
4736,short_grass_2,3253,3280,0,53,16,22,0,50,51
4736,short_grass_2,3254,3280,0,54,16,22,1,50,51
4736,short_grass_2,3259,3280,0,59,16,22,0,50,51
4738,short_grass_4,3260,3280,0,60,16,22,2,50,51
4738,short_grass_4,3261,3280,0,61,16,22,2,50,51
4735,short_grass_1,3137,3281,0,1,17,22,0,49,51
980,fencing,3138,3281,0,2,17,0,0,49,51
4735,short_grass_1,3138,3281,0,2,17,22,2,49,51
325,dugupsoil2_light2,3140,3281,0,4,17,22,0,49,51
312,potato,3143,3281,0,7,17,10,3,49,51
312,potato,3146,3281,0,10,17,10,1,49,51
325,dugupsoil2_light2,3148,3281,0,12,17,22,2,49,51
312,potato,3149,3281,0,13,17,10,0,49,51
326,dugupsoil3_light2,3149,3281,0,13,17,22,3,49,51
312,potato,3150,3281,0,14,17,10,3,49,51
312,potato,3152,3281,0,16,17,10,3,49,51
326,dugupsoil3_light2,3153,3281,0,17,17,22,0,49,51
325,dugupsoil2_light2,3154,3281,0,18,17,22,1,49,51
312,potato,3155,3281,0,19,17,10,0,49,51
980,fencing,3157,3281,0,21,17,0,2,49,51
4735,short_grass_1,3158,3281,0,22,17,22,3,49,51
1247,broken_twig,3160,3281,0,24,17,22,0,49,51
1247,broken_twig,3164,3281,0,28,17,22,3,49,51
1247,broken_twig,3165,3281,0,29,17,22,0,49,51
1298,fern,3166,3281,0,30,17,10,0,49,51
4736,short_grass_2,3169,3281,0,33,17,22,0,49,51
4737,short_grass_3,3170,3281,0,34,17,22,0,49,51
4737,short_grass_3,3171,3281,0,35,17,22,0,49,51
4736,short_grass_2,3172,3281,0,36,17,22,1,49,51
1394,plant4,3176,3281,0,40,17,10,0,49,51
4735,short_grass_1,3178,3281,0,42,17,22,3,49,51
4735,short_grass_1,3179,3281,0,43,17,22,1,49,51
4736,short_grass_2,3184,3281,0,48,17,22,3,49,51
4736,short_grass_2,3185,3281,0,49,17,22,2,49,51
11440,dugupsmallrocks_lightgrey3,3190,3281,0,54,17,22,0,49,51
11438,dugupsmallrocks_lightgrey1,3192,3281,0,56,17,22,1,49,51
11439,dugupsmallrocks_lightgrey2,3193,3281,0,57,17,22,2,49,51
1394,plant4,3211,3281,0,11,17,10,3,50,51
5587,dugupsoil2_light_no_glow,3217,3281,0,17,17,22,2,50,51
5604,rock_pool,3219,3281,0,19,17,10,1,50,51
44603,blankwall_no_blockrange,3219,3281,0,19,17,0,0,50,51
44603,blankwall_no_blockrange,3226,3281,0,26,17,0,0,50,51
320,dugupsoil2_light,3227,3281,0,27,17,22,1,50,51
980,fencing,3235,3281,0,35,17,0,2,50,51
336,dugupsoil2_grey,3240,3281,0,40,17,22,2,50,51
335,dugupsoil1_grey,3241,3281,0,41,17,22,0,50,51
980,fencing,3243,3281,0,43,17,9,3,50,51
980,fencing,3244,3281,0,44,17,1,3,50,51
4735,short_grass_1,3248,3281,0,48,17,22,3,50,51
4736,short_grass_2,3249,3281,0,49,17,22,3,50,51
4737,short_grass_3,3250,3281,0,50,17,22,2,50,51
4735,short_grass_1,3251,3281,0,51,17,22,2,50,51
4735,short_grass_1,3254,3281,0,54,17,22,1,50,51
4737,short_grass_3,3260,3281,0,60,17,22,0,50,51
4736,short_grass_2,3261,3281,0,61,17,22,1,50,51
980,fencing,3138,3282,0,2,18,0,0,49,51
312,potato,3139,3282,0,3,18,10,1,49,51
325,dugupsoil2_light2,3140,3282,0,4,18,22,3,49,51
312,potato,3142,3282,0,6,18,10,1,49,51
326,dugupsoil3_light2,3145,3282,0,9,18,22,3,49,51
312,potato,3148,3282,0,12,18,10,3,49,51
312,potato,3151,3282,0,15,18,10,0,49,51
312,potato,3154,3282,0,18,18,10,0,49,51
312,potato,3156,3282,0,20,18,10,3,49,51
980,fencing,3157,3282,0,21,18,1,2,49,51
980,fencing,3158,3282,0,22,18,9,2,49,51
4736,short_grass_2,3158,3282,0,22,18,22,1,49,51
1247,broken_twig,3168,3282,0,32,18,22,2,49,51
4735,short_grass_1,3170,3282,0,34,18,22,0,49,51
4735,short_grass_1,3171,3282,0,35,18,22,0,49,51
1278,tree2,3173,3282,0,37,18,10,0,49,51
1247,broken_twig,3174,3282,0,38,18,22,3,49,51
1247,broken_twig,3177,3282,0,41,18,22,3,49,51
4735,short_grass_1,3178,3282,0,42,18,22,0,49,51
1394,plant4,3179,3282,0,43,18,10,1,49,51
4735,short_grass_1,3182,3282,0,46,18,22,2,49,51
4735,short_grass_1,3183,3282,0,47,18,22,2,49,51
4736,short_grass_2,3184,3282,0,48,18,22,0,49,51
4736,short_grass_2,3185,3282,0,49,18,22,1,49,51
11439,dugupsmallrocks_lightgrey2,3192,3282,0,56,18,22,3,49,51
980,fencing,3195,3282,0,59,18,9,3,49,51
1008,fence_terminator_right,3196,3282,0,60,18,0,3,49,51
1560,fencegate_r,3197,3282,0,61,18,0,3,49,51
1558,fencegate_l,3198,3282,0,62,18,0,3,49,51
4737,short_grass_3,3198,3282,0,62,18,22,0,49,51
1007,fence_terminator_left,3199,3282,0,63,18,0,3,49,51
4737,short_grass_3,3199,3282,0,63,18,22,0,49,51
980,fencing,3200,3282,0,0,18,9,2,50,51
980,fencing,3201,3282,0,1,18,0,1,50,51
980,fencing,3202,3282,0,2,18,0,1,50,51
980,fencing,3203,3282,0,3,18,0,1,50,51
980,fencing,3204,3282,0,4,18,0,1,50,51
980,fencing,3205,3282,0,5,18,0,1,50,51
981,gardenfencing,3206,3282,0,6,18,3,0,50,51
44603,blankwall_no_blockrange,3218,3282,0,18,18,9,1,50,51
44603,blankwall_no_blockrange,3225,3282,0,25,18,9,3,50,51
319,dugupsoil1_light,3226,3282,0,26,18,22,2,50,51
1174,thistle,3234,3282,0,34,18,11,2,50,51
980,fencing,3235,3282,0,35,18,1,2,50,51
980,fencing,3236,3282,0,36,18,9,2,50,51
325,dugupsoil2_light2,3242,3282,0,42,18,22,3,50,51
980,fencing,3242,3282,0,42,18,9,3,50,51
980,fencing,3243,3282,0,43,18,1,3,50,51
4735,short_grass_1,3247,3282,0,47,18,22,2,50,51
4735,short_grass_1,3248,3282,0,48,18,22,0,50,51
4737,short_grass_3,3249,3282,0,49,18,22,3,50,51
4738,short_grass_4,3250,3282,0,50,18,22,1,50,51
4736,short_grass_2,3251,3282,0,51,18,22,2,50,51
4735,short_grass_1,3252,3282,0,52,18,22,1,50,51
4736,short_grass_2,3253,3282,0,53,18,22,3,50,51
1189,daisys,3254,3282,0,54,18,10,0,50,51
4737,short_grass_3,3254,3282,0,54,18,22,2,50,51
4736,short_grass_2,3255,3282,0,55,18,22,2,50,51
4735,short_grass_1,3257,3282,0,57,18,22,0,50,51
4736,short_grass_2,3258,3282,0,58,18,22,3,50,51
4736,short_grass_2,3259,3282,0,59,18,22,2,50,51
4735,short_grass_1,3137,3283,0,1,19,22,2,49,51
307,cart,3138,3283,0,2,19,10,2,49,51
980,fencing,3138,3283,0,2,19,0,0,49,51
312,potato,3141,3283,0,5,19,10,2,49,51
312,potato,3144,3283,0,8,19,10,3,49,51
326,dugupsoil3_light2,3144,3283,0,8,19,22,3,49,51
312,potato,3147,3283,0,11,19,10,2,49,51
325,dugupsoil2_light2,3148,3283,0,12,19,22,0,49,51
312,potato,3150,3283,0,14,19,10,2,49,51
312,potato,3152,3283,0,16,19,10,2,49,51
1247,broken_twig,3154,3283,0,18,19,22,0,49,51
312,potato,3156,3283,0,20,19,10,0,49,51
980,fencing,3158,3283,0,22,19,0,2,49,51
4735,short_grass_1,3159,3283,0,23,19,22,3,49,51
1276,tree,3166,3283,0,30,19,10,1,49,51
1247,broken_twig,3167,3283,0,31,19,22,1,49,51
4735,short_grass_1,3170,3283,0,34,19,22,0,49,51
1247,broken_twig,3173,3283,0,37,19,22,0,49,51
1247,broken_twig,3174,3283,0,38,19,22,0,49,51
1246,full_twig,3180,3283,0,44,19,22,3,49,51
4736,short_grass_2,3181,3283,0,45,19,22,3,49,51
1189,daisys,3182,3283,0,46,19,11,2,49,51
4737,short_grass_3,3182,3283,0,46,19,22,2,49,51
4735,short_grass_1,3183,3283,0,47,19,22,2,49,51
4735,short_grass_1,3184,3283,0,48,19,22,1,49,51
11439,dugupsmallrocks_lightgrey2,3187,3283,0,51,19,22,3,49,51
11439,dugupsmallrocks_lightgrey2,3190,3283,0,54,19,22,2,49,51
980,fencing,3195,3283,0,59,19,0,0,49,51
1174,thistle,3198,3283,0,62,19,10,2,49,51
4736,short_grass_2,3201,3283,0,1,19,22,2,50,51
4736,short_grass_2,3202,3283,0,2,19,22,2,50,51
980,fencing,3205,3283,0,5,19,1,2,50,51
980,fencing,3206,3283,0,6,19,9,2,50,51
324,dugupsoil1_light2,3207,3283,0,7,19,22,1,50,51
980,fencing,3207,3283,0,7,19,0,1,50,51
980,fencing,3208,3283,0,8,19,0,1,50,51
980,fencing,3209,3283,0,9,19,0,1,50,51
980,fencing,3210,3283,0,10,19,0,1,50,51
980,fencing,3211,3283,0,11,19,0,1,50,51
981,gardenfencing,3212,3283,0,12,19,3,0,50,51
5587,dugupsoil2_light_no_glow,3216,3283,0,16,19,22,3,50,51
44603,blankwall_no_blockrange,3217,3283,0,17,19,9,1,50,51
5606,rock_pool_bits,3218,3283,0,18,19,10,2,50,51
44603,blankwall_no_blockrange,3223,3283,0,23,19,9,3,50,51
44603,blankwall_no_blockrange,3224,3283,0,24,19,0,3,50,51
320,dugupsoil2_light,3225,3283,0,25,19,22,0,50,51
1263,hay_2,3231,3283,0,31,19,22,3,50,51
1008,fence_terminator_right,3236,3283,0,36,19,0,2,50,51
980,fencing,3241,3283,0,41,19,9,3,50,51
980,fencing,3242,3283,0,42,19,1,3,50,51
325,dugupsoil2_light2,3244,3283,0,44,19,22,3,50,51
4735,short_grass_1,3247,3283,0,47,19,22,1,50,51
4735,short_grass_1,3248,3283,0,48,19,22,1,50,51
4737,short_grass_3,3249,3283,0,49,19,22,0,50,51
4738,short_grass_4,3250,3283,0,50,19,22,0,50,51
4738,short_grass_4,3251,3283,0,51,19,22,0,50,51
4735,short_grass_1,3252,3283,0,52,19,22,0,50,51
4736,short_grass_2,3253,3283,0,53,19,22,0,50,51
4737,short_grass_3,3254,3283,0,54,19,22,0,50,51
4736,short_grass_2,3255,3283,0,55,19,22,1,50,51
1174,thistle,3257,3283,0,57,19,10,3,50,51
4735,short_grass_1,3257,3283,0,57,19,22,1,50,51
4736,short_grass_2,3258,3283,0,58,19,22,0,50,51
4736,short_grass_2,3259,3283,0,59,19,22,1,50,51
4735,short_grass_1,3260,3283,0,60,19,22,0,50,51
4735,short_grass_1,3136,3284,0,0,20,22,0,49,51
4736,short_grass_2,3137,3284,0,1,20,22,0,49,51
980,fencing,3138,3284,0,2,20,0,0,49,51
326,dugupsoil3_light2,3140,3284,0,4,20,22,0,49,51
312,potato,3142,3284,0,6,20,10,3,49,51
1248,sticks_twigs,3143,3284,0,7,20,22,1,49,51
312,potato,3146,3284,0,10,20,10,1,49,51
326,dugupsoil3_light2,3149,3284,0,13,20,22,0,49,51
312,potato,3152,3284,0,16,20,10,1,49,51
326,dugupsoil3_light2,3152,3284,0,16,20,22,2,49,51
312,potato,3155,3284,0,19,20,10,3,49,51
980,fencing,3158,3284,0,22,20,0,2,49,51
1247,broken_twig,3159,3284,0,23,20,22,2,49,51
4735,short_grass_1,3160,3284,0,24,20,22,0,49,51
1247,broken_twig,3166,3284,0,30,20,22,0,49,51
1393,plant3,3168,3284,0,32,20,10,0,49,51
1392,plant2,3177,3284,0,41,20,10,1,49,51
4735,short_grass_1,3180,3284,0,44,20,22,3,49,51
4737,short_grass_3,3181,3284,0,45,20,22,3,49,51
1189,daisys,3182,3284,0,46,20,11,1,49,51
4738,short_grass_4,3182,3284,0,46,20,22,2,49,51
4737,short_grass_3,3183,3284,0,47,20,22,1,49,51
980,fencing,3194,3284,0,58,20,9,3,49,51
980,fencing,3195,3284,0,59,20,1,3,49,51
4735,short_grass_1,3201,3284,0,1,20,22,0,50,51
4736,short_grass_2,3202,3284,0,2,20,22,2,50,51
4736,short_grass_2,3203,3284,0,3,20,22,2,50,51
4736,short_grass_2,3204,3284,0,4,20,22,2,50,51
980,fencing,3211,3284,0,11,20,1,2,50,51
980,fencing,3212,3284,0,12,20,9,2,50,51
5588,dugupsoil3_light_no_glow,3215,3284,0,15,20,22,2,50,51
44603,blankwall_no_blockrange,3217,3284,0,17,20,0,0,50,51
320,dugupsoil2_light,3223,3284,0,23,20,22,2,50,51
44603,blankwall_no_blockrange,3223,3284,0,23,20,0,0,50,51
321,dugupsoil3_light,3224,3284,0,24,20,22,1,50,51
320,dugupsoil2_light,3225,3284,0,25,20,22,3,50,51
1263,hay_2,3228,3284,0,28,20,22,1,50,51
1262,hay_1,3229,3284,0,29,20,22,3,50,51
1560,fencegate_r,3236,3284,0,36,20,0,2,50,51
980,fencing,3240,3284,0,40,20,9,3,50,51
325,dugupsoil2_light2,3241,3284,0,41,20,22,1,50,51
980,fencing,3241,3284,0,41,20,1,3,50,51
325,dugupsoil2_light2,3242,3284,0,42,20,22,0,50,51
4735,short_grass_1,3246,3284,0,46,20,22,0,50,51
4736,short_grass_2,3249,3284,0,49,20,22,0,50,51
4738,short_grass_4,3250,3284,0,50,20,22,3,50,51
4737,short_grass_3,3251,3284,0,51,20,22,1,50,51
4735,short_grass_1,3252,3284,0,52,20,22,2,50,51
16438,randomsound_woodland_ambience,3257,3284,0,57,20,22,0,50,51
4735,short_grass_1,3260,3284,0,60,20,22,2,50,51
4735,short_grass_1,3261,3284,0,61,20,22,0,50,51
4735,short_grass_1,3137,3285,0,1,21,22,2,49,51
980,fencing,3138,3285,0,2,21,0,0,49,51
312,potato,3140,3285,0,4,21,10,3,49,51
325,dugupsoil2_light2,3140,3285,0,4,21,22,1,49,51
325,dugupsoil2_light2,3141,3285,0,5,21,22,0,49,51
312,potato,3142,3285,0,6,21,10,0,49,51
297,scarecrow,3143,3285,0,7,21,11,0,49,51
324,dugupsoil1_light2,3144,3285,0,8,21,22,1,49,51
312,potato,3145,3285,0,9,21,10,3,49,51
312,potato,3146,3285,0,10,21,10,1,49,51
325,dugupsoil2_light2,3147,3285,0,11,21,22,3,49,51
312,potato,3148,3285,0,12,21,10,3,49,51
324,dugupsoil1_light2,3148,3285,0,12,21,22,2,49,51
312,potato,3150,3285,0,14,21,10,2,49,51
325,dugupsoil2_light2,3151,3285,0,15,21,22,0,49,51
312,potato,3152,3285,0,16,21,10,0,49,51
312,potato,3154,3285,0,18,21,10,0,49,51
326,dugupsoil3_light2,3154,3285,0,18,21,22,1,49,51
326,dugupsoil3_light2,3156,3285,0,20,21,22,2,49,51
980,fencing,3158,3285,0,22,21,0,2,49,51
1341,treestump,3159,3285,0,23,21,10,0,49,51
1298,fern,3162,3285,0,26,21,10,0,49,51
11439,dugupsmallrocks_lightgrey2,3171,3285,0,35,21,22,0,49,51
11438,dugupsmallrocks_lightgrey1,3172,3285,0,36,21,22,3,49,51
1247,broken_twig,3177,3285,0,41,21,22,2,49,51
1246,full_twig,3178,3285,0,42,21,22,2,49,51
4735,short_grass_1,3179,3285,0,43,21,22,2,49,51
4735,short_grass_1,3180,3285,0,44,21,22,3,49,51
4736,short_grass_2,3181,3285,0,45,21,22,0,49,51
4736,short_grass_2,3182,3285,0,46,21,22,1,49,51
1248,sticks_twigs,3185,3285,0,49,21,22,0,49,51
1393,plant3,3188,3285,0,52,21,10,3,49,51
4735,short_grass_1,3189,3285,0,53,21,22,0,49,51
980,fencing,3193,3285,0,57,21,9,3,49,51
980,fencing,3194,3285,0,58,21,1,3,49,51
4736,short_grass_2,3195,3285,0,59,21,22,3,49,51
4735,short_grass_1,3199,3285,0,63,21,22,0,49,51
4735,short_grass_1,3201,3285,0,1,21,22,0,50,51
4736,short_grass_2,3202,3285,0,2,21,22,2,50,51
4736,short_grass_2,3203,3285,0,3,21,22,2,50,51
4735,short_grass_1,3207,3285,0,7,21,22,0,50,51
4735,short_grass_1,3208,3285,0,8,21,22,0,50,51
4735,short_grass_1,3209,3285,0,9,21,22,0,50,51
980,fencing,3212,3285,0,12,21,0,2,50,51
5587,dugupsoil2_light_no_glow,3215,3285,0,15,21,22,3,50,51
44603,blankwall_no_blockrange,3216,3285,0,16,21,9,1,50,51
320,dugupsoil2_light,3223,3285,0,23,21,22,1,50,51
44603,blankwall_no_blockrange,3223,3285,0,23,21,0,0,50,51
4737,short_grass_3,3226,3285,0,26,21,22,2,50,51
1263,hay_2,3227,3285,0,27,21,22,0,50,51
300,haystack3,3228,3285,0,28,21,10,0,50,51
1262,hay_1,3231,3285,0,31,21,22,0,50,51
1174,thistle,3234,3285,0,34,21,11,2,50,51
325,dugupsoil2_light2,3236,3285,0,36,21,22,2,50,51
1558,fencegate_l,3236,3285,0,36,21,0,2,50,51
325,dugupsoil2_light2,3239,3285,0,39,21,22,1,50,51
325,dugupsoil2_light2,3240,3285,0,40,21,22,3,50,51
980,fencing,3240,3285,0,40,21,0,0,50,51
326,dugupsoil3_light2,3241,3285,0,41,21,22,3,50,51
325,dugupsoil2_light2,3242,3285,0,42,21,22,2,50,51
5575,foodtrough2,3242,3285,0,42,21,10,1,50,51
4735,short_grass_1,3249,3285,0,49,21,22,0,50,51
4737,short_grass_3,3250,3285,0,50,21,22,0,50,51
4736,short_grass_2,3251,3285,0,51,21,22,1,50,51
4735,short_grass_1,3254,3285,0,54,21,22,1,50,51
326,dugupsoil3_light2,3256,3285,0,56,21,22,3,50,51
325,dugupsoil2_light2,3257,3285,0,57,21,22,3,50,51
4735,short_grass_1,3260,3285,0,60,21,22,3,50,51
4735,short_grass_1,3261,3285,0,61,21,22,1,50,51
4735,short_grass_1,3262,3285,0,62,21,22,3,50,51
980,fencing,3138,3286,0,2,22,9,0,49,51
4736,short_grass_2,3138,3286,0,2,22,22,3,49,51
324,dugupsoil1_light2,3139,3286,0,3,22,22,1,49,51
980,fencing,3139,3286,0,3,22,1,0,49,51
326,dugupsoil3_light2,3142,3286,0,6,22,22,1,49,51
312,potato,3144,3286,0,8,22,10,1,49,51
312,potato,3147,3286,0,11,22,10,3,49,51
312,potato,3150,3286,0,14,22,10,0,49,51
324,dugupsoil1_light2,3153,3286,0,17,22,22,3,49,51
325,dugupsoil2_light2,3154,3286,0,18,22,22,0,49,51
312,potato,3156,3286,0,20,22,10,1,49,51
326,dugupsoil3_light2,3157,3286,0,21,22,22,0,49,51
980,fencing,3158,3286,0,22,22,0,2,49,51
4736,short_grass_2,3159,3286,0,23,22,22,1,49,51
4735,short_grass_1,3160,3286,0,24,22,22,1,49,51
11439,dugupsmallrocks_lightgrey2,3169,3286,0,33,22,22,3,49,51
11439,dugupsmallrocks_lightgrey2,3172,3286,0,36,22,22,2,49,51
11439,dugupsmallrocks_lightgrey2,3176,3286,0,40,22,22,2,49,51
11439,dugupsmallrocks_lightgrey2,3183,3286,0,47,22,22,1,49,51
4735,short_grass_1,3187,3286,0,51,22,22,1,49,51
4735,short_grass_1,3188,3286,0,52,22,22,1,49,51
4735,short_grass_1,3189,3286,0,53,22,22,0,49,51
4735,short_grass_1,3190,3286,0,54,22,22,2,49,51
980,fencing,3193,3286,0,57,22,0,0,49,51
1174,thistle,3194,3286,0,58,22,10,2,49,51
4736,short_grass_2,3194,3286,0,58,22,22,3,49,51
4736,short_grass_2,3195,3286,0,59,22,22,3,49,51
4735,short_grass_1,3199,3286,0,63,22,22,0,49,51
4735,short_grass_1,3201,3286,0,1,22,22,0,50,51
4735,short_grass_1,3202,3286,0,2,22,22,0,50,51
4735,short_grass_1,3208,3286,0,8,22,22,0,50,51
1174,thistle,3209,3286,0,9,22,10,2,50,51
4735,short_grass_1,3209,3286,0,9,22,22,0,50,51
980,fencing,3212,3286,0,12,22,0,2,50,51
5587,dugupsoil2_light_no_glow,3214,3286,0,14,22,22,0,50,51
44603,blankwall_no_blockrange,3216,3286,0,16,22,0,0,50,51
44603,blankwall_no_blockrange,3222,3286,0,22,22,9,3,50,51
320,dugupsoil2_light,3223,3286,0,23,22,22,2,50,51
15701,dttd_machine_parts_crate_small_full_multi,3223,3286,0,23,22,10,3,50,51
4737,short_grass_3,3225,3286,0,25,22,22,2,50,51
15701,dttd_machine_parts_crate_small_full_multi,3225,3286,0,25,22,10,1,50,51
1821,window,3226,3286,0,26,22,4,1,50,51
4738,short_grass_4,3226,3286,0,26,22,22,3,50,51
1159,hangingbasket,3226,3286,1,26,22,4,1,50,51
4737,short_grass_3,3227,3286,0,27,22,22,2,50,51
1821,window,3229,3286,0,29,22,4,1,50,51
1159,hangingbasket,3229,3286,1,29,22,4,1,50,51
15765,dttd_mill_trapdoor,3230,3286,0,30,22,22,0,50,51
299,haystack2,3231,3286,0,31,22,10,0,50,51
325,dugupsoil2_light2,3235,3286,0,35,22,22,3,50,51
326,dugupsoil3_light2,3236,3286,0,36,22,22,1,50,51
1007,fence_terminator_left,3236,3286,0,36,22,0,2,50,51
325,dugupsoil2_light2,3237,3286,0,37,22,22,2,50,51
325,dugupsoil2_light2,3240,3286,0,40,22,22,0,50,51
980,fencing,3240,3286,0,40,22,0,0,50,51
325,dugupsoil2_light2,3241,3286,0,41,22,22,2,50,51
1174,thistle,3249,3286,0,49,22,10,2,50,51
4735,short_grass_1,3250,3286,0,50,22,22,1,50,51
4735,short_grass_1,3253,3286,0,53,22,22,1,50,51
4736,short_grass_2,3254,3286,0,54,22,22,3,50,51
4737,short_grass_3,3255,3286,0,55,22,22,2,50,51
4735,short_grass_1,3256,3286,0,56,22,22,0,50,51
4736,short_grass_2,3261,3286,0,61,22,22,3,50,51
4738,short_grass_4,3262,3286,0,62,22,22,0,50,51
4735,short_grass_1,3263,3286,0,63,22,22,0,50,51
4735,short_grass_1,3138,3287,0,2,23,22,3,49,51
980,fencing,3139,3287,0,3,23,0,0,49,51
312,potato,3140,3287,0,4,23,10,0,49,51
326,dugupsoil3_light2,3141,3287,0,5,23,22,1,49,51
312,potato,3143,3287,0,7,23,10,0,49,51
326,dugupsoil3_light2,3144,3287,0,8,23,22,3,49,51
312,potato,3146,3287,0,10,23,10,0,49,51
312,potato,3148,3287,0,12,23,10,1,49,51
325,dugupsoil2_light2,3148,3287,0,12,23,22,2,49,51
326,dugupsoil3_light2,3149,3287,0,13,23,22,1,49,51
312,potato,3150,3287,0,14,23,10,2,49,51
325,dugupsoil2_light2,3150,3287,0,14,23,22,3,49,51
325,dugupsoil2_light2,3151,3287,0,15,23,22,1,49,51
312,potato,3152,3287,0,16,23,10,2,49,51
325,dugupsoil2_light2,3154,3287,0,18,23,22,1,49,51
312,potato,3155,3287,0,19,23,10,3,49,51
980,fencing,3158,3287,0,22,23,0,2,49,51
4735,short_grass_1,3159,3287,0,23,23,22,2,49,51
325,dugupsoil2_light2,3171,3287,0,35,23,22,3,49,51
11439,dugupsmallrocks_lightgrey2,3178,3287,0,42,23,22,0,49,51
325,dugupsoil2_light2,3180,3287,0,44,23,22,0,49,51
4735,short_grass_1,3186,3287,0,50,23,22,0,49,51
4735,short_grass_1,3187,3287,0,51,23,22,3,49,51
4737,short_grass_3,3188,3287,0,52,23,22,2,49,51
4737,short_grass_3,3189,3287,0,53,23,22,2,49,51
4736,short_grass_2,3190,3287,0,54,23,22,2,49,51
980,fencing,3193,3287,0,57,23,0,0,49,51
4735,short_grass_1,3199,3287,0,63,23,22,0,49,51
4737,short_grass_3,3200,3287,0,0,23,22,0,50,51
4735,short_grass_1,3207,3287,0,7,23,22,0,50,51
4735,short_grass_1,3208,3287,0,8,23,22,0,50,51
4735,short_grass_1,3209,3287,0,9,23,22,0,50,51
980,fencing,3212,3287,0,12,23,0,2,50,51
5586,dugupsoil1_light_no_glow,3214,3287,0,14,23,22,2,50,51
5587,dugupsoil2_light_no_glow,3215,3287,0,15,23,22,2,50,51
44603,blankwall_no_blockrange,3216,3287,0,16,23,9,2,50,51
321,dugupsoil3_light,3222,3287,0,22,23,22,2,50,51
5633,brickwall_riveredge,3222,3287,0,22,23,2,3,50,51
320,dugupsoil2_light,3223,3287,0,23,23,22,3,50,51
15703,dttd_box_kart_multi,3223,3287,0,23,23,10,1,50,51
4619,lantern_glows,3224,3287,0,24,23,4,2,50,51
4737,short_grass_3,3224,3287,0,24,23,22,3,50,51
1792,roofedge_thatched,3224,3287,1,24,23,18,2,50,51
1017,warehouse_shelves3,3225,3287,0,25,23,10,3,50,51
1902,brickwall,3225,3287,0,25,23,2,3,50,51
1926,roof_thatched,3225,3287,1,25,23,12,2,50,51
364,barrelwithtap,3226,3287,0,26,23,10,2,50,51
1821,window,3226,3287,0,26,23,5,3,50,51
1902,brickwall,3226,3287,0,26,23,0,3,50,51
1923,roofwallfiller,3226,3287,1,26,23,0,3,50,51
1926,roof_thatched,3226,3287,2,26,23,12,2,50,51
1017,warehouse_shelves3,3227,3287,0,27,23,10,3,50,51
1902,brickwall,3227,3287,0,27,23,0,3,50,51
1923,roofwallfiller,3227,3287,1,27,23,0,3,50,51
1923,roofwallfiller,3227,3287,2,27,23,0,3,50,51
1926,roof_thatched,3227,3287,3,27,23,12,2,50,51
888,painting_landscape,3228,3287,0,28,23,5,3,50,51
1902,brickwall,3228,3287,0,28,23,0,3,50,51
1923,roofwallfiller,3228,3287,1,28,23,0,3,50,51
1923,roofwallfiller,3228,3287,2,28,23,0,3,50,51
1926,roof_thatched,3228,3287,3,28,23,12,0,50,51
1821,window,3229,3287,0,29,23,5,3,50,51
1902,brickwall,3229,3287,0,29,23,0,3,50,51
1923,roofwallfiller,3229,3287,1,29,23,0,3,50,51
1926,roof_thatched,3229,3287,2,29,23,12,0,50,51
1102,stool,3230,3287,0,30,23,10,2,50,51
1902,brickwall,3230,3287,0,30,23,2,2,50,51
1926,roof_thatched,3230,3287,1,30,23,12,0,50,51
980,fencing,3231,3287,0,31,23,0,3,50,51
1792,roofedge_thatched,3231,3287,1,31,23,18,0,50,51
980,fencing,3232,3287,0,32,23,0,3,50,51
980,fencing,3233,3287,0,33,23,0,3,50,51
5574,sack_full,3233,3287,0,33,23,10,0,50,51
980,fencing,3234,3287,0,34,23,0,3,50,51
5574,sack_full,3234,3287,0,34,23,10,3,50,51
980,fencing,3235,3287,0,35,23,0,3,50,51
325,dugupsoil2_light2,3236,3287,0,36,23,22,1,50,51
980,fencing,3236,3287,0,36,23,2,2,50,51
5597,weathervain,3236,3287,0,36,23,10,0,50,51
326,dugupsoil3_light2,3237,3287,0,37,23,22,0,50,51
326,dugupsoil3_light2,3240,3287,0,40,23,22,2,50,51
980,fencing,3240,3287,0,40,23,9,0,50,51
325,dugupsoil2_light2,3241,3287,0,41,23,22,1,50,51
980,fencing,3241,3287,0,41,23,1,0,50,51
325,dugupsoil2_light2,3242,3287,0,42,23,22,2,50,51
4735,short_grass_1,3252,3287,0,52,23,22,0,50,51
4735,short_grass_1,3253,3287,0,53,23,22,2,50,51
4737,short_grass_3,3254,3287,0,54,23,22,3,50,51
4738,short_grass_4,3255,3287,0,55,23,22,0,50,51
4736,short_grass_2,3256,3287,0,56,23,22,2,50,51
4735,short_grass_1,3257,3287,0,57,23,22,3,50,51
1189,daisys,3261,3287,0,61,23,10,2,50,51
4738,short_grass_4,3261,3287,0,61,23,22,1,50,51
4736,short_grass_2,3262,3287,0,62,23,22,1,50,51
980,fencing,3139,3288,0,3,24,0,0,49,51
312,potato,3140,3288,0,4,24,10,1,49,51
325,dugupsoil2_light2,3140,3288,0,4,24,22,2,49,51
312,potato,3142,3288,0,6,24,10,3,49,51
312,potato,3144,3288,0,8,24,10,0,49,51
326,dugupsoil3_light2,3144,3288,0,8,24,22,0,49,51
312,potato,3148,3288,0,12,24,10,2,49,51
325,dugupsoil2_light2,3150,3288,0,14,24,22,2,49,51
312,potato,3151,3288,0,15,24,10,3,49,51
312,potato,3152,3288,0,16,24,10,1,49,51
312,potato,3154,3288,0,18,24,10,2,49,51
325,dugupsoil2_light2,3154,3288,0,18,24,22,1,49,51
326,dugupsoil3_light2,3155,3288,0,19,24,22,0,49,51
312,potato,3156,3288,0,20,24,10,3,49,51
980,fencing,3157,3288,0,21,24,1,1,49,51
980,fencing,3158,3288,0,22,24,9,1,49,51
4735,short_grass_1,3158,3288,0,22,24,22,0,49,51
11439,dugupsmallrocks_lightgrey2,3161,3288,0,25,24,22,1,49,51
1247,broken_twig,3167,3288,0,31,24,22,0,49,51
11439,dugupsmallrocks_lightgrey2,3168,3288,0,32,24,22,0,49,51
325,dugupsoil2_light2,3170,3288,0,34,24,22,2,49,51
326,dugupsoil3_light2,3171,3288,0,35,24,22,1,49,51
325,dugupsoil2_light2,3172,3288,0,36,24,22,0,49,51
979,drystonewall,3174,3288,0,38,24,9,3,49,51
979,drystonewall,3175,3288,0,39,24,0,3,49,51
979,drystonewall,3176,3288,0,40,24,0,3,49,51
979,drystonewall,3177,3288,0,41,24,9,2,49,51
325,dugupsoil2_light2,3179,3288,0,43,24,22,2,49,51
326,dugupsoil3_light2,3180,3288,0,44,24,22,0,49,51
325,dugupsoil2_light2,3181,3288,0,45,24,22,2,49,51
4735,short_grass_1,3184,3288,0,48,24,22,1,49,51
4736,short_grass_2,3185,3288,0,49,24,22,3,49,51
4736,short_grass_2,3186,3288,0,50,24,22,2,49,51
4735,short_grass_1,3187,3288,0,51,24,22,3,49,51
4736,short_grass_2,3188,3288,0,52,24,22,3,49,51
4736,short_grass_2,3189,3288,0,53,24,22,3,49,51
4737,short_grass_3,3190,3288,0,54,24,22,1,49,51
4736,short_grass_2,3192,3288,0,56,24,22,3,49,51
980,fencing,3193,3288,0,57,24,0,0,49,51
4736,short_grass_2,3197,3288,0,61,24,22,3,49,51
1174,thistle,3201,3288,0,1,24,10,2,50,51
980,fencing,3212,3288,0,12,24,0,2,50,51
5587,dugupsoil2_light_no_glow,3214,3288,0,14,24,22,1,50,51
5588,dugupsoil3_light_no_glow,3215,3288,0,15,24,22,2,50,51
44603,blankwall_no_blockrange,3216,3288,0,16,24,0,2,50,51
44603,blankwall_no_blockrange,3221,3288,0,21,24,9,3,50,51
320,dugupsoil2_light,3222,3288,0,22,24,22,0,50,51
5633,brickwall_riveredge,3222,3288,0,22,24,0,0,50,51
4737,short_grass_3,3224,3288,0,24,24,22,3,50,51
1792,roofedge_thatched,3224,3288,1,24,24,18,2,50,51
1902,brickwall,3225,3288,0,25,24,0,0,50,51
4641,barrel_stacked,3225,3288,0,25,24,10,3,50,51
1926,roof_thatched,3225,3288,1,25,24,12,2,50,51
1926,roof_thatched,3226,3288,2,26,24,12,2,50,51
1926,roof_thatched,3227,3288,3,27,24,12,2,50,51
1926,roof_thatched,3228,3288,3,28,24,12,0,50,51
5246,normal_bed,3229,3288,0,29,24,10,1,50,51
1926,roof_thatched,3229,3288,2,29,24,12,0,50,51
1902,brickwall,3230,3288,0,30,24,0,2,50,51
1926,roof_thatched,3230,3288,1,30,24,12,0,50,51
1792,roofedge_thatched,3231,3288,1,31,24,18,0,50,51
1189,daisys,3234,3288,0,34,24,10,2,50,51
980,fencing,3236,3288,0,36,24,0,2,50,51
325,dugupsoil2_light2,3237,3288,0,37,24,22,0,50,51
325,dugupsoil2_light2,3240,3288,0,40,24,22,0,50,51
325,dugupsoil2_light2,3241,3288,0,41,24,22,0,50,51
980,fencing,3241,3288,0,41,24,0,0,50,51
324,dugupsoil1_light2,3242,3288,0,42,24,22,0,50,51
1246,full_twig,3243,3288,0,43,24,22,0,50,51
4736,short_grass_2,3254,3288,0,54,24,22,0,50,51
4737,short_grass_3,3255,3288,0,55,24,22,0,50,51
4738,short_grass_4,3256,3288,0,56,24,22,3,50,51
4737,short_grass_3,3257,3288,0,57,24,22,1,50,51
4735,short_grass_1,3262,3288,0,62,24,22,2,50,51
980,fencing,3139,3289,0,3,25,0,0,49,51
312,potato,3140,3289,0,4,25,10,2,49,51
326,dugupsoil3_light2,3140,3289,0,4,25,22,2,49,51
325,dugupsoil2_light2,3141,3289,0,5,25,22,1,49,51
312,potato,3142,3289,0,6,25,10,1,49,51
312,potato,3144,3289,0,8,25,10,1,49,51
325,dugupsoil2_light2,3145,3289,0,9,25,22,3,49,51
312,potato,3146,3289,0,10,25,10,1,49,51
312,potato,3148,3289,0,12,25,10,3,49,51
324,dugupsoil1_light2,3148,3289,0,12,25,22,0,49,51
312,potato,3150,3289,0,14,25,10,1,49,51
325,dugupsoil2_light2,3150,3289,0,14,25,22,0,49,51
326,dugupsoil3_light2,3151,3289,0,15,25,22,1,49,51
312,potato,3153,3289,0,17,25,10,3,49,51
312,potato,3154,3289,0,18,25,10,1,49,51
326,dugupsoil3_light2,3154,3289,0,18,25,22,0,49,51
980,fencing,3156,3289,0,20,25,1,1,49,51
980,fencing,3157,3289,0,21,25,9,1,49,51
11439,dugupsmallrocks_lightgrey2,3159,3289,0,23,25,22,2,49,51
325,dugupsoil2_light2,3161,3289,0,25,25,22,0,49,51
325,dugupsoil2_light2,3162,3289,0,26,25,22,2,49,51
325,dugupsoil2_light2,3163,3289,0,27,25,22,0,49,51
325,dugupsoil2_light2,3164,3289,0,28,25,22,2,49,51
325,dugupsoil2_light2,3169,3289,0,33,25,22,1,49,51
979,drystonewall,3170,3289,0,34,25,9,3,49,51
979,drystonewall,3171,3289,0,35,25,0,3,49,51
979,drystonewall,3172,3289,0,36,25,0,3,49,51
979,drystonewall,3173,3289,0,37,25,0,3,49,51
979,drystonewall,3174,3289,0,38,25,1,3,49,51
979,drystonewall,3177,3289,0,41,25,1,2,49,51
979,drystonewall,3178,3289,0,42,25,0,3,49,51
979,drystonewall,3179,3289,0,43,25,0,3,49,51
1560,fencegate_r,3180,3289,0,44,25,0,3,49,51
1558,fencegate_l,3181,3289,0,45,25,0,3,49,51
979,drystonewall,3182,3289,0,46,25,0,3,49,51
979,drystonewall,3183,3289,0,47,25,0,3,49,51
979,drystonewall,3184,3289,0,48,25,9,2,49,51
4736,short_grass_2,3185,3289,0,49,25,22,0,49,51
4736,short_grass_2,3186,3289,0,50,25,22,1,49,51
4735,short_grass_1,3187,3289,0,51,25,22,1,49,51
4737,short_grass_3,3188,3289,0,52,25,22,3,49,51
1189,daisys,3189,3289,0,53,25,10,2,49,51
4738,short_grass_4,3189,3289,0,53,25,22,1,49,51
4736,short_grass_2,3190,3289,0,54,25,22,1,49,51
4735,short_grass_1,3191,3289,0,55,25,22,3,49,51
980,fencing,3193,3289,0,57,25,0,0,49,51
4736,short_grass_2,3196,3289,0,60,25,22,3,49,51
4736,short_grass_2,3197,3289,0,61,25,22,3,49,51
981,gardenfencing,3212,3289,0,12,25,3,2,50,51
980,fencing,3213,3289,0,13,25,9,2,50,51
44603,blankwall_no_blockrange,3216,3289,0,16,25,9,3,50,51
5604,rock_pool,3217,3289,0,17,25,10,0,50,51
44603,blankwall_no_blockrange,3219,3289,0,19,25,0,1,50,51
44603,blankwall_no_blockrange,3220,3289,0,20,25,9,3,50,51
5633,brickwall_riveredge,3222,3289,0,22,25,0,0,50,51
4736,short_grass_2,3224,3289,0,24,25,22,0,50,51
1792,roofedge_thatched,3224,3289,1,24,25,18,2,50,51
1902,brickwall,3225,3289,0,25,25,0,0,50,51
3474,hanginglantern,3225,3289,0,25,25,5,0,50,51
1926,roof_thatched,3225,3289,1,25,25,12,2,50,51
917,poorrug1corner,3226,3289,0,26,25,22,3,50,51
1926,roof_thatched,3226,3289,2,26,25,12,2,50,51
918,poorrug1side,3227,3289,0,27,25,22,2,50,51
1096,rocking_chair,3227,3289,0,27,25,11,1,50,51
1926,roof_thatched,3227,3289,3,27,25,12,2,50,51
918,poorrug1side,3228,3289,0,28,25,22,2,50,51
1926,roof_thatched,3228,3289,3,28,25,12,0,50,51
917,poorrug1corner,3229,3289,0,29,25,22,2,50,51
1926,roof_thatched,3229,3289,2,29,25,12,0,50,51
604,table4,3230,3289,0,30,25,10,0,50,51
1827,curtainedbigwindow,3230,3289,0,30,25,5,2,50,51
1902,brickwall,3230,3289,0,30,25,0,2,50,51
1926,roof_thatched,3230,3289,1,30,25,12,0,50,51
1826,bigwindow,3231,3289,0,31,25,4,0,50,51
5580,wheel_barrow,3231,3289,0,31,25,11,0,50,51
1792,roofedge_thatched,3231,3289,1,31,25,18,0,50,51
980,fencing,3236,3289,0,36,25,0,2,50,51
336,dugupsoil2_grey,3238,3289,0,38,25,22,2,50,51
325,dugupsoil2_light2,3241,3289,0,41,25,22,3,50,51
980,fencing,3241,3289,0,41,25,9,0,50,51
980,fencing,3242,3289,0,42,25,1,0,50,51
5577,foodtrough4,3243,3289,0,43,25,10,1,50,51
326,dugupsoil3_light2,3250,3289,0,50,25,22,0,50,51
4735,short_grass_1,3253,3289,0,53,25,22,3,50,51
4735,short_grass_1,3254,3289,0,54,25,22,1,50,51
4735,short_grass_1,3255,3289,0,55,25,22,2,50,51
4735,short_grass_1,3256,3289,0,56,25,22,3,50,51
1393,plant3,3257,3289,0,57,25,10,2,50,51
4735,short_grass_1,3261,3289,0,61,25,22,1,50,51
980,fencing,3139,3290,0,3,26,9,0,49,51
4735,short_grass_1,3139,3290,0,3,26,22,0,49,51
980,fencing,3140,3290,0,4,26,0,1,49,51
980,fencing,3141,3290,0,5,26,0,1,49,51
980,fencing,3142,3290,0,6,26,0,1,49,51
325,dugupsoil2_light2,3143,3290,0,7,26,22,0,49,51
980,fencing,3143,3290,0,7,26,1,0,49,51
325,dugupsoil2_light2,3144,3290,0,8,26,22,0,49,51
326,dugupsoil3_light2,3147,3290,0,11,26,22,0,49,51
296,plough,3149,3290,0,13,26,10,2,49,51
1247,broken_twig,3150,3290,0,14,26,22,3,49,51
312,potato,3152,3290,0,16,26,10,0,49,51
325,dugupsoil2_light2,3153,3290,0,17,26,22,1,49,51
325,dugupsoil2_light2,3154,3290,0,18,26,22,2,49,51
980,fencing,3155,3290,0,19,26,1,1,49,51
980,fencing,3156,3290,0,20,26,9,1,49,51
11440,dugupsmallrocks_lightgrey3,3158,3290,0,22,26,22,1,49,51
979,drystonewall,3161,3290,0,25,26,9,3,49,51
325,dugupsoil2_light2,3162,3290,0,26,26,22,3,49,51
1560,fencegate_r,3162,3290,0,26,26,0,3,49,51
325,dugupsoil2_light2,3163,3290,0,27,26,22,0,49,51
1558,fencegate_l,3163,3290,0,27,26,0,3,49,51
979,drystonewall,3164,3290,0,28,26,9,2,49,51
326,dugupsoil3_light2,3165,3290,0,29,26,22,3,49,51
11439,dugupsmallrocks_lightgrey2,3167,3290,0,31,26,22,1,49,51
979,drystonewall,3169,3290,0,33,26,9,3,49,51
365,sacks,3170,3290,0,34,26,10,0,49,51
979,drystonewall,3170,3290,0,34,26,1,3,49,51
3472,straw2,3172,3290,0,36,26,22,0,49,51
3471,straw,3178,3290,0,42,26,22,0,49,51
979,drystonewall,3184,3290,0,48,26,1,2,49,51
5574,sack_full,3184,3290,0,48,26,10,2,49,51
979,drystonewall,3185,3290,0,49,26,9,2,49,51
1247,broken_twig,3186,3290,0,50,26,22,1,49,51
4735,short_grass_1,3187,3290,0,51,26,22,3,49,51
4736,short_grass_2,3188,3290,0,52,26,22,0,49,51
4737,short_grass_3,3189,3290,0,53,26,22,0,49,51
4735,short_grass_1,3190,3290,0,54,26,22,0,49,51
4735,short_grass_1,3192,3290,0,56,26,22,2,49,51
980,fencing,3193,3290,0,57,26,0,0,49,51
4737,short_grass_3,3193,3290,0,57,26,22,0,49,51
4736,short_grass_2,3196,3290,0,60,26,22,3,49,51
4736,short_grass_2,3203,3290,0,3,26,22,2,50,51
980,fencing,3213,3290,0,13,26,0,2,50,51
5587,dugupsoil2_light_no_glow,3214,3290,0,14,26,22,3,50,51
5586,dugupsoil1_light_no_glow,3215,3290,0,15,26,22,3,50,51
44603,blankwall_no_blockrange,3216,3290,0,16,26,0,0,50,51
44603,blankwall_no_blockrange,3218,3290,0,18,26,9,1,50,51
5633,brickwall_riveredge,3222,3290,0,22,26,0,0,50,51
15701,dttd_machine_parts_crate_small_full_multi,3223,3290,0,23,26,10,2,50,51
15702,dttd_machine_parts_crate_big_full_multi,3224,3290,0,24,26,10,3,50,51
1792,roofedge_thatched,3224,3290,1,24,26,18,2,50,51
1902,brickwall,3225,3290,0,25,26,0,0,50,51
26180,fireplacecookingpot,3225,3290,0,25,26,10,0,50,51
1929,roof_chimney_thatched,3225,3290,1,25,26,12,2,50,51
918,poorrug1side,3226,3290,0,26,26,22,3,50,51
1926,roof_thatched,3226,3290,2,26,26,12,2,50,51
5243,poorrug1centre2,3227,3290,0,27,26,22,2,50,51
1926,roof_thatched,3227,3290,3,27,26,12,2,50,51
5243,poorrug1centre2,3228,3290,0,28,26,22,2,50,51
1926,roof_thatched,3228,3290,3,28,26,12,0,50,51
918,poorrug1side,3229,3290,0,29,26,22,1,50,51
1926,roof_thatched,3229,3290,2,29,26,12,0,50,51
1902,brickwall,3230,3290,0,30,26,0,2,50,51
1926,roof_thatched,3230,3290,1,30,26,12,0,50,51
4619,lantern_glows,3231,3290,0,31,26,4,0,50,51
1792,roofedge_thatched,3231,3290,1,31,26,18,0,50,51
1189,daisys,3235,3290,0,35,26,10,1,50,51
980,fencing,3236,3290,0,36,26,1,2,50,51
980,fencing,3237,3290,0,37,26,9,2,50,51
11438,dugupsmallrocks_lightgrey1,3239,3290,0,39,26,22,2,50,51
325,dugupsoil2_light2,3241,3290,0,41,26,22,3,50,51
325,dugupsoil2_light2,3242,3290,0,42,26,22,1,50,51
980,fencing,3242,3290,0,42,26,0,0,50,51
980,fencing,3143,3291,0,7,27,9,0,49,51
1007,fence_terminator_left,3144,3291,0,8,27,0,1,49,51
1558,fencegate_l,3145,3291,0,9,27,0,1,49,51
325,dugupsoil2_light2,3146,3291,0,10,27,22,0,49,51
1560,fencegate_r,3146,3291,0,10,27,0,1,49,51
1008,fence_terminator_right,3147,3291,0,11,27,0,1,49,51
980,fencing,3148,3291,0,12,27,0,1,49,51
980,fencing,3149,3291,0,13,27,0,1,49,51
980,fencing,3150,3291,0,14,27,0,1,49,51
325,dugupsoil2_light2,3151,3291,0,15,27,22,0,49,51
980,fencing,3151,3291,0,15,27,0,1,49,51
325,dugupsoil2_light2,3152,3291,0,16,27,22,2,49,51
980,fencing,3152,3291,0,16,27,0,1,49,51
980,fencing,3153,3291,0,17,27,0,1,49,51
980,fencing,3154,3291,0,18,27,0,1,49,51
980,fencing,3155,3291,0,19,27,9,1,49,51
1393,plant3,3156,3291,0,20,27,10,1,49,51
11439,dugupsmallrocks_lightgrey2,3158,3291,0,22,27,22,1,49,51
979,drystonewall,3160,3291,0,24,27,9,3,49,51
979,drystonewall,3161,3291,0,25,27,1,3,49,51
325,dugupsoil2_light2,3162,3291,0,26,27,22,2,49,51
326,dugupsoil3_light2,3163,3291,0,27,27,22,1,49,51
979,drystonewall,3164,3291,0,28,27,0,2,49,51
325,dugupsoil2_light2,3165,3291,0,29,27,22,1,49,51
11439,dugupsmallrocks_lightgrey2,3166,3291,0,30,27,22,2,49,51
979,drystonewall,3169,3291,0,33,27,0,0,49,51
979,drystonewall,3185,3291,0,49,27,0,2,49,51
4735,short_grass_1,3186,3291,0,50,27,22,3,49,51
1298,fern,3187,3291,0,51,27,10,0,49,51
4735,short_grass_1,3189,3291,0,53,27,22,3,49,51
4737,short_grass_3,3192,3291,0,56,27,22,2,49,51
980,fencing,3193,3291,0,57,27,0,0,49,51
4737,short_grass_3,3193,3291,0,57,27,22,0,49,51
4736,short_grass_2,3196,3291,0,60,27,22,3,49,51
16438,randomsound_woodland_ambience,3199,3291,0,63,27,22,0,49,51
4736,short_grass_2,3202,3291,0,2,27,22,2,50,51
4735,short_grass_1,3204,3291,0,4,27,22,0,50,51
4735,short_grass_1,3205,3291,0,5,27,22,0,50,51
4735,short_grass_1,3206,3291,0,6,27,22,0,50,51
4735,short_grass_1,3207,3291,0,7,27,22,0,50,51
980,fencing,3213,3291,0,13,27,0,2,50,51
44603,blankwall_no_blockrange,3216,3291,0,16,27,0,0,50,51
44603,blankwall_no_blockrange,3217,3291,0,17,27,0,2,50,51
2016,waterfall_foam,3219,3291,0,19,27,10,3,50,51
1792,roofedge_thatched,3221,3291,1,21,27,19,1,50,51
5633,brickwall_riveredge,3222,3291,0,22,27,0,0,50,51
1792,roofedge_thatched,3222,3291,1,22,27,18,1,50,51
1838,shutterwindow,3223,3291,0,23,27,4,1,50,51
15701,dttd_machine_parts_crate_small_full_multi,3223,3291,0,23,27,10,3,50,51
1792,roofedge_thatched,3223,3291,1,23,27,18,1,50,51
1792,roofedge_thatched,3224,3291,1,24,27,20,1,50,51
1902,brickwall,3225,3291,0,25,27,0,0,50,51
3474,hanginglantern,3225,3291,0,25,27,5,0,50,51
1926,roof_thatched,3225,3291,1,25,27,12,2,50,51
917,poorrug1corner,3226,3291,0,26,27,22,0,50,51
1926,roof_thatched,3226,3291,2,26,27,12,2,50,51
918,poorrug1side,3227,3291,0,27,27,22,0,50,51
1926,roof_thatched,3227,3291,3,27,27,12,2,50,51
918,poorrug1side,3228,3291,0,28,27,22,0,50,51
1926,roof_thatched,3228,3291,3,28,27,12,0,50,51
917,poorrug1corner,3229,3291,0,29,27,22,1,50,51
1926,roof_thatched,3229,3291,2,29,27,12,0,50,51
916,poorrug1,3230,3291,0,30,27,22,3,50,51
1535,poordoor,3230,3291,0,30,27,0,2,50,51
1926,roof_thatched,3230,3291,1,30,27,12,0,50,51
1792,roofedge_thatched,3231,3291,1,31,27,18,0,50,51
325,dugupsoil2_light2,3236,3291,0,36,27,22,1,50,51
325,dugupsoil2_light2,3237,3291,0,37,27,22,0,50,51
980,fencing,3237,3291,0,37,27,0,2,50,51
336,dugupsoil2_grey,3239,3291,0,39,27,22,3,50,51
325,dugupsoil2_light2,3241,3291,0,41,27,22,2,50,51
326,dugupsoil3_light2,3242,3291,0,42,27,22,0,50,51
980,fencing,3242,3291,0,42,27,0,0,50,51
325,dugupsoil2_light2,3243,3291,0,43,27,22,0,50,51
325,dugupsoil2_light2,3245,3291,0,45,27,22,0,50,51
325,dugupsoil2_light2,3145,3292,0,9,28,22,0,49,51
325,dugupsoil2_light2,3146,3292,0,10,28,22,2,49,51
325,dugupsoil2_light2,3147,3292,0,11,28,22,3,49,51
325,dugupsoil2_light2,3148,3292,0,12,28,22,2,49,51
325,dugupsoil2_light2,3149,3292,0,13,28,22,2,49,51
326,dugupsoil3_light2,3150,3292,0,14,28,22,3,49,51
1394,plant4,3150,3292,0,14,28,10,0,49,51
326,dugupsoil3_light2,3151,3292,0,15,28,22,3,49,51
979,drystonewall,3159,3292,0,23,28,9,3,49,51
979,drystonewall,3160,3292,0,24,28,1,3,49,51
325,dugupsoil2_light2,3161,3292,0,25,28,22,2,49,51
15507,fai_varrock_wheat_corner,3161,3292,0,25,28,10,0,49,51
325,dugupsoil2_light2,3163,3292,0,27,28,22,2,49,51
979,drystonewall,3163,3292,0,27,28,1,1,49,51
979,drystonewall,3164,3292,0,28,28,9,1,49,51
11438,dugupsmallrocks_lightgrey1,3167,3292,0,31,28,22,0,49,51
304,haybail,3169,3292,0,33,28,10,0,49,51
979,drystonewall,3169,3292,0,33,28,0,0,49,51
3471,straw,3171,3292,0,35,28,22,0,49,51
3472,straw2,3175,3292,0,39,28,22,0,49,51
3472,straw2,3183,3292,0,47,28,22,0,49,51
979,drystonewall,3185,3292,0,49,28,0,2,49,51
1276,tree,3186,3292,0,50,28,10,0,49,51
4735,short_grass_1,3190,3292,0,54,28,22,3,49,51
4736,short_grass_2,3192,3292,0,56,28,22,3,49,51
980,fencing,3193,3292,0,57,28,0,0,49,51
4737,short_grass_3,3193,3292,0,57,28,22,0,49,51
4735,short_grass_1,3194,3292,0,58,28,22,0,49,51
4736,short_grass_2,3196,3292,0,60,28,22,3,49,51
4736,short_grass_2,3201,3292,0,1,28,22,2,50,51
4736,short_grass_2,3202,3292,0,2,28,22,2,50,51
4737,short_grass_3,3205,3292,0,5,28,22,0,50,51
4737,short_grass_3,3206,3292,0,6,28,22,0,50,51
4737,short_grass_3,3207,3292,0,7,28,22,0,50,51
980,fencing,3213,3292,0,13,28,0,2,50,51
44603,blankwall_no_blockrange,3216,3292,0,16,28,0,0,50,51
44603,blankwall_no_blockrange,3217,3292,0,17,28,0,2,50,51
5590,waterwheel_left,3218,3292,0,18,28,10,3,50,51
5589,waterwheel_centre,3219,3292,0,19,28,10,3,50,51
5591,waterwheel_right,3220,3292,0,20,28,10,3,50,51
1903,brickwallskew,3221,3292,0,21,28,0,1,50,51
1926,roof_thatched,3221,3292,1,21,28,13,1,50,51
1902,brickwall,3222,3292,0,22,28,2,3,50,51
3474,hanginglantern,3222,3292,0,22,28,5,0,50,51
1926,roof_thatched,3222,3292,1,22,28,12,1,50,51
1247,broken_twig,3223,3292,0,23,28,22,3,50,51
1838,shutterwindow,3223,3292,0,23,28,5,3,50,51
1902,brickwall,3223,3292,0,23,28,0,3,50,51
1926,roof_thatched,3223,3292,1,23,28,12,1,50,51
1902,brickwall,3224,3292,0,24,28,0,3,50,51
1926,roof_thatched,3224,3292,1,24,28,12,1,50,51
1902,brickwall,3225,3292,0,25,28,0,0,50,51
1926,roof_thatched,3225,3292,1,25,28,15,1,50,51
1088,chair,3226,3292,0,26,28,11,3,50,51
1926,roof_thatched,3226,3292,2,26,28,12,2,50,51
598,roundtable,3227,3292,0,27,28,10,0,50,51
1926,roof_thatched,3227,3292,3,27,28,12,2,50,51
1088,chair,3228,3292,0,28,28,11,0,50,51
1926,roof_thatched,3228,3292,3,28,28,12,0,50,51
1926,roof_thatched,3229,3292,2,29,28,12,0,50,51
683,grandfatherclock,3230,3292,0,30,28,10,1,50,51
1902,brickwall,3230,3292,0,30,28,0,2,50,51
1926,roof_thatched,3230,3292,1,30,28,12,0,50,51
309,logpile,3231,3292,0,31,28,11,0,50,51
1792,roofedge_thatched,3231,3292,1,31,28,18,0,50,51
325,dugupsoil2_light2,3236,3292,0,36,28,22,3,50,51
325,dugupsoil2_light2,3237,3292,0,37,28,22,0,50,51
980,fencing,3237,3292,0,37,28,0,2,50,51
980,fencing,3242,3292,0,42,28,0,0,50,51
325,dugupsoil2_light2,3244,3292,0,44,28,22,3,50,51
1244,small_grass_stones,3251,3292,0,51,28,22,3,50,51
1394,plant4,3138,3293,0,2,29,10,3,49,51
1394,plant4,3147,3293,0,11,29,10,1,49,51
326,dugupsoil3_light2,3148,3293,0,12,29,22,1,49,51
325,dugupsoil2_light2,3149,3293,0,13,29,22,0,49,51
325,dugupsoil2_light2,3150,3293,0,14,29,22,1,49,51
11439,dugupsmallrocks_lightgrey2,3152,3293,0,16,29,22,0,49,51
11439,dugupsmallrocks_lightgrey2,3153,3293,0,17,29,22,1,49,51
979,drystonewall,3158,3293,0,22,29,9,3,49,51
979,drystonewall,3159,3293,0,23,29,1,3,49,51
326,dugupsoil3_light2,3160,3293,0,24,29,22,1,49,51
15507,fai_varrock_wheat_corner,3160,3293,0,24,29,10,0,49,51
325,dugupsoil2_light2,3161,3293,0,25,29,22,2,49,51
15506,fai_varrock_wheat,3161,3293,0,25,29,10,2,49,51
15507,fai_varrock_wheat_corner,3162,3293,0,26,29,10,3,49,51
979,drystonewall,3163,3293,0,27,29,0,2,49,51
1174,thistle,3164,3293,0,28,29,10,1,49,51
11439,dugupsmallrocks_lightgrey2,3166,3293,0,30,29,22,3,49,51
325,dugupsoil2_light2,3168,3293,0,32,29,22,3,49,51
5615,bench2,3168,3293,0,32,29,10,1,49,51
979,drystonewall,3169,3293,0,33,29,0,0,49,51
979,drystonewall,3185,3293,0,49,29,0,2,49,51
1264,leaves_1,3187,3293,0,51,29,22,0,49,51
4737,short_grass_3,3191,3293,0,55,29,22,3,49,51
4737,short_grass_3,3192,3293,0,56,29,22,1,49,51
980,fencing,3193,3293,0,57,29,0,0,49,51
4737,short_grass_3,3193,3293,0,57,29,22,0,49,51
1174,thistle,3196,3293,0,60,29,10,2,49,51
4736,short_grass_2,3196,3293,0,60,29,22,3,49,51
4737,short_grass_3,3198,3293,0,62,29,22,0,49,51
4737,short_grass_3,3199,3293,0,63,29,22,0,49,51
4736,short_grass_2,3202,3293,0,2,29,22,2,50,51
4737,short_grass_3,3206,3293,0,6,29,22,0,50,51
4737,short_grass_3,3207,3293,0,7,29,22,0,50,51
980,fencing,3212,3293,0,12,29,1,1,50,51
980,fencing,3213,3293,0,13,29,9,1,50,51
5586,dugupsoil1_light_no_glow,3213,3293,0,13,29,22,0,50,51
5587,dugupsoil2_light_no_glow,3214,3293,0,14,29,22,0,50,51
44603,blankwall_no_blockrange,3215,3293,0,15,29,9,3,50,51
5606,rock_pool_bits,3216,3293,0,16,29,10,2,50,51
44603,blankwall_no_blockrange,3217,3293,0,17,29,0,2,50,51
320,dugupsoil2_light,3221,3293,0,21,29,22,3,50,51
1903,brickwallskew,3221,3293,0,21,29,0,0,50,51
5593,waterwheel_pole,3221,3293,0,21,29,10,3,50,51
1926,roof_thatched,3221,3293,1,21,29,12,2,50,51
1902,brickwall,3222,3293,0,22,29,0,0,50,51
5594,waterwheel_wallbase,3222,3293,0,22,29,10,3,50,51
1926,roof_thatched,3222,3293,1,22,29,17,0,50,51
1926,roof_thatched,3223,3293,1,23,29,17,2,50,51
1926,roof_thatched,3224,3293,1,24,29,17,2,50,51
1535,poordoor,3225,3293,0,25,29,0,0,50,51
1926,roof_thatched,3225,3293,1,25,29,17,2,50,51
1926,roof_thatched,3226,3293,2,26,29,12,2,50,51
1926,roof_thatched,3227,3293,3,27,29,12,2,50,51
1926,roof_thatched,3228,3293,3,28,29,12,0,50,51
1926,roof_thatched,3229,3293,2,29,29,12,0,50,51
359,boxes,3230,3293,0,30,29,10,3,50,51
1827,curtainedbigwindow,3230,3293,0,30,29,5,2,50,51
1902,brickwall,3230,3293,0,30,29,0,2,50,51
1926,roof_thatched,3230,3293,1,30,29,12,0,50,51
309,logpile,3231,3293,0,31,29,10,3,50,51
1826,bigwindow,3231,3293,0,31,29,4,0,50,51
1792,roofedge_thatched,3231,3293,1,31,29,18,0,50,51
325,dugupsoil2_light2,3236,3293,0,36,29,22,0,50,51
980,fencing,3236,3293,0,36,29,1,1,50,51
326,dugupsoil3_light2,3237,3293,0,37,29,22,1,50,51
980,fencing,3237,3293,0,37,29,9,1,50,51
325,dugupsoil2_light2,3238,3293,0,38,29,22,1,50,51
980,fencing,3241,3293,0,41,29,9,3,50,51
325,dugupsoil2_light2,3242,3293,0,42,29,22,2,50,51
980,fencing,3242,3293,0,42,29,1,3,50,51
325,dugupsoil2_light2,3246,3293,0,46,29,22,1,50,51
11440,dugupsmallrocks_lightgrey3,3136,3294,0,0,30,22,0,49,51
11438,dugupsmallrocks_lightgrey1,3141,3294,0,5,30,22,2,49,51
11439,dugupsmallrocks_lightgrey2,3142,3294,0,6,30,22,0,49,51
11438,dugupsmallrocks_lightgrey1,3152,3294,0,16,30,22,1,49,51
325,dugupsoil2_light2,3154,3294,0,18,30,22,0,49,51
326,dugupsoil3_light2,3155,3294,0,19,30,22,0,49,51
325,dugupsoil2_light2,3156,3294,0,20,30,22,2,49,51
979,drystonewall,3157,3294,0,21,30,9,3,49,51
325,dugupsoil2_light2,3158,3294,0,22,30,22,2,49,51
979,drystonewall,3158,3294,0,22,30,1,3,49,51
325,dugupsoil2_light2,3159,3294,0,23,30,22,3,49,51
15507,fai_varrock_wheat_corner,3159,3294,0,23,30,10,0,49,51
15506,fai_varrock_wheat,3160,3294,0,24,30,10,3,49,51
1246,full_twig,3161,3294,0,25,30,22,0,49,51
15506,fai_varrock_wheat,3161,3294,0,25,30,10,1,49,51
325,dugupsoil2_light2,3162,3294,0,26,30,22,0,49,51
15506,fai_varrock_wheat,3162,3294,0,26,30,10,0,49,51
979,drystonewall,3163,3294,0,27,30,0,2,49,51
1393,plant3,3164,3294,0,28,30,10,3,49,51
979,drystonewall,3169,3294,0,33,30,0,0,49,51
5598,water_barrel1,3170,3294,0,34,30,10,1,49,51
3471,straw,3179,3294,0,43,30,22,0,49,51
979,drystonewall,3185,3294,0,49,30,0,2,49,51
4735,short_grass_1,3186,3294,0,50,30,22,1,49,51
4735,short_grass_1,3189,3294,0,53,30,22,2,49,51
4735,short_grass_1,3191,3294,0,55,30,22,1,49,51
1298,fern,3192,3294,0,56,30,10,0,49,51
980,fencing,3193,3294,0,57,30,0,0,49,51
4737,short_grass_3,3199,3294,0,63,30,22,0,49,51
4737,short_grass_3,3206,3294,0,6,30,22,0,50,51
4737,short_grass_3,3207,3294,0,7,30,22,0,50,51
4737,short_grass_3,3208,3294,0,8,30,22,0,50,51
980,fencing,3211,3294,0,11,30,1,1,50,51
980,fencing,3212,3294,0,12,30,9,1,50,51
5586,dugupsoil1_light_no_glow,3214,3294,0,14,30,22,0,50,51
44603,blankwall_no_blockrange,3215,3294,0,15,30,0,0,50,51
44603,blankwall_no_blockrange,3217,3294,0,17,30,0,2,50,51
320,dugupsoil2_light,3221,3294,0,21,30,22,3,50,51
1903,brickwallskew,3221,3294,0,21,30,0,3,50,51
1926,roof_thatched,3221,3294,1,21,30,13,2,50,51
1247,broken_twig,3222,3294,0,22,30,22,2,50,51
1902,brickwall,3222,3294,0,22,30,2,0,50,51
3474,hanginglantern,3222,3294,0,22,30,5,0,50,51
1926,roof_thatched,3222,3294,1,22,30,15,2,50,51
1838,shutterwindow,3223,3294,0,23,30,5,1,50,51
1902,brickwall,3223,3294,0,23,30,0,1,50,51
1926,roof_thatched,3223,3294,1,23,30,17,2,50,51
362,barrel,3224,3294,0,24,30,10,3,50,51
1902,brickwall,3224,3294,0,24,30,0,1,50,51
1926,roof_thatched,3224,3294,1,24,30,17,2,50,51
391,cookingutensils,3225,3294,0,25,30,5,1,50,51
1902,brickwall,3225,3294,0,25,30,2,0,50,51
1926,roof_thatched,3225,3294,1,25,30,17,2,50,51
1821,window,3226,3294,0,26,30,5,1,50,51
1902,brickwall,3226,3294,0,26,30,0,1,50,51
10095,milk_churn_icon,3226,3294,0,26,30,22,0,50,51
11695,dairy_churn,3226,3294,0,26,30,10,0,50,51
1923,roofwallfiller,3226,3294,1,26,30,0,1,50,51
1926,roof_thatched,3226,3294,2,26,30,12,2,50,51
1022,cookingshelf,3227,3294,0,27,30,5,1,50,51
1902,brickwall,3227,3294,0,27,30,0,1,50,51
5610,potsandpans2,3227,3294,0,27,30,10,1,50,51
1923,roofwallfiller,3227,3294,1,27,30,0,1,50,51
1923,roofwallfiller,3227,3294,2,27,30,0,1,50,51
1926,roof_thatched,3227,3294,3,27,30,12,2,50,51
1013,cookingshelves,3228,3294,0,28,30,10,1,50,51
1902,brickwall,3228,3294,0,28,30,0,1,50,51
1923,roofwallfiller,3228,3294,1,28,30,0,1,50,51
1923,roofwallfiller,3228,3294,2,28,30,0,1,50,51
1926,roof_thatched,3228,3294,3,28,30,12,0,50,51
358,crate3_old,3229,3294,0,29,30,10,3,50,51
1821,window,3229,3294,0,29,30,5,1,50,51
1902,brickwall,3229,3294,0,29,30,0,1,50,51
1923,roofwallfiller,3229,3294,1,29,30,0,1,50,51
1926,roof_thatched,3229,3294,2,29,30,12,0,50,51
362,barrel,3230,3294,0,30,30,10,3,50,51
1902,brickwall,3230,3294,0,30,30,2,1,50,51
1926,roof_thatched,3230,3294,1,30,30,12,0,50,51
1792,roofedge_thatched,3231,3294,1,31,30,18,0,50,51
1008,fence_terminator_right,3236,3294,0,36,30,0,2,50,51
325,dugupsoil2_light2,3237,3294,0,37,30,22,3,50,51
1246,full_twig,3238,3294,0,38,30,22,3,50,51
325,dugupsoil2_light2,3241,3294,0,41,30,22,0,50,51
980,fencing,3241,3294,0,41,30,0,0,50,51
326,dugupsoil3_light2,3242,3294,0,42,30,22,1,50,51
325,dugupsoil2_light2,3243,3294,0,43,30,22,1,50,51
325,dugupsoil2_light2,3249,3294,0,49,30,22,0,50,51
11438,dugupsmallrocks_lightgrey1,3137,3295,0,1,31,22,1,49,51
11439,dugupsmallrocks_lightgrey2,3140,3295,0,4,31,22,1,49,51
11439,dugupsmallrocks_lightgrey2,3146,3295,0,10,31,22,0,49,51
11440,dugupsmallrocks_lightgrey3,3148,3295,0,12,31,22,0,49,51
11439,dugupsmallrocks_lightgrey2,3151,3295,0,15,31,22,3,49,51
325,dugupsoil2_light2,3152,3295,0,16,31,22,1,49,51
325,dugupsoil2_light2,3153,3295,0,17,31,22,1,49,51
979,drystonewall,3154,3295,0,18,31,9,3,49,51
979,drystonewall,3155,3295,0,19,31,0,3,49,51
979,drystonewall,3156,3295,0,20,31,0,3,49,51
979,drystonewall,3157,3295,0,21,31,1,3,49,51
15507,fai_varrock_wheat_corner,3157,3295,0,21,31,10,0,49,51
325,dugupsoil2_light2,3158,3295,0,22,31,22,2,49,51
15506,fai_varrock_wheat,3158,3295,0,22,31,10,3,49,51
325,dugupsoil2_light2,3159,3295,0,23,31,22,3,49,51
15506,fai_varrock_wheat,3159,3295,0,23,31,10,0,49,51
15508,fai_varrock_wheat_small,3160,3295,0,24,31,10,3,49,51
326,dugupsoil3_light2,3161,3295,0,25,31,22,1,49,51
15506,fai_varrock_wheat,3161,3295,0,25,31,10,0,49,51
15506,fai_varrock_wheat,3162,3295,0,26,31,10,3,49,51
979,drystonewall,3163,3295,0,27,31,0,2,49,51
4737,short_grass_3,3164,3295,0,28,31,22,1,49,51
979,drystonewall,3169,3295,0,33,31,9,0,49,51
979,drystonewall,3170,3295,0,34,31,1,0,49,51
3471,straw,3175,3295,0,39,31,22,0,49,51
3471,straw,3184,3295,0,48,31,22,0,49,51
979,drystonewall,3185,3295,0,49,31,1,2,49,51
979,drystonewall,3186,3295,0,50,31,9,2,49,51
4735,short_grass_1,3187,3295,0,51,31,22,2,49,51
4737,short_grass_3,3192,3295,0,56,31,22,0,49,51
980,fencing,3193,3295,0,57,31,0,0,49,51
4736,short_grass_2,3195,3295,0,59,31,22,3,49,51
4735,short_grass_1,3196,3295,0,60,31,22,0,49,51
4737,short_grass_3,3198,3295,0,62,31,22,0,49,51
4737,short_grass_3,3199,3295,0,63,31,22,0,49,51
4737,short_grass_3,3207,3295,0,7,31,22,0,50,51
980,fencing,3211,3295,0,11,31,0,2,50,51
44603,blankwall_no_blockrange,3215,3295,0,15,31,0,0,50,51
44603,blankwall_no_blockrange,3218,3295,0,18,31,9,2,50,51
1838,shutterwindow,3223,3295,0,23,31,4,3,50,51
980,fencing,3225,3295,0,25,31,0,0,50,51
5598,water_barrel1,3225,3295,0,25,31,10,1,50,51
1821,window,3226,3295,0,26,31,4,3,50,51
5599,water_barrel2,3226,3295,0,26,31,10,2,50,51
1821,window,3229,3295,0,29,31,4,3,50,51
309,logpile,3230,3295,0,30,31,10,2,50,51
5537,woodchippings,3232,3295,0,32,31,22,2,50,51
1560,fencegate_r,3236,3295,0,36,31,0,2,50,51
326,dugupsoil3_light2,3238,3295,0,38,31,22,3,50,51
325,dugupsoil2_light2,3239,3295,0,39,31,22,1,50,51
980,fencing,3240,3295,0,40,31,9,3,50,51
325,dugupsoil2_light2,3241,3295,0,41,31,22,0,50,51
980,fencing,3241,3295,0,41,31,1,3,50,51
326,dugupsoil3_light2,3244,3295,0,44,31,22,2,50,51
325,dugupsoil2_light2,3245,3295,0,45,31,22,2,50,51
325,dugupsoil2_light2,3247,3295,0,47,31,22,2,50,51
325,dugupsoil2_light2,3249,3295,0,49,31,22,1,50,51
325,dugupsoil2_light2,3250,3295,0,50,31,22,1,50,51
11439,dugupsmallrocks_lightgrey2,3137,3296,0,1,32,22,2,49,51
11439,dugupsmallrocks_lightgrey2,3147,3296,0,11,32,22,1,49,51
1248,sticks_twigs,3150,3296,0,14,32,22,1,49,51
325,dugupsoil2_light2,3151,3296,0,15,32,22,0,49,51
326,dugupsoil3_light2,3152,3296,0,16,32,22,2,49,51
979,drystonewall,3153,3296,0,17,32,9,3,49,51
979,drystonewall,3154,3296,0,18,32,1,3,49,51
15507,fai_varrock_wheat_corner,3154,3296,0,18,32,10,0,49,51
15506,fai_varrock_wheat,3155,3296,0,19,32,10,0,49,51
15506,fai_varrock_wheat,3156,3296,0,20,32,10,3,49,51
325,dugupsoil2_light2,3157,3296,0,21,32,22,2,49,51
15506,fai_varrock_wheat,3157,3296,0,21,32,10,2,49,51
15506,fai_varrock_wheat,3158,3296,0,22,32,10,1,49,51
325,dugupsoil2_light2,3159,3296,0,23,32,22,0,49,51
15506,fai_varrock_wheat,3159,3296,0,23,32,10,2,49,51
15506,fai_varrock_wheat,3160,3296,0,24,32,10,3,49,51
325,dugupsoil2_light2,3161,3296,0,25,32,22,0,49,51
15506,fai_varrock_wheat,3161,3296,0,25,32,10,0,49,51
15506,fai_varrock_wheat,3162,3296,0,26,32,10,2,49,51
325,dugupsoil2_light2,3163,3296,0,27,32,22,0,49,51
979,drystonewall,3163,3296,0,27,32,1,2,49,51
979,drystonewall,3164,3296,0,28,32,9,2,49,51
4735,short_grass_1,3169,3296,0,33,32,22,3,49,51
979,drystonewall,3170,3296,0,34,32,0,0,49,51
979,drystonewall,3186,3296,0,50,32,0,2,49,51
4736,short_grass_2,3192,3296,0,56,32,22,0,49,51
980,fencing,3193,3296,0,57,32,0,0,49,51
4736,short_grass_2,3194,3296,0,58,32,22,3,49,51
4736,short_grass_2,3195,3296,0,59,32,22,3,49,51
4735,short_grass_1,3196,3296,0,60,32,22,0,49,51
981,gardenfencing,3210,3296,0,10,32,3,1,50,51
980,fencing,3211,3296,0,11,32,9,1,50,51
44603,blankwall_no_blockrange,3214,3296,0,14,32,9,1,50,51
44603,blankwall_no_blockrange,3218,3296,0,18,32,0,2,50,51
321,dugupsoil3_light,3221,3296,0,21,32,22,2,50,51
980,fencing,3225,3296,0,25,32,0,0,50,51
5537,woodchippings,3231,3296,0,31,32,22,3,50,51
5581,log_withaxe,3232,3296,0,32,32,10,0,50,51
5537,woodchippings,3233,3296,0,33,32,22,1,50,51
1558,fencegate_l,3236,3296,0,36,32,0,2,50,51
325,dugupsoil2_light2,3237,3296,0,37,32,22,2,50,51
325,dugupsoil2_light2,3240,3296,0,40,32,22,1,50,51
980,fencing,3240,3296,0,40,32,0,0,50,51
326,dugupsoil3_light2,3242,3296,0,42,32,22,0,50,51
326,dugupsoil3_light2,3244,3296,0,44,32,22,3,50,51
326,dugupsoil3_light2,3245,3296,0,45,32,22,0,50,51
325,dugupsoil2_light2,3246,3296,0,46,32,22,1,50,51
4735,short_grass_1,3151,3297,0,15,33,22,2,49,51
4735,short_grass_1,3152,3297,0,16,33,22,1,49,51
979,drystonewall,3153,3297,0,17,33,0,0,49,51
15506,fai_varrock_wheat,3154,3297,0,18,33,10,1,49,51
325,dugupsoil2_light2,3155,3297,0,19,33,22,0,49,51
15506,fai_varrock_wheat,3155,3297,0,19,33,10,0,49,51
15506,fai_varrock_wheat,3156,3297,0,20,33,10,1,49,51
325,dugupsoil2_light2,3157,3297,0,21,33,22,1,49,51
15506,fai_varrock_wheat,3157,3297,0,21,33,10,1,49,51
15506,fai_varrock_wheat,3158,3297,0,22,33,10,2,49,51
325,dugupsoil2_light2,3159,3297,0,23,33,22,1,49,51
15506,fai_varrock_wheat,3159,3297,0,23,33,10,3,49,51
15506,fai_varrock_wheat,3160,3297,0,24,33,10,2,49,51
324,dugupsoil1_light2,3161,3297,0,25,33,22,2,49,51
15508,fai_varrock_wheat_small,3161,3297,0,25,33,10,2,49,51
15506,fai_varrock_wheat,3162,3297,0,26,33,10,1,49,51
85,inviswall_blockrange,3163,3297,0,27,33,0,2,49,51
28967,hh_easy010,3163,3297,0,27,33,10,2,49,51
979,drystonewall,3164,3297,0,28,33,0,2,49,51
4735,short_grass_1,3168,3297,0,32,33,22,1,49,51
4737,short_grass_3,3169,3297,0,33,33,22,0,49,51
979,drystonewall,3170,3297,0,34,33,0,0,49,51
3472,straw2,3173,3297,0,37,33,22,0,49,51
979,drystonewall,3186,3297,0,50,33,0,2,49,51
4735,short_grass_1,3192,3297,0,56,33,22,0,49,51
980,fencing,3193,3297,0,57,33,0,0,49,51
4736,short_grass_2,3194,3297,0,58,33,22,3,49,51
4735,short_grass_1,3195,3297,0,59,33,22,0,49,51
4737,short_grass_3,3200,3297,0,0,33,22,0,50,51
4737,short_grass_3,3201,3297,0,1,33,22,0,50,51
4737,short_grass_3,3202,3297,0,2,33,22,0,50,51
1174,thistle,3203,3297,0,3,33,10,2,50,51
980,fencing,3210,3297,0,10,33,0,2,50,51
324,dugupsoil1_light2,3211,3297,0,11,33,22,1,50,51
5587,dugupsoil2_light_no_glow,3213,3297,0,13,33,22,2,50,51
44603,blankwall_no_blockrange,3214,3297,0,14,33,0,0,50,51
44603,blankwall_no_blockrange,3218,3297,0,18,33,0,2,50,51
320,dugupsoil2_light,3220,3297,0,20,33,22,2,50,51
320,dugupsoil2_light,3222,3297,0,22,33,22,3,50,51
980,fencing,3225,3297,0,25,33,0,0,50,51
1792,roofedge_thatched,3226,3297,1,26,33,19,1,50,51
185,dugupsoil2_upass,3227,3297,0,27,33,22,3,50,51
1602,timberwall,3227,3297,0,27,33,3,0,50,51
1792,roofedge_thatched,3227,3297,1,27,33,18,1,50,51
1792,roofedge_thatched,3228,3297,1,28,33,18,1,50,51
185,dugupsoil2_upass,3229,3297,0,29,33,22,2,50,51
1792,roofedge_thatched,3229,3297,1,29,33,18,1,50,51
1792,roofedge_thatched,3230,3297,1,30,33,18,1,50,51
1792,roofedge_thatched,3231,3297,1,31,33,18,1,50,51
5537,woodchippings,3232,3297,0,32,33,22,0,50,51
1792,roofedge_thatched,3232,3297,1,32,33,18,1,50,51
185,dugupsoil2_upass,3233,3297,0,33,33,22,1,50,51
1602,timberwall,3233,3297,0,33,33,3,1,50,51
1792,roofedge_thatched,3233,3297,1,33,33,18,1,50,51
1792,roofedge_thatched,3234,3297,1,34,33,19,0,50,51
320,dugupsoil2_light,3236,3297,0,36,33,22,0,50,51
980,fencing,3236,3297,0,36,33,1,2,50,51
980,fencing,3237,3297,0,37,33,9,2,50,51
325,dugupsoil2_light2,3239,3297,0,39,33,22,2,50,51
325,dugupsoil2_light2,3240,3297,0,40,33,22,3,50,51
980,fencing,3240,3297,0,40,33,0,0,50,51
326,dugupsoil3_light2,3241,3297,0,41,33,22,3,50,51
325,dugupsoil2_light2,3242,3297,0,42,33,22,1,50,51
325,dugupsoil2_light2,3244,3297,0,44,33,22,3,50,51
5580,wheel_barrow,3244,3297,0,44,33,11,3,50,51
324,dugupsoil1_light2,3245,3297,0,45,33,22,0,50,51
325,dugupsoil2_light2,3246,3297,0,46,33,22,2,50,51
325,dugupsoil2_light2,3248,3297,0,48,33,22,2,50,51
326,dugupsoil3_light2,3249,3297,0,49,33,22,0,50,51
325,dugupsoil2_light2,3250,3297,0,50,33,22,1,50,51
5577,foodtrough4,3250,3297,0,50,33,10,2,50,51
326,dugupsoil3_light2,3255,3297,0,55,33,22,3,50,51
1391,plant1,3255,3297,0,55,33,10,2,50,51
325,dugupsoil2_light2,3256,3297,0,56,33,22,3,50,51
301,foodtrough,3259,3297,0,59,33,10,0,50,51
5636,timberwall_brown,3137,3298,0,1,34,3,1,49,51
5636,timberwall_brown,3137,3298,1,1,34,3,1,49,51
1792,roofedge_thatched,3137,3298,2,1,34,19,1,49,51
1792,roofedge_thatched,3138,3298,2,2,34,18,1,49,51
1792,roofedge_thatched,3139,3298,2,3,34,18,1,49,51
5636,timberwall_brown,3140,3298,0,4,34,3,0,49,51
5636,timberwall_brown,3140,3298,1,4,34,3,0,49,51
1792,roofedge_thatched,3140,3298,2,4,34,18,1,49,51
1792,roofedge_thatched,3141,3298,2,5,34,18,1,49,51
5636,timberwall_brown,3142,3298,0,6,34,3,0,49,51
5636,timberwall_brown,3142,3298,1,6,34,3,0,49,51
1792,roofedge_thatched,3142,3298,2,6,34,18,1,49,51
1792,roofedge_thatched,3143,3298,2,7,34,18,1,49,51
980,fencing,3144,3298,0,8,34,9,3,49,51
1792,roofedge_thatched,3144,3298,2,8,34,19,0,49,51
981,gardenfencing,3145,3298,0,9,34,3,3,49,51
315,dugupsoil2,3146,3298,0,10,34,22,3,49,51
980,fencing,3148,3298,0,12,34,9,3,49,51
980,fencing,3149,3298,0,13,34,0,3,49,51
980,fencing,3150,3298,0,14,34,0,3,49,51
4735,short_grass_1,3150,3298,0,14,34,22,1,49,51
980,fencing,3151,3298,0,15,34,0,3,49,51
4736,short_grass_2,3151,3298,0,15,34,22,0,49,51
980,fencing,3152,3298,0,16,34,9,2,49,51
4737,short_grass_3,3152,3298,0,16,34,22,3,49,51
979,drystonewall,3153,3298,0,17,34,0,0,49,51
15506,fai_varrock_wheat,3154,3298,0,18,34,10,2,49,51
326,dugupsoil3_light2,3155,3298,0,19,34,22,3,49,51
15506,fai_varrock_wheat,3155,3298,0,19,34,10,3,49,51
15506,fai_varrock_wheat,3156,3298,0,20,34,10,2,49,51
325,dugupsoil2_light2,3157,3298,0,21,34,22,2,49,51
15508,fai_varrock_wheat_small,3157,3298,0,21,34,10,1,49,51
15506,fai_varrock_wheat,3158,3298,0,22,34,10,3,49,51
325,dugupsoil2_light2,3159,3298,0,23,34,22,0,49,51
15508,fai_varrock_wheat_small,3159,3298,0,23,34,10,2,49,51
15506,fai_varrock_wheat,3160,3298,0,24,34,10,1,49,51
15506,fai_varrock_wheat,3161,3298,0,25,34,10,2,49,51
15506,fai_varrock_wheat,3162,3298,0,26,34,10,0,49,51
85,inviswall_blockrange,3163,3298,0,27,34,0,2,49,51
325,dugupsoil2_light2,3163,3298,0,27,34,22,3,49,51
15506,fai_varrock_wheat,3163,3298,0,27,34,10,3,49,51
325,dugupsoil2_light2,3164,3298,0,28,34,22,3,49,51
979,drystonewall,3164,3298,0,28,34,0,2,49,51
4735,short_grass_1,3165,3298,0,29,34,22,1,49,51
4735,short_grass_1,3168,3298,0,32,34,22,0,49,51
979,drystonewall,3169,3298,0,33,34,9,3,49,51
979,drystonewall,3170,3298,0,34,34,1,3,49,51
3471,straw,3179,3298,0,43,34,22,0,49,51
979,drystonewall,3185,3298,0,49,34,1,1,49,51
979,drystonewall,3186,3298,0,50,34,9,1,49,51
4735,short_grass_1,3187,3298,0,51,34,22,0,49,51
4735,short_grass_1,3192,3298,0,56,34,22,2,49,51
980,fencing,3193,3298,0,57,34,0,0,49,51
4735,short_grass_1,3195,3298,0,59,34,22,0,49,51
4737,short_grass_3,3199,3298,0,63,34,22,0,49,51
980,fencing,3210,3298,0,10,34,0,2,50,51
5586,dugupsoil1_light_no_glow,3213,3298,0,13,34,22,3,50,51
44603,blankwall_no_blockrange,3214,3298,0,14,34,0,0,50,51
44603,blankwall_no_blockrange,3219,3298,0,19,34,9,0,50,51
320,dugupsoil2_light,3221,3298,0,21,34,22,2,50,51
321,dugupsoil3_light,3222,3298,0,22,34,22,0,50,51
980,fencing,3225,3298,0,25,34,0,0,50,51
185,dugupsoil2_upass,3226,3298,0,26,34,22,2,50,51
1792,roofedge_thatched,3226,3298,1,26,34,18,2,50,51
185,dugupsoil2_upass,3227,3298,0,27,34,22,1,50,51
364,barrelwithtap,3227,3298,0,27,34,10,3,50,51
1902,brickwall,3227,3298,0,27,34,0,0,50,51
1926,roof_thatched,3227,3298,1,27,34,16,1,50,51
1926,roof_thatched,3228,3298,1,28,34,12,1,50,51
1926,roof_thatched,3229,3298,1,29,34,12,1,50,51
185,dugupsoil2_upass,3230,3298,0,30,34,22,1,50,51
1926,roof_thatched,3230,3298,1,30,34,12,1,50,51
1926,roof_thatched,3231,3298,1,31,34,12,1,50,51
17411,randomsound_chickens,3232,3298,0,32,34,22,0,50,51
1926,roof_thatched,3232,3298,1,32,34,12,1,50,51
185,dugupsoil2_upass,3233,3298,0,33,34,22,1,50,51
1902,brickwall,3233,3298,0,33,34,0,2,50,51
5574,sack_full,3233,3298,0,33,34,10,1,50,51
1926,roof_thatched,3233,3298,1,33,34,16,0,50,51
1792,roofedge_thatched,3234,3298,1,34,34,18,0,50,51
320,dugupsoil2_light,3235,3298,0,35,34,22,2,50,51
980,fencing,3237,3298,0,37,34,0,2,50,51
325,dugupsoil2_light2,3240,3298,0,40,34,22,1,50,51
980,fencing,3240,3298,0,40,34,9,0,50,51
325,dugupsoil2_light2,3241,3298,0,41,34,22,2,50,51
980,fencing,3241,3298,0,41,34,1,0,50,51
324,dugupsoil1_light2,3242,3298,0,42,34,22,0,50,51
326,dugupsoil3_light2,3243,3298,0,43,34,22,3,50,51
325,dugupsoil2_light2,3244,3298,0,44,34,22,0,50,51
325,dugupsoil2_light2,3245,3298,0,45,34,22,1,50,51
326,dugupsoil3_light2,3246,3298,0,46,34,22,2,50,51
325,dugupsoil2_light2,3247,3298,0,47,34,22,3,50,51
5574,sack_full,3247,3298,0,47,34,10,3,50,51
325,dugupsoil2_light2,3248,3298,0,48,34,22,3,50,51
5574,sack_full,3248,3298,0,48,34,10,0,50,51
326,dugupsoil3_light2,3250,3298,0,50,34,22,1,50,51
325,dugupsoil2_light2,3251,3298,0,51,34,22,0,50,51
325,dugupsoil2_light2,3254,3298,0,54,34,22,3,50,51
325,dugupsoil2_light2,3255,3298,0,55,34,22,0,50,51
326,dugupsoil3_light2,3256,3298,0,56,34,22,2,50,51
325,dugupsoil2_light2,3257,3298,0,57,34,22,1,50,51
325,dugupsoil2_light2,3258,3298,0,58,34,22,3,50,51
325,dugupsoil2_light2,3259,3298,0,59,34,22,0,50,51
1792,roofedge_thatched,3137,3299,2,1,35,18,2,49,51
315,dugupsoil2,3138,3299,0,2,35,22,2,49,51
980,fencing,3138,3299,0,2,35,9,3,49,51
423,poorbed2,3138,3299,1,2,35,10,2,49,51
1769,wood1,3138,3299,1,2,35,2,3,49,51
5637,thatched_timberroof_brown,3138,3299,2,2,35,16,1,49,51
315,dugupsoil2,3139,3299,0,3,35,22,1,49,51
980,fencing,3139,3299,0,3,35,0,3,49,51
1769,wood1,3139,3299,1,3,35,0,3,49,51
5638,thatched_timberroof_fill_brown,3139,3299,2,3,35,12,1,49,51
980,fencing,3140,3299,0,4,35,0,3,49,51
1263,hay_2,3140,3299,0,4,35,22,3,49,51
300,haystack3,3140,3299,1,4,35,10,3,49,51
1769,wood1,3140,3299,1,4,35,0,3,49,51
5638,thatched_timberroof_fill_brown,3140,3299,2,4,35,12,1,49,51
980,fencing,3141,3299,0,5,35,0,3,49,51
767,floor_depth2,3141,3299,1,5,35,22,1,49,51
1769,wood1,3141,3299,1,5,35,0,3,49,51
5638,thatched_timberroof_fill_brown,3141,3299,2,5,35,12,1,49,51
980,fencing,3142,3299,0,6,35,0,3,49,51
1263,hay_2,3142,3299,0,6,35,22,0,49,51
1769,wood1,3142,3299,1,6,35,0,3,49,51
5638,thatched_timberroof_fill_brown,3142,3299,2,6,35,12,1,49,51
980,fencing,3143,3299,0,7,35,0,3,49,51
1247,broken_twig,3143,3299,0,7,35,22,1,49,51
1769,wood1,3143,3299,1,7,35,0,3,49,51
5637,thatched_timberroof_brown,3143,3299,2,7,35,16,0,49,51
5636,timberwall_brown,3144,3299,0,8,35,3,3,49,51
5636,timberwall_brown,3144,3299,1,8,35,3,3,49,51
1792,roofedge_thatched,3144,3299,2,8,35,18,0,49,51
315,dugupsoil2,3145,3299,0,9,35,22,0,49,51
315,dugupsoil2,3147,3299,0,11,35,22,0,49,51
980,fencing,3147,3299,0,11,35,9,3,49,51
980,fencing,3148,3299,0,12,35,1,3,49,51
315,dugupsoil2,3149,3299,0,13,35,22,1,49,51
315,dugupsoil2,3152,3299,0,16,35,22,1,49,51
325,dugupsoil2_light2,3153,3299,0,17,35,22,3,49,51
979,drystonewall,3153,3299,0,17,35,0,0,49,51
15506,fai_varrock_wheat,3154,3299,0,18,35,10,3,49,51
325,dugupsoil2_light2,3155,3299,0,19,35,22,3,49,51
15506,fai_varrock_wheat,3155,3299,0,19,35,10,2,49,51
15506,fai_varrock_wheat,3156,3299,0,20,35,10,3,49,51
325,dugupsoil2_light2,3157,3299,0,21,35,22,0,49,51
15506,fai_varrock_wheat,3157,3299,0,21,35,10,3,49,51
324,dugupsoil1_light2,3158,3299,0,22,35,22,1,49,51
15506,fai_varrock_wheat,3158,3299,0,22,35,10,0,49,51
15506,fai_varrock_wheat,3159,3299,0,23,35,10,1,49,51
325,dugupsoil2_light2,3160,3299,0,24,35,22,3,49,51
15506,fai_varrock_wheat,3160,3299,0,24,35,10,0,49,51
325,dugupsoil2_light2,3161,3299,0,25,35,22,1,49,51
15506,fai_varrock_wheat,3161,3299,0,25,35,10,3,49,51
326,dugupsoil3_light2,3162,3299,0,26,35,22,0,49,51
15506,fai_varrock_wheat,3162,3299,0,26,35,10,2,49,51
979,drystonewall,3163,3299,0,27,35,1,1,49,51
15507,fai_varrock_wheat_corner,3163,3299,0,27,35,10,2,49,51
979,drystonewall,3164,3299,0,28,35,9,1,49,51
11439,dugupsmallrocks_lightgrey2,3166,3299,0,30,35,22,1,49,51
11439,dugupsmallrocks_lightgrey2,3167,3299,0,31,35,22,0,49,51
325,dugupsoil2_light2,3168,3299,0,32,35,22,3,49,51
365,sacks,3169,3299,0,33,35,10,2,49,51
979,drystonewall,3169,3299,0,33,35,0,0,49,51
3472,straw2,3171,3299,0,35,35,22,0,49,51
979,drystonewall,3185,3299,0,49,35,0,2,49,51
4735,short_grass_1,3186,3299,0,50,35,22,2,49,51
4735,short_grass_1,3187,3299,0,51,35,22,3,49,51
4735,short_grass_1,3190,3299,0,54,35,22,3,49,51
4735,short_grass_1,3191,3299,0,55,35,22,1,49,51
4736,short_grass_2,3192,3299,0,56,35,22,3,49,51
980,fencing,3193,3299,0,57,35,0,0,49,51
4736,short_grass_2,3193,3299,0,57,35,22,3,49,51
4737,short_grass_3,3206,3299,0,6,35,22,1,50,51
980,fencing,3210,3299,0,10,35,0,2,50,51
5587,dugupsoil2_light_no_glow,3213,3299,0,13,35,22,1,50,51
44603,blankwall_no_blockrange,3214,3299,0,14,35,0,0,50,51
5604,rock_pool,3218,3299,0,18,35,10,0,50,51
44603,blankwall_no_blockrange,3219,3299,0,19,35,0,2,50,51
320,dugupsoil2_light,3220,3299,0,20,35,22,1,50,51
319,dugupsoil1_light,3221,3299,0,21,35,22,3,50,51
980,fencing,3225,3299,0,25,35,0,0,50,51
1792,roofedge_thatched,3226,3299,1,26,35,18,2,50,51
186,dugupsoil3_upass,3227,3299,0,27,35,22,2,50,51
1902,brickwall,3227,3299,0,27,35,2,3,50,51
1926,roof_thatched,3227,3299,1,27,35,12,2,50,51
185,dugupsoil2_upass,3228,3299,0,28,35,22,2,50,51
1602,timberwall,3228,3299,0,28,35,3,3,50,51
1926,roof_thatched,3228,3299,1,28,35,17,3,50,51
1926,roof_thatched,3228,3299,2,28,35,16,1,50,51
185,dugupsoil2_upass,3229,3299,0,29,35,22,1,50,51
1926,roof_thatched,3229,3299,1,29,35,17,3,50,51
1926,roof_thatched,3229,3299,2,29,35,12,1,50,51
1926,roof_thatched,3230,3299,1,30,35,17,3,50,51
1926,roof_thatched,3230,3299,2,30,35,12,1,50,51
185,dugupsoil2_upass,3231,3299,0,31,35,22,0,50,51
1926,roof_thatched,3231,3299,1,31,35,17,3,50,51
1926,roof_thatched,3231,3299,2,31,35,12,1,50,51
185,dugupsoil2_upass,3232,3299,0,32,35,22,0,50,51
1602,timberwall,3232,3299,0,32,35,3,2,50,51
1926,roof_thatched,3232,3299,1,32,35,17,3,50,51
1926,roof_thatched,3232,3299,2,32,35,16,0,50,51
186,dugupsoil3_upass,3233,3299,0,33,35,22,3,50,51
1902,brickwall,3233,3299,0,33,35,2,2,50,51
1926,roof_thatched,3233,3299,1,33,35,12,0,50,51
1792,roofedge_thatched,3234,3299,1,34,35,18,0,50,51
320,dugupsoil2_light,3236,3299,0,36,35,22,3,50,51
980,fencing,3237,3299,0,37,35,0,2,50,51
980,fencing,3241,3299,0,41,35,2,3,50,51
980,fencing,3242,3299,0,42,35,0,3,50,51
980,fencing,3243,3299,0,43,35,0,3,50,51
980,fencing,3244,3299,0,44,35,0,3,50,51
980,fencing,3245,3299,0,45,35,0,3,50,51
980,fencing,3246,3299,0,46,35,0,3,50,51
980,fencing,3247,3299,0,47,35,0,3,50,51
980,fencing,3248,3299,0,48,35,0,3,50,51
980,fencing,3249,3299,0,49,35,0,3,50,51
980,fencing,3250,3299,0,50,35,0,3,50,51
980,fencing,3251,3299,0,51,35,0,3,50,51
980,fencing,3252,3299,0,52,35,0,3,50,51
980,fencing,3253,3299,0,53,35,0,3,50,51
980,fencing,3254,3299,0,54,35,0,3,50,51
980,fencing,3255,3299,0,55,35,0,3,50,51
980,fencing,3256,3299,0,56,35,9,2,50,51
325,dugupsoil2_light2,3257,3299,0,57,35,22,2,50,51
324,dugupsoil1_light2,3258,3299,0,58,35,22,0,50,51
326,dugupsoil3_light2,3259,3299,0,59,35,22,1,50,51
325,dugupsoil2_light2,3260,3299,0,60,35,22,2,50,51
980,fencing,3261,3299,0,61,35,9,3,50,51
980,fencing,3262,3299,0,62,35,0,3,50,51
980,fencing,3263,3299,0,63,35,0,3,50,51
1792,roofedge_thatched,3137,3300,2,1,36,18,2,49,51
980,fencing,3138,3300,0,2,36,0,0,49,51
1262,hay_1,3138,3300,0,2,36,22,0,49,51
1769,wood1,3138,3300,1,2,36,0,0,49,51
5638,thatched_timberroof_fill_brown,3138,3300,2,2,36,12,2,49,51
298,haystack,3139,3300,0,3,36,10,1,49,51
1604,thatched_timberroof,3139,3300,2,3,36,17,0,49,51
1604,thatched_timberroof,3140,3300,2,4,36,17,0,49,51
299,haystack2,3141,3300,0,5,36,10,1,49,51
1262,hay_1,3141,3300,0,5,36,22,3,49,51
767,floor_depth2,3141,3300,1,5,36,22,1,49,51
1604,thatched_timberroof,3141,3300,2,5,36,17,0,49,51
1263,hay_2,3142,3300,0,6,36,22,3,49,51
1604,thatched_timberroof,3142,3300,2,6,36,17,0,49,51
1263,hay_2,3143,3300,0,7,36,22,1,49,51
5637,thatched_timberroof_brown,3143,3300,2,7,36,12,0,49,51
315,dugupsoil2,3144,3300,0,8,36,22,1,49,51
1792,roofedge_thatched,3144,3300,2,8,36,18,0,49,51
316,dugupsoil3,3145,3300,0,9,36,22,3,49,51
315,dugupsoil2,3146,3300,0,10,36,22,2,49,51
981,gardenfencing,3147,3300,0,11,36,3,3,49,51
1262,hay_1,3147,3300,0,11,36,22,2,49,51
298,haystack,3149,3300,0,13,36,10,3,49,51
1246,full_twig,3150,3300,0,14,36,22,1,49,51
1262,hay_1,3151,3300,0,15,36,22,1,49,51
316,dugupsoil3,3152,3300,0,16,36,22,3,49,51
979,drystonewall,3153,3300,0,17,36,0,0,49,51
15506,fai_varrock_wheat,3154,3300,0,18,36,10,0,49,51
325,dugupsoil2_light2,3155,3300,0,19,36,22,2,49,51
15506,fai_varrock_wheat,3155,3300,0,19,36,10,1,49,51
15506,fai_varrock_wheat,3156,3300,0,20,36,10,0,49,51
325,dugupsoil2_light2,3157,3300,0,21,36,22,0,49,51
15506,fai_varrock_wheat,3157,3300,0,21,36,10,2,49,51
15506,fai_varrock_wheat,3158,3300,0,22,36,10,1,49,51
325,dugupsoil2_light2,3159,3300,0,23,36,22,1,49,51
15506,fai_varrock_wheat,3159,3300,0,23,36,10,3,49,51
15506,fai_varrock_wheat,3160,3300,0,24,36,10,2,49,51
325,dugupsoil2_light2,3161,3300,0,25,36,22,0,49,51
15506,fai_varrock_wheat,3161,3300,0,25,36,10,1,49,51
979,drystonewall,3162,3300,0,26,36,1,1,49,51
979,drystonewall,3163,3300,0,27,36,9,1,49,51
4735,short_grass_1,3164,3300,0,28,36,22,1,49,51
11438,dugupsmallrocks_lightgrey1,3167,3300,0,31,36,22,3,49,51
979,drystonewall,3169,3300,0,33,36,9,0,49,51
979,drystonewall,3170,3300,0,34,36,1,0,49,51
5574,sack_full,3170,3300,0,34,36,10,2,49,51
3471,straw,3173,3300,0,37,36,22,0,49,51
979,drystonewall,3185,3300,0,49,36,0,2,49,51
1392,plant2,3186,3300,0,50,36,10,1,49,51
4736,short_grass_2,3192,3300,0,56,36,22,0,49,51
980,fencing,3193,3300,0,57,36,0,0,49,51
4737,short_grass_3,3204,3300,0,4,36,22,1,50,51
4737,short_grass_3,3205,3300,0,5,36,22,1,50,51
4735,short_grass_1,3206,3300,0,6,36,22,0,50,51
4735,short_grass_1,3207,3300,0,7,36,22,0,50,51
980,fencing,3210,3300,0,10,36,0,2,50,51
44603,blankwall_no_blockrange,3214,3300,0,14,36,0,0,50,51
44603,blankwall_no_blockrange,3219,3300,0,19,36,0,2,50,51
320,dugupsoil2_light,3221,3300,0,21,36,22,0,50,51
1248,sticks_twigs,3223,3300,0,23,36,22,2,50,51
980,fencing,3225,3300,0,25,36,0,0,50,51
1838,shutterwindow,3226,3300,0,26,36,4,2,50,51
1792,roofedge_thatched,3226,3300,1,26,36,18,2,50,51
1262,hay_1,3227,3300,0,27,36,22,1,50,51
1838,shutterwindow,3227,3300,0,27,36,5,0,50,51
1902,brickwall,3227,3300,0,27,36,0,0,50,51
1926,roof_thatched,3227,3300,1,27,36,12,2,50,51
1263,hay_2,3228,3300,0,28,36,22,2,50,51
1926,roof_thatched,3228,3300,1,28,36,17,3,50,51
1926,roof_thatched,3228,3300,2,28,36,16,2,50,51
17411,randomsound_chickens,3229,3300,0,29,36,22,0,50,51
1926,roof_thatched,3229,3300,1,29,36,17,3,50,51
1926,roof_thatched,3229,3300,2,29,36,12,3,50,51
186,dugupsoil3_upass,3230,3300,0,30,36,22,1,50,51
1926,roof_thatched,3230,3300,1,30,36,17,3,50,51
1926,roof_thatched,3230,3300,2,30,36,12,3,50,51
1926,roof_thatched,3231,3300,1,31,36,17,3,50,51
1926,roof_thatched,3231,3300,2,31,36,12,3,50,51
1263,hay_2,3232,3300,0,32,36,22,3,50,51
1926,roof_thatched,3232,3300,1,32,36,17,3,50,51
1926,roof_thatched,3232,3300,2,32,36,16,3,50,51
1262,hay_1,3233,3300,0,33,36,22,3,50,51
1838,shutterwindow,3233,3300,0,33,36,5,2,50,51
1902,brickwall,3233,3300,0,33,36,0,2,50,51
1926,roof_thatched,3233,3300,1,33,36,12,0,50,51
1838,shutterwindow,3234,3300,0,34,36,4,0,50,51
1792,roofedge_thatched,3234,3300,1,34,36,18,0,50,51
980,fencing,3236,3300,0,36,36,1,1,50,51
980,fencing,3237,3300,0,37,36,9,1,50,51
336,dugupsoil2_grey,3239,3300,0,39,36,22,0,50,51
1007,fence_terminator_left,3241,3300,0,41,36,0,0,50,51
325,dugupsoil2_light2,3243,3300,0,43,36,22,0,50,51
325,dugupsoil2_light2,3245,3300,0,45,36,22,3,50,51
296,plough,3247,3300,0,47,36,10,0,50,51
325,dugupsoil2_light2,3251,3300,0,51,36,22,0,50,51
325,dugupsoil2_light2,3252,3300,0,52,36,22,3,50,51
325,dugupsoil2_light2,3253,3300,0,53,36,22,3,50,51
980,fencing,3256,3300,0,56,36,1,2,50,51
980,fencing,3257,3300,0,57,36,0,3,50,51
325,dugupsoil2_light2,3258,3300,0,58,36,22,1,50,51
980,fencing,3258,3300,0,58,36,0,3,50,51
325,dugupsoil2_light2,3259,3300,0,59,36,22,1,50,51
980,fencing,3259,3300,0,59,36,0,3,50,51
10820,oaktree,3259,3300,0,59,36,10,0,50,51
980,fencing,3260,3300,0,60,36,0,3,50,51
325,dugupsoil2_light2,3261,3300,0,61,36,22,3,50,51
980,fencing,3261,3300,0,61,36,1,3,50,51
325,dugupsoil2_light2,3262,3300,0,62,36,22,2,50,51
312,potato,3263,3300,0,63,36,10,1,50,51
5636,timberwall_brown,3137,3301,0,1,37,3,2,49,51
5636,timberwall_brown,3137,3301,1,1,37,3,2,49,51
1792,roofedge_thatched,3137,3301,2,1,37,18,2,49,51
980,fencing,3138,3301,0,2,37,0,0,49,51
1769,wood1,3138,3301,1,2,37,0,0,49,51
5638,thatched_timberroof_fill_brown,3138,3301,2,2,37,12,2,49,51
1604,thatched_timberroof,3139,3301,2,3,37,17,0,49,51
1262,hay_1,3140,3301,0,4,37,22,1,49,51
5636,timberwall_brown,3140,3301,0,4,37,3,0,49,51
1262,hay_1,3140,3301,1,4,37,22,1,49,51
5636,timberwall_brown,3140,3301,1,4,37,3,0,49,51
1604,thatched_timberroof,3140,3301,2,4,37,17,0,49,51
299,haystack2,3141,3301,1,5,37,10,1,49,51
767,floor_depth2,3141,3301,1,5,37,22,1,49,51
1604,thatched_timberroof,3141,3301,2,5,37,17,0,49,51
1262,hay_1,3142,3301,0,6,37,22,3,49,51
5636,timberwall_brown,3142,3301,0,6,37,3,0,49,51
5636,timberwall_brown,3142,3301,1,6,37,3,0,49,51
1604,thatched_timberroof,3142,3301,2,6,37,17,0,49,51
1263,hay_2,3143,3301,0,7,37,22,1,49,51
5637,thatched_timberroof_brown,3143,3301,2,7,37,12,0,49,51
5636,timberwall_brown,3144,3301,0,8,37,3,0,49,51
5636,timberwall_brown,3144,3301,1,8,37,3,0,49,51
1792,roofedge_thatched,3144,3301,2,8,37,18,0,49,51
315,dugupsoil2,3145,3301,0,9,37,22,3,49,51
1263,hay_2,3148,3301,0,12,37,22,2,49,51
1263,hay_2,3152,3301,0,16,37,22,3,49,51
979,drystonewall,3153,3301,0,17,37,0,0,49,51
324,dugupsoil1_light2,3154,3301,0,18,37,22,2,49,51
15506,fai_varrock_wheat,3154,3301,0,18,37,10,1,49,51
325,dugupsoil2_light2,3155,3301,0,19,37,22,2,49,51
15506,fai_varrock_wheat,3155,3301,0,19,37,10,0,49,51
15506,fai_varrock_wheat,3156,3301,0,20,37,10,1,49,51
325,dugupsoil2_light2,3157,3301,0,21,37,22,1,49,51
15506,fai_varrock_wheat,3157,3301,0,21,37,10,1,49,51
15506,fai_varrock_wheat,3158,3301,0,22,37,10,2,49,51
325,dugupsoil2_light2,3159,3301,0,23,37,22,1,49,51
15506,fai_varrock_wheat,3159,3301,0,23,37,10,0,49,51
326,dugupsoil3_light2,3160,3301,0,24,37,22,0,49,51
15506,fai_varrock_wheat,3160,3301,0,24,37,10,0,49,51
979,drystonewall,3161,3301,0,25,37,1,1,49,51
15507,fai_varrock_wheat_corner,3161,3301,0,25,37,10,2,49,51
979,drystonewall,3162,3301,0,26,37,9,1,49,51
4737,short_grass_3,3163,3301,0,27,37,22,0,49,51
4735,short_grass_1,3164,3301,0,28,37,22,1,49,51
11439,dugupsmallrocks_lightgrey2,3166,3301,0,30,37,22,2,49,51
4735,short_grass_1,3169,3301,0,33,37,22,2,49,51
979,drystonewall,3170,3301,0,34,37,9,0,49,51
979,drystonewall,3171,3301,0,35,37,1,0,49,51
3471,straw,3180,3301,0,44,37,22,0,49,51
979,drystonewall,3184,3301,0,48,37,1,1,49,51
5574,sack_full,3184,3301,0,48,37,10,2,49,51
979,drystonewall,3185,3301,0,49,37,9,1,49,51
1298,fern,3191,3301,0,55,37,10,0,49,51
980,fencing,3193,3301,0,57,37,9,0,49,51
4735,short_grass_1,3193,3301,0,57,37,22,0,49,51
980,fencing,3194,3301,0,58,37,1,0,49,51
1174,thistle,3196,3301,0,60,37,10,2,49,51
4737,short_grass_3,3203,3301,0,3,37,22,1,50,51
4737,short_grass_3,3204,3301,0,4,37,22,1,50,51
4735,short_grass_1,3205,3301,0,5,37,22,0,50,51
4735,short_grass_1,3206,3301,0,6,37,22,0,50,51
4735,short_grass_1,3207,3301,0,7,37,22,0,50,51
980,fencing,3210,3301,0,10,37,0,2,50,51
5587,dugupsoil2_light_no_glow,3212,3301,0,12,37,22,3,50,51
44603,blankwall_no_blockrange,3213,3301,0,13,37,9,3,50,51
5605,rock_pool_small,3217,3301,0,17,37,10,1,50,51
44603,blankwall_no_blockrange,3219,3301,0,19,37,9,3,50,51
320,dugupsoil2_light,3220,3301,0,20,37,22,3,50,51
10829,willow_tree2,3221,3301,0,21,37,10,2,50,51
1263,hay_2,3224,3301,0,24,37,22,0,50,51
980,fencing,3225,3301,0,25,37,9,0,50,51
980,fencing,3226,3301,0,26,37,0,1,50,51
1792,roofedge_thatched,3226,3301,1,26,37,18,2,50,51
186,dugupsoil3_upass,3227,3301,0,27,37,22,1,50,51
1902,brickwall,3227,3301,0,27,37,2,0,50,51
5573,chicken_coop_bare2,3227,3301,0,27,37,10,0,50,51
1926,roof_thatched,3227,3301,1,27,37,16,2,50,51
1262,hay_1,3228,3301,0,28,37,22,0,50,51
1902,brickwall,3228,3301,0,28,37,0,1,50,51
1926,roof_thatched,3228,3301,1,28,37,12,3,50,51
1263,hay_2,3229,3301,0,29,37,22,0,50,51
1902,brickwall,3229,3301,0,29,37,0,1,50,51
5572,chicken_coop_bare,3229,3301,0,29,37,10,0,50,51
1926,roof_thatched,3229,3301,1,29,37,12,3,50,51
1902,brickwall,3230,3301,0,30,37,0,1,50,51
1926,roof_thatched,3230,3301,1,30,37,12,3,50,51
185,dugupsoil2_upass,3231,3301,0,31,37,22,3,50,51
1902,brickwall,3231,3301,0,31,37,0,1,50,51
1926,roof_thatched,3231,3301,1,31,37,12,3,50,51
1263,hay_2,3232,3301,0,32,37,22,2,50,51
1902,brickwall,3232,3301,0,32,37,0,1,50,51
5571,chicken_coop_empty,3232,3301,0,32,37,10,0,50,51
1926,roof_thatched,3232,3301,1,32,37,12,3,50,51
186,dugupsoil3_upass,3233,3301,0,33,37,22,0,50,51
1902,brickwall,3233,3301,0,33,37,2,1,50,51
1926,roof_thatched,3233,3301,1,33,37,16,3,50,51
980,fencing,3234,3301,0,34,37,0,1,50,51
1792,roofedge_thatched,3234,3301,1,34,37,18,0,50,51
980,fencing,3235,3301,0,35,37,0,1,50,51
980,fencing,3236,3301,0,36,37,9,1,50,51
325,dugupsoil2_light2,3241,3301,0,41,37,22,0,50,51
1558,fencegate_l,3241,3301,0,41,37,0,0,50,51
326,dugupsoil3_light2,3243,3301,0,43,37,22,1,50,51
312,potato,3244,3301,0,44,37,10,0,50,51
326,dugupsoil3_light2,3244,3301,0,44,37,22,2,50,51
326,dugupsoil3_light2,3245,3301,0,45,37,22,3,50,51
326,dugupsoil3_light2,3246,3301,0,46,37,22,3,50,51
325,dugupsoil2_light2,3249,3301,0,49,37,22,1,50,51
312,potato,3250,3301,0,50,37,10,0,50,51
326,dugupsoil3_light2,3250,3301,0,50,37,22,0,50,51
326,dugupsoil3_light2,3251,3301,0,51,37,22,1,50,51
326,dugupsoil3_light2,3252,3301,0,52,37,22,2,50,51
312,potato,3253,3301,0,53,37,10,3,50,51
325,dugupsoil2_light2,3253,3301,0,53,37,22,2,50,51
326,dugupsoil3_light2,3254,3301,0,54,37,22,3,50,51
326,dugupsoil3_light2,3255,3301,0,55,37,22,0,50,51
312,potato,3256,3301,0,56,37,10,0,50,51
326,dugupsoil3_light2,3256,3301,0,56,37,22,1,50,51
325,dugupsoil2_light2,3257,3301,0,57,37,22,2,50,51
326,dugupsoil3_light2,3258,3301,0,58,37,22,2,50,51
325,dugupsoil2_light2,3260,3301,0,60,37,22,3,50,51
325,dugupsoil2_light2,3261,3301,0,61,37,22,3,50,51
312,potato,3262,3301,0,62,37,10,0,50,51
326,dugupsoil3_light2,3262,3301,0,62,37,22,3,50,51
325,dugupsoil2_light2,3263,3301,0,63,37,22,2,50,51
5636,timberwall_brown,3137,3302,0,1,38,3,1,49,51
5636,timberwall_brown,3137,3302,1,1,38,3,1,49,51
1792,roofedge_thatched,3137,3302,2,1,38,18,2,49,51
980,fencing,3138,3302,0,2,38,0,0,49,51
1769,wood1,3138,3302,1,2,38,0,0,49,51
5638,thatched_timberroof_fill_brown,3138,3302,2,2,38,12,2,49,51
315,dugupsoil2,3139,3302,0,3,38,22,0,49,51
1604,thatched_timberroof,3139,3302,2,3,38,17,0,49,51
1263,hay_2,3140,3302,0,4,38,22,2,49,51
1262,hay_1,3140,3302,1,4,38,22,2,49,51
1604,thatched_timberroof,3140,3302,2,4,38,17,0,49,51
767,floor_depth2,3141,3302,1,5,38,22,1,49,51
1604,thatched_timberroof,3141,3302,2,5,38,17,0,49,51
1604,thatched_timberroof,3142,3302,2,6,38,17,0,49,51
1263,hay_2,3143,3302,0,7,38,22,2,49,51
5637,thatched_timberroof_brown,3143,3302,2,7,38,12,0,49,51
1792,roofedge_thatched,3144,3302,2,8,38,18,0,49,51
1262,hay_1,3146,3302,0,10,38,22,3,49,51
1262,hay_1,3148,3302,0,12,38,22,1,49,51
1263,hay_2,3149,3302,0,13,38,22,3,49,51
300,haystack3,3151,3302,0,15,38,10,3,49,51
325,dugupsoil2_light2,3153,3302,0,17,38,22,2,49,51
979,drystonewall,3153,3302,0,17,38,0,0,49,51
326,dugupsoil3_light2,3154,3302,0,18,38,22,0,49,51
15506,fai_varrock_wheat,3154,3302,0,18,38,10,2,49,51
325,dugupsoil2_light2,3155,3302,0,19,38,22,3,49,51
15508,fai_varrock_wheat_small,3155,3302,0,19,38,10,3,49,51
15506,fai_varrock_wheat,3156,3302,0,20,38,10,2,49,51
326,dugupsoil3_light2,3157,3302,0,21,38,22,3,49,51
15508,fai_varrock_wheat_small,3157,3302,0,21,38,10,0,49,51
15506,fai_varrock_wheat,3158,3302,0,22,38,10,3,49,51
325,dugupsoil2_light2,3159,3302,0,23,38,22,2,49,51
15506,fai_varrock_wheat,3159,3302,0,23,38,10,1,49,51
15506,fai_varrock_wheat,3160,3302,0,24,38,10,3,49,51
979,drystonewall,3161,3302,0,25,38,0,2,49,51
4737,short_grass_3,3162,3302,0,26,38,22,0,49,51
4736,short_grass_2,3163,3302,0,27,38,22,1,49,51
5634,timberwall_2,3165,3302,0,29,38,1,1,49,51
1792,roofedge_thatched,3165,3302,1,29,38,19,1,49,51
1521,castledoubledoorl,3166,3302,0,30,38,0,1,49,51
16555,bgsound_windmill,3166,3302,0,30,38,22,0,49,51
1792,roofedge_thatched,3166,3302,1,30,38,18,1,49,51
16555,bgsound_windmill,3166,3302,1,30,38,22,0,49,51
1524,castledoubledoorr,3167,3302,0,31,38,0,1,49,51
1792,roofedge_thatched,3167,3302,1,31,38,18,1,49,51
5634,timberwall_2,3168,3302,0,32,38,1,0,49,51
1792,roofedge_thatched,3168,3302,1,32,38,19,0,49,51
979,drystonewall,3171,3302,0,35,38,9,0,49,51
979,drystonewall,3172,3302,0,36,38,1,0,49,51
4738,short_grass_4,3176,3302,0,40,38,22,2,49,51
979,drystonewall,3182,3302,0,46,38,1,1,49,51
979,drystonewall,3183,3302,0,47,38,0,1,49,51
979,drystonewall,3184,3302,0,48,38,9,1,49,51
1391,plant1,3185,3302,0,49,38,10,1,49,51
4735,short_grass_1,3187,3302,0,51,38,22,3,49,51
4736,short_grass_2,3190,3302,0,54,38,22,3,49,51
10820,oaktree,3190,3302,0,54,38,10,0,49,51
4735,short_grass_1,3191,3302,0,55,38,22,3,49,51
1247,broken_twig,3192,3302,0,56,38,22,2,49,51
4735,short_grass_1,3193,3302,0,57,38,22,0,49,51
980,fencing,3194,3302,0,58,38,9,0,49,51
4735,short_grass_1,3194,3302,0,58,38,22,0,49,51
980,fencing,3195,3302,0,59,38,1,0,49,51
980,fencing,3200,3302,0,0,38,9,3,50,51
324,dugupsoil1_light2,3201,3302,0,1,38,22,2,50,51
980,fencing,3201,3302,0,1,38,0,3,50,51
980,fencing,3202,3302,0,2,38,0,3,50,51
980,fencing,3203,3302,0,3,38,0,3,50,51
980,fencing,3204,3302,0,4,38,0,3,50,51
980,fencing,3205,3302,0,5,38,9,2,50,51
4736,short_grass_2,3206,3302,0,6,38,22,2,50,51
4736,short_grass_2,3207,3302,0,7,38,22,2,50,51
980,fencing,3210,3302,0,10,38,9,3,50,51
5586,dugupsoil1_light_no_glow,3212,3302,0,12,38,22,0,50,51
5605,rock_pool_small,3213,3302,0,13,38,10,1,50,51
44603,blankwall_no_blockrange,3213,3302,0,13,38,0,0,50,51
44603,blankwall_no_blockrange,3218,3302,0,18,38,0,2,50,51
320,dugupsoil2_light,3220,3302,0,20,38,22,0,50,51
1252,broken_twig_light,3221,3302,0,21,38,22,0,50,51
304,haybail,3225,3302,0,25,38,10,1,50,51
298,haystack,3226,3302,0,26,38,10,1,50,51
1792,roofedge_thatched,3226,3302,1,26,38,19,2,50,51
1263,hay_2,3227,3302,0,27,38,22,2,50,51
1792,roofedge_thatched,3227,3302,1,27,38,18,3,50,51
1792,roofedge_thatched,3228,3302,1,28,38,18,3,50,51
1792,roofedge_thatched,3229,3302,1,29,38,18,3,50,51
1263,hay_2,3230,3302,0,30,38,22,1,50,51
1792,roofedge_thatched,3230,3302,1,30,38,18,3,50,51
5574,sack_full,3231,3302,0,31,38,10,3,50,51
1792,roofedge_thatched,3231,3302,1,31,38,18,3,50,51
1792,roofedge_thatched,3232,3302,1,32,38,18,3,50,51
5570,drystonewall+grass,3233,3302,0,33,38,0,2,50,51
1792,roofedge_thatched,3233,3302,1,33,38,18,3,50,51
1262,hay_1,3234,3302,0,34,38,22,0,50,51
5574,sack_full,3234,3302,0,34,38,10,1,50,51
1792,roofedge_thatched,3234,3302,1,34,38,19,3,50,51
1560,fencegate_r,3241,3302,0,41,38,0,0,50,51
312,potato,3243,3302,0,43,38,10,1,50,51
325,dugupsoil2_light2,3243,3302,0,43,38,22,1,50,51
325,dugupsoil2_light2,3244,3302,0,44,38,22,2,50,51
312,potato,3246,3302,0,46,38,10,0,50,51
325,dugupsoil2_light2,3246,3302,0,46,38,22,2,50,51
325,dugupsoil2_light2,3248,3302,0,48,38,22,3,50,51
312,potato,3249,3302,0,49,38,10,2,50,51
325,dugupsoil2_light2,3249,3302,0,49,38,22,3,50,51
325,dugupsoil2_light2,3251,3302,0,51,38,22,3,50,51
312,potato,3252,3302,0,52,38,10,0,50,51
325,dugupsoil2_light2,3253,3302,0,53,38,22,3,50,51
325,dugupsoil2_light2,3254,3302,0,54,38,22,3,50,51
312,potato,3255,3302,0,55,38,10,0,50,51
325,dugupsoil2_light2,3255,3302,0,55,38,22,3,50,51
325,dugupsoil2_light2,3256,3302,0,56,38,22,0,50,51
312,potato,3258,3302,0,58,38,10,0,50,51
325,dugupsoil2_light2,3260,3302,0,60,38,22,0,50,51
325,dugupsoil2_light2,3261,3302,0,61,38,22,1,50,51
325,dugupsoil2_light2,3262,3302,0,62,38,22,1,50,51
1792,roofedge_thatched,3137,3303,2,1,39,18,2,49,51
315,dugupsoil2,3138,3303,0,2,39,22,1,49,51
980,fencing,3138,3303,0,2,39,0,0,49,51
1769,wood1,3138,3303,1,2,39,0,0,49,51
5638,thatched_timberroof_fill_brown,3138,3303,2,2,39,12,2,49,51
299,haystack2,3139,3303,0,3,39,10,1,49,51
299,haystack2,3139,3303,1,3,39,10,0,49,51
1604,thatched_timberroof,3139,3303,2,3,39,17,0,49,51
1247,broken_twig,3140,3303,0,4,39,22,3,49,51
1604,thatched_timberroof,3140,3303,2,4,39,17,0,49,51
1263,hay_2,3141,3303,0,5,39,22,3,49,51
767,floor_depth2,3141,3303,1,5,39,22,1,49,51
1604,thatched_timberroof,3141,3303,2,5,39,17,0,49,51
1604,thatched_timberroof,3142,3303,2,6,39,17,0,49,51
1262,hay_1,3143,3303,0,7,39,22,3,49,51
5637,thatched_timberroof_brown,3143,3303,2,7,39,12,0,49,51
1792,roofedge_thatched,3144,3303,2,8,39,18,0,49,51
1792,roofedge_thatched,3146,3303,1,10,39,19,1,49,51
5636,timberwall_brown,3147,3303,0,11,39,3,0,49,51
1792,roofedge_thatched,3147,3303,1,11,39,18,1,49,51
1247,broken_twig,3148,3303,0,12,39,22,2,49,51
1792,roofedge_thatched,3148,3303,1,12,39,18,1,49,51
1262,hay_1,3149,3303,0,13,39,22,3,49,51
5636,timberwall_brown,3149,3303,0,13,39,3,0,49,51
1792,roofedge_thatched,3149,3303,1,13,39,18,1,49,51
5636,timberwall_brown,3150,3303,0,14,39,3,1,49,51
1792,roofedge_thatched,3150,3303,1,14,39,18,1,49,51
1792,roofedge_thatched,3151,3303,1,15,39,18,1,49,51
5636,timberwall_brown,3152,3303,0,16,39,3,1,49,51
1792,roofedge_thatched,3152,3303,1,16,39,18,1,49,51
325,dugupsoil2_light2,3153,3303,0,17,39,22,2,49,51
979,drystonewall,3153,3303,0,17,39,0,0,49,51
1792,roofedge_thatched,3153,3303,1,17,39,19,0,49,51
15506,fai_varrock_wheat,3154,3303,0,18,39,10,3,49,51
325,dugupsoil2_light2,3155,3303,0,19,39,22,2,49,51
15506,fai_varrock_wheat,3155,3303,0,19,39,10,0,49,51
15506,fai_varrock_wheat,3156,3303,0,20,39,10,1,49,51
15506,fai_varrock_wheat,3157,3303,0,21,39,10,2,49,51
15506,fai_varrock_wheat,3158,3303,0,22,39,10,1,49,51
15506,fai_varrock_wheat,3159,3303,0,23,39,10,2,49,51
979,drystonewall,3160,3303,0,24,39,1,1,49,51
15507,fai_varrock_wheat_corner,3160,3303,0,24,39,10,2,49,51
979,drystonewall,3161,3303,0,25,39,9,1,49,51
4736,short_grass_2,3162,3303,0,26,39,22,1,49,51
4735,short_grass_1,3163,3303,0,27,39,22,1,49,51
5634,timberwall_2,3164,3303,0,28,39,1,1,49,51
1792,roofedge_thatched,3164,3303,1,28,39,19,1,49,51
1779,millsail,3164,3303,2,28,39,10,1,49,51
4619,lantern_glows,3165,3303,0,29,39,7,1,49,51
5634,timberwall_2,3165,3303,0,29,39,9,1,49,51
1926,roof_thatched,3165,3303,1,29,39,13,1,49,51
1247,broken_twig,3166,3303,0,30,39,22,1,49,51
1926,roof_thatched,3166,3303,1,30,39,12,1,49,51
1926,roof_thatched,3167,3303,1,31,39,12,1,49,51
4619,lantern_glows,3168,3303,0,32,39,7,0,49,51
5634,timberwall_2,3168,3303,0,32,39,9,0,49,51
1926,roof_thatched,3168,3303,1,32,39,13,0,49,51
5634,timberwall_2,3169,3303,0,33,39,1,0,49,51
1792,roofedge_thatched,3169,3303,1,33,39,19,0,49,51
4736,short_grass_2,3170,3303,0,34,39,22,1,49,51
4737,short_grass_3,3171,3303,0,35,39,22,3,49,51
979,drystonewall,3172,3303,0,36,39,9,0,49,51
5574,sack_full,3173,3303,0,37,39,10,0,49,51
4736,short_grass_2,3175,3303,0,39,39,22,3,49,51
4737,short_grass_3,3176,3303,0,40,39,22,2,49,51
5574,sack_full,3179,3303,0,43,39,10,0,49,51
979,drystonewall,3180,3303,0,44,39,0,1,49,51
979,drystonewall,3181,3303,0,45,39,0,1,49,51
979,drystonewall,3182,3303,0,46,39,9,1,49,51
4735,short_grass_1,3183,3303,0,47,39,22,2,49,51
4735,short_grass_1,3184,3303,0,48,39,22,0,49,51
1394,plant4,3187,3303,0,51,39,10,1,49,51
4735,short_grass_1,3190,3303,0,54,39,22,0,49,51
4735,short_grass_1,3193,3303,0,57,39,22,0,49,51
4736,short_grass_2,3194,3303,0,58,39,22,0,49,51
980,fencing,3195,3303,0,59,39,0,3,49,51
4736,short_grass_2,3195,3303,0,59,39,22,1,49,51
980,fencing,3196,3303,0,60,39,0,3,49,51
4735,short_grass_1,3196,3303,0,60,39,22,2,49,51
980,fencing,3197,3303,0,61,39,0,3,49,51
980,fencing,3198,3303,0,62,39,0,3,49,51
980,fencing,3199,3303,0,63,39,0,3,49,51
1247,broken_twig,3202,3303,0,2,39,22,0,50,51
1276,tree,3202,3303,0,2,39,10,3,50,51
1246,full_twig,3203,3303,0,3,39,22,1,50,51
981,gardenfencing,3205,3303,0,5,39,3,2,50,51
1393,plant3,3205,3303,0,5,39,10,3,50,51
980,fencing,3206,3303,0,6,39,0,3,50,51
980,fencing,3207,3303,0,7,39,0,3,50,51
980,fencing,3208,3303,0,8,39,0,3,50,51
1245,large_grass_stones,3208,3303,0,8,39,22,1,50,51
980,fencing,3209,3303,0,9,39,0,3,50,51
981,gardenfencing,3210,3303,0,10,39,3,3,50,51
5588,dugupsoil3_light_no_glow,3212,3303,0,12,39,22,2,50,51
44603,blankwall_no_blockrange,3213,3303,0,13,39,0,0,50,51
44603,blankwall_no_blockrange,3218,3303,0,18,39,0,2,50,51
319,dugupsoil1_light,3219,3303,0,19,39,22,2,50,51
1251,full_twig_light,3222,3303,0,22,39,22,1,50,51
1262,hay_1,3225,3303,0,25,39,22,1,50,51
5574,sack_full,3227,3303,0,27,39,10,0,50,51
1263,hay_2,3228,3303,0,28,39,22,0,50,51
1262,hay_1,3229,3303,0,29,39,22,1,50,51
5579,cart_hay,3229,3303,0,29,39,10,3,50,51
4737,short_grass_3,3232,3303,0,32,39,22,3,50,51
5570,drystonewall+grass,3233,3303,0,33,39,0,2,50,51
336,dugupsoil2_grey,3238,3303,0,38,39,22,1,50,51
1008,fence_terminator_right,3241,3303,0,41,39,0,0,50,51
325,dugupsoil2_light2,3242,3303,0,42,39,22,3,50,51
326,dugupsoil3_light2,3244,3303,0,44,39,22,2,50,51
312,potato,3245,3303,0,45,39,10,0,50,51
326,dugupsoil3_light2,3246,3303,0,46,39,22,1,50,51
325,dugupsoil2_light2,3247,3303,0,47,39,22,0,50,51
312,potato,3248,3303,0,48,39,10,0,50,51
325,dugupsoil2_light2,3249,3303,0,49,39,22,0,50,51
325,dugupsoil2_light2,3250,3303,0,50,39,22,3,50,51
312,potato,3251,3303,0,51,39,10,0,50,51
326,dugupsoil3_light2,3251,3303,0,51,39,22,3,50,51
325,dugupsoil2_light2,3252,3303,0,52,39,22,1,50,51
325,dugupsoil2_light2,3253,3303,0,53,39,22,1,50,51
312,potato,3254,3303,0,54,39,10,0,50,51
325,dugupsoil2_light2,3254,3303,0,54,39,22,0,50,51
325,dugupsoil2_light2,3255,3303,0,55,39,22,1,50,51
312,potato,3257,3303,0,57,39,10,0,50,51
325,dugupsoil2_light2,3257,3303,0,57,39,22,2,50,51
326,dugupsoil3_light2,3258,3303,0,58,39,22,3,50,51
325,dugupsoil2_light2,3259,3303,0,59,39,22,3,50,51
312,potato,3260,3303,0,60,39,10,0,50,51
326,dugupsoil3_light2,3260,3303,0,60,39,22,2,50,51
326,dugupsoil3_light2,3261,3303,0,61,39,22,2,50,51
326,dugupsoil3_light2,3262,3303,0,62,39,22,1,50,51
312,potato,3263,3303,0,63,39,10,0,50,51
5636,timberwall_brown,3137,3304,0,1,40,3,1,49,51
5636,timberwall_brown,3137,3304,1,1,40,3,1,49,51
1792,roofedge_thatched,3137,3304,2,1,40,18,2,49,51
315,dugupsoil2,3138,3304,0,2,40,22,3,49,51
980,fencing,3138,3304,0,2,40,0,0,49,51
1769,wood1,3138,3304,1,2,40,0,0,49,51
5638,thatched_timberroof_fill_brown,3138,3304,2,2,40,12,2,49,51
1262,hay_1,3139,3304,1,3,40,22,3,49,51
1604,thatched_timberroof,3139,3304,2,3,40,17,0,49,51
1263,hay_2,3140,3304,0,4,40,22,0,49,51
5636,timberwall_brown,3140,3304,0,4,40,3,3,49,51
5636,timberwall_brown,3140,3304,1,4,40,3,3,49,51
1604,thatched_timberroof,3140,3304,2,4,40,17,0,49,51
767,floor_depth2,3141,3304,1,5,40,22,1,49,51
1604,thatched_timberroof,3141,3304,2,5,40,17,0,49,51
299,haystack2,3142,3304,0,6,40,10,0,49,51
1262,hay_1,3142,3304,0,6,40,22,0,49,51
5636,timberwall_brown,3142,3304,0,6,40,3,3,49,51
5636,timberwall_brown,3142,3304,1,6,40,3,3,49,51
1604,thatched_timberroof,3142,3304,2,6,40,17,0,49,51
5637,thatched_timberroof_brown,3143,3304,2,7,40,12,0,49,51
315,dugupsoil2,3144,3304,0,8,40,22,1,49,51
5636,timberwall_brown,3144,3304,0,8,40,3,3,49,51
5636,timberwall_brown,3144,3304,1,8,40,3,3,49,51
1792,roofedge_thatched,3144,3304,2,8,40,18,0,49,51
1248,sticks_twigs,3145,3304,0,9,40,22,1,49,51
299,haystack2,3146,3304,0,10,40,10,3,49,51
1792,roofedge_thatched,3146,3304,1,10,40,18,2,49,51
304,haybail,3147,3304,0,11,40,10,2,49,51
1769,wood1,3147,3304,0,11,40,0,0,49,51
5637,thatched_timberroof_brown,3147,3304,1,11,40,16,1,49,51
315,dugupsoil2,3148,3304,0,12,40,22,2,49,51
5637,thatched_timberroof_brown,3148,3304,1,12,40,12,1,49,51
1769,wood1,3149,3304,0,13,40,0,0,49,51
5637,thatched_timberroof_brown,3149,3304,1,13,40,12,1,49,51
5637,thatched_timberroof_brown,3150,3304,1,14,40,12,1,49,51
5637,thatched_timberroof_brown,3151,3304,1,15,40,12,1,49,51
315,dugupsoil2,3152,3304,0,16,40,22,0,49,51
1769,wood1,3152,3304,0,16,40,0,2,49,51
5637,thatched_timberroof_brown,3152,3304,1,16,40,16,0,49,51
979,drystonewall,3153,3304,0,17,40,0,0,49,51
1792,roofedge_thatched,3153,3304,1,17,40,18,0,49,51
325,dugupsoil2_light2,3154,3304,0,18,40,22,3,49,51
15506,fai_varrock_wheat,3154,3304,0,18,40,10,3,49,51
326,dugupsoil3_light2,3155,3304,0,19,40,22,2,49,51
15506,fai_varrock_wheat,3155,3304,0,19,40,10,3,49,51
15506,fai_varrock_wheat,3156,3304,0,20,40,10,2,49,51
15506,fai_varrock_wheat,3157,3304,0,21,40,10,0,49,51
15507,fai_varrock_wheat_corner,3158,3304,0,22,40,10,2,49,51
326,dugupsoil3_light2,3159,3304,0,23,40,22,2,49,51
979,drystonewall,3159,3304,0,23,40,1,1,49,51
979,drystonewall,3160,3304,0,24,40,9,1,49,51
4736,short_grass_2,3161,3304,0,25,40,22,1,49,51
5634,timberwall_2,3163,3304,0,27,40,1,1,49,51
1792,roofedge_thatched,3163,3304,1,27,40,19,1,49,51
5634,timberwall_2,3164,3304,0,28,40,9,1,49,51
57662,elfwindow_light_2,3164,3304,0,28,40,8,1,49,51
1926,roof_thatched,3164,3304,1,28,40,13,1,49,51
1792,roofedge_thatched,3164,3304,3,28,40,19,1,49,51
5574,sack_full,3165,3304,0,29,40,10,1,49,51
4619,lantern_glows,3165,3304,1,29,40,6,3,49,51
5635,roof_timberwall_2,3165,3304,1,29,40,10,1,49,51
5634,timberwall_2,3165,3304,2,29,40,9,3,49,51
1926,roof_thatched,3165,3304,3,29,40,13,1,49,51
5634,timberwall_2,3166,3304,1,30,40,0,3,49,51
12963,qip_cook_crate_stacked,3166,3304,1,30,40,10,0,49,51
5626,millsail_back,3166,3304,2,30,40,10,1,49,51
5634,timberwall_2,3166,3304,2,30,40,0,3,49,51
1776,millroofleft,3166,3304,3,30,40,12,1,49,51
1262,hay_1,3167,3304,1,31,40,22,1,49,51
5634,timberwall_2,3167,3304,1,31,40,0,3,49,51
5634,timberwall_2,3167,3304,2,31,40,0,3,49,51
1777,millroofright,3167,3304,3,31,40,12,1,49,51
1247,broken_twig,3168,3304,0,32,40,22,2,49,51
4619,lantern_glows,3168,3304,1,32,40,6,2,49,51
5635,roof_timberwall_2,3168,3304,1,32,40,10,0,49,51
5634,timberwall_2,3168,3304,2,32,40,9,2,49,51
1926,roof_thatched,3168,3304,3,32,40,13,0,49,51
5634,timberwall_2,3169,3304,0,33,40,9,0,49,51
57662,elfwindow_light_2,3169,3304,0,33,40,8,0,49,51
1926,roof_thatched,3169,3304,1,33,40,13,0,49,51
1792,roofedge_thatched,3169,3304,3,33,40,19,0,49,51
5634,timberwall_2,3170,3304,0,34,40,1,0,49,51
1792,roofedge_thatched,3170,3304,1,34,40,19,0,49,51
4736,short_grass_2,3171,3304,0,35,40,22,0,49,51
185,dugupsoil2_upass,3173,3304,0,37,40,22,1,49,51
1902,brickwall,3173,3304,0,37,40,0,0,49,51
5574,sack_full,3173,3304,0,37,40,10,2,49,51
185,dugupsoil2_upass,3176,3304,0,40,40,22,1,49,51
185,dugupsoil2_upass,3179,3304,0,43,40,22,1,49,51
1902,brickwall,3179,3304,0,43,40,0,2,49,51
5574,sack_full,3179,3304,0,43,40,10,1,49,51
4735,short_grass_1,3182,3304,0,46,40,22,3,49,51
4735,short_grass_1,3183,3304,0,47,40,22,1,49,51
1247,broken_twig,3189,3304,0,53,40,22,1,49,51
4735,short_grass_1,3193,3304,0,57,40,22,1,49,51
4735,short_grass_1,3195,3304,0,59,40,22,3,49,51
1247,broken_twig,3201,3304,0,1,40,22,0,50,51
1246,full_twig,3202,3304,0,2,40,22,2,50,51
1247,broken_twig,3203,3304,0,3,40,22,1,50,51
5587,dugupsoil2_light_no_glow,3212,3304,0,12,40,22,0,50,51
44603,blankwall_no_blockrange,3213,3304,0,13,40,9,0,50,51
44603,blankwall_no_blockrange,3218,3304,0,18,40,0,2,50,51
320,dugupsoil2_light,3219,3304,0,19,40,22,0,50,51
1262,hay_1,3227,3304,0,27,40,22,0,50,51
1263,hay_2,3228,3304,0,28,40,22,3,50,51
4737,short_grass_3,3232,3304,0,32,40,22,3,50,51
5570,drystonewall+grass,3233,3304,0,33,40,0,2,50,51
4736,short_grass_2,3235,3304,0,35,40,22,3,50,51
4736,short_grass_2,3236,3304,0,36,40,22,2,50,51
980,fencing,3241,3304,0,41,40,9,0,50,51
980,fencing,3242,3304,0,42,40,1,0,50,51
325,dugupsoil2_light2,3243,3304,0,43,40,22,0,50,51
312,potato,3244,3304,0,44,40,10,0,50,51
325,dugupsoil2_light2,3246,3304,0,46,40,22,0,50,51
312,potato,3247,3304,0,47,40,10,0,50,51
312,potato,3250,3304,0,50,40,10,0,50,51
325,dugupsoil2_light2,3250,3304,0,50,40,22,3,50,51
325,dugupsoil2_light2,3251,3304,0,51,40,22,1,50,51
312,potato,3253,3304,0,53,40,10,0,50,51
325,dugupsoil2_light2,3254,3304,0,54,40,22,0,50,51
325,dugupsoil2_light2,3255,3304,0,55,40,22,1,50,51
312,potato,3256,3304,0,56,40,10,0,50,51
325,dugupsoil2_light2,3256,3304,0,56,40,22,2,50,51
325,dugupsoil2_light2,3257,3304,0,57,40,22,2,50,51
312,potato,3259,3304,0,59,40,10,0,50,51
312,potato,3262,3304,0,62,40,10,0,50,51
1792,roofedge_thatched,3137,3305,2,1,41,18,2,49,51
316,dugupsoil3,3138,3305,0,2,41,22,1,49,51
980,fencing,3138,3305,0,2,41,0,0,49,51
300,haystack3,3138,3305,1,2,41,10,2,49,51
1769,wood1,3138,3305,1,2,41,0,0,49,51
5638,thatched_timberroof_fill_brown,3138,3305,2,2,41,12,2,49,51
1263,hay_2,3139,3305,0,3,41,22,0,49,51
1604,thatched_timberroof,3139,3305,2,3,41,17,0,49,51
16683,ladder,3140,3305,0,4,41,10,0,49,51
16679,laddertop,3140,3305,1,4,41,10,0,49,51
1604,thatched_timberroof,3140,3305,2,4,41,17,0,49,51
1263,hay_2,3141,3305,0,5,41,22,3,49,51
767,floor_depth2,3141,3305,1,5,41,22,1,49,51
1604,thatched_timberroof,3141,3305,2,5,41,17,0,49,51
1604,thatched_timberroof,3142,3305,2,6,41,17,0,49,51
1263,hay_2,3143,3305,0,7,41,22,1,49,51
5637,thatched_timberroof_brown,3143,3305,2,7,41,12,0,49,51
315,dugupsoil2,3144,3305,0,8,41,22,2,49,51
1792,roofedge_thatched,3144,3305,2,8,41,18,0,49,51
315,dugupsoil2,3145,3305,0,9,41,22,2,49,51
1792,roofedge_thatched,3146,3305,1,10,41,18,2,49,51
315,dugupsoil2,3147,3305,0,11,41,22,3,49,51
1769,wood1,3147,3305,0,11,41,0,0,49,51
5637,thatched_timberroof_brown,3147,3305,1,11,41,12,2,49,51
1262,hay_1,3148,3305,0,12,41,22,2,49,51
1604,thatched_timberroof,3148,3305,1,12,41,17,0,49,51
304,haybail,3149,3305,0,13,41,10,2,49,51
1769,wood1,3149,3305,0,13,41,0,0,49,51
1604,thatched_timberroof,3149,3305,1,13,41,17,0,49,51
1604,thatched_timberroof,3150,3305,1,14,41,17,0,49,51
1262,hay_1,3151,3305,0,15,41,22,2,49,51
1604,thatched_timberroof,3151,3305,1,15,41,17,0,49,51
316,dugupsoil3,3152,3305,0,16,41,22,2,49,51
1769,wood1,3152,3305,0,16,41,0,2,49,51
5637,thatched_timberroof_brown,3152,3305,1,16,41,12,0,49,51
325,dugupsoil2_light2,3153,3305,0,17,41,22,1,49,51
979,drystonewall,3153,3305,0,17,41,0,0,49,51
1792,roofedge_thatched,3153,3305,1,17,41,18,0,49,51
325,dugupsoil2_light2,3154,3305,0,18,41,22,2,49,51
15507,fai_varrock_wheat_corner,3154,3305,0,18,41,10,1,49,51
325,dugupsoil2_light2,3155,3305,0,19,41,22,0,49,51
15506,fai_varrock_wheat,3155,3305,0,19,41,10,0,49,51
325,dugupsoil2_light2,3156,3305,0,20,41,22,2,49,51
15506,fai_varrock_wheat,3156,3305,0,20,41,10,1,49,51
15507,fai_varrock_wheat_corner,3157,3305,0,21,41,10,2,49,51
325,dugupsoil2_light2,3158,3305,0,22,41,22,3,49,51
979,drystonewall,3159,3305,0,23,41,0,2,49,51
4737,short_grass_3,3160,3305,0,24,41,22,1,49,51
4735,short_grass_1,3161,3305,0,25,41,22,0,49,51
1792,roofedge_thatched,3162,3305,1,26,41,19,1,49,51
5634,timberwall_2,3163,3305,0,27,41,9,1,49,51
1926,roof_thatched,3163,3305,1,27,41,13,1,49,51
1792,roofedge_thatched,3163,3305,3,27,41,19,1,49,51
5574,sack_full,3164,3305,0,28,41,10,2,49,51
5635,roof_timberwall_2,3164,3305,1,28,41,10,1,49,51
5634,timberwall_2,3164,3305,2,28,41,9,3,49,51
5639,elfwindow_light,3164,3305,2,28,41,8,3,49,51
1926,roof_thatched,3164,3305,3,28,41,13,1,49,51
1247,broken_twig,3165,3305,0,29,41,22,3,49,51
5634,timberwall_2,3165,3305,1,29,41,1,3,49,51
5634,timberwall_2,3165,3305,2,29,41,1,3,49,51
1926,roof_thatched,3165,3305,3,29,41,14,1,49,51
1262,hay_1,3166,3305,0,30,41,22,1,49,51
1247,broken_twig,3166,3305,1,30,41,22,3,49,51
24964,hopperlevers1,3166,3305,2,30,41,10,3,49,51
1926,roof_thatched,3166,3305,3,30,41,17,1,49,51
1247,broken_twig,3167,3305,2,31,41,22,0,49,51
1926,roof_thatched,3167,3305,3,31,41,17,1,49,51
1247,broken_twig,3168,3305,1,32,41,22,2,49,51
5634,timberwall_2,3168,3305,1,32,41,1,2,49,51
5634,timberwall_2,3168,3305,2,32,41,1,2,49,51
1926,roof_thatched,3168,3305,3,32,41,14,0,49,51
5635,roof_timberwall_2,3169,3305,1,33,41,10,0,49,51
5634,timberwall_2,3169,3305,2,33,41,9,2,49,51
5639,elfwindow_light,3169,3305,2,33,41,8,2,49,51
1926,roof_thatched,3169,3305,3,33,41,13,0,49,51
5634,timberwall_2,3170,3305,0,34,41,9,0,49,51
1926,roof_thatched,3170,3305,1,34,41,13,0,49,51
1792,roofedge_thatched,3170,3305,3,34,41,19,0,49,51
1792,roofedge_thatched,3171,3305,1,35,41,19,0,49,51
186,dugupsoil3_upass,3173,3305,0,37,41,22,2,49,51
1902,brickwall,3173,3305,0,37,41,0,0,49,51
185,dugupsoil2_upass,3174,3305,0,38,41,22,2,49,51
185,dugupsoil2_upass,3175,3305,0,39,41,22,1,49,51
185,dugupsoil2_upass,3177,3305,0,41,41,22,0,49,51
185,dugupsoil2_upass,3178,3305,0,42,41,22,0,49,51
186,dugupsoil3_upass,3179,3305,0,43,41,22,3,49,51
1902,brickwall,3179,3305,0,43,41,0,2,49,51
1247,broken_twig,3191,3305,0,55,41,22,2,49,51
5586,dugupsoil1_light_no_glow,3212,3305,0,12,41,22,1,50,51
5587,dugupsoil2_light_no_glow,3213,3305,0,13,41,22,1,50,51
44603,blankwall_no_blockrange,3214,3305,0,14,41,0,0,50,51
44603,blankwall_no_blockrange,3218,3305,0,18,41,9,1,50,51
320,dugupsoil2_light,3219,3305,0,19,41,22,1,50,51
10833,willow_tree4,3220,3305,0,20,41,10,2,50,51
4735,short_grass_1,3225,3305,0,25,41,22,3,50,51
4735,short_grass_1,3230,3305,0,30,41,22,0,50,51
4735,short_grass_1,3231,3305,0,31,41,22,0,50,51
4737,short_grass_3,3232,3305,0,32,41,22,3,50,51
5570,drystonewall+grass,3233,3305,0,33,41,0,2,50,51
4736,short_grass_2,3234,3305,0,34,41,22,2,50,51
1189,daisys,3235,3305,0,35,41,10,3,50,51
4736,short_grass_2,3235,3305,0,35,41,22,2,50,51
4737,short_grass_3,3236,3305,0,36,41,22,2,50,51
4735,short_grass_1,3237,3305,0,37,41,22,2,50,51
325,dugupsoil2_light2,3242,3305,0,42,41,22,1,50,51
980,fencing,3242,3305,0,42,41,9,0,50,51
325,dugupsoil2_light2,3243,3305,0,43,41,22,0,50,51
980,fencing,3243,3305,0,43,41,1,0,50,51
325,dugupsoil2_light2,3244,3305,0,44,41,22,0,50,51
325,dugupsoil2_light2,3245,3305,0,45,41,22,3,50,51
312,potato,3246,3305,0,46,41,10,0,50,51
325,dugupsoil2_light2,3246,3305,0,46,41,22,0,50,51
324,dugupsoil1_light2,3247,3305,0,47,41,22,1,50,51
324,dugupsoil1_light2,3248,3305,0,48,41,22,0,50,51
312,potato,3249,3305,0,49,41,10,0,50,51
325,dugupsoil2_light2,3249,3305,0,49,41,22,2,50,51
326,dugupsoil3_light2,3250,3305,0,50,41,22,3,50,51
325,dugupsoil2_light2,3251,3305,0,51,41,22,0,50,51
312,potato,3252,3305,0,52,41,10,0,50,51
326,dugupsoil3_light2,3252,3305,0,52,41,22,0,50,51
326,dugupsoil3_light2,3253,3305,0,53,41,22,0,50,51
325,dugupsoil2_light2,3254,3305,0,54,41,22,3,50,51
312,potato,3255,3305,0,55,41,10,0,50,51
326,dugupsoil3_light2,3255,3305,0,55,41,22,1,50,51
325,dugupsoil2_light2,3257,3305,0,57,41,22,3,50,51
312,potato,3258,3305,0,58,41,10,0,50,51
326,dugupsoil3_light2,3259,3305,0,59,41,22,0,50,51
312,potato,3261,3305,0,61,41,10,0,50,51
326,dugupsoil3_light2,3261,3305,0,61,41,22,2,50,51
325,dugupsoil2_light2,3262,3305,0,62,41,22,1,50,51
325,dugupsoil2_light2,3263,3305,0,63,41,22,0,50,51
1792,roofedge_thatched,3137,3306,2,1,42,18,2,49,51
315,dugupsoil2,3138,3306,0,2,42,22,3,49,51
980,fencing,3138,3306,0,2,42,9,0,49,51
1769,wood1,3138,3306,1,2,42,2,0,49,51
5637,thatched_timberroof_brown,3138,3306,2,2,42,16,2,49,51
316,dugupsoil3,3139,3306,0,3,42,22,0,49,51
980,fencing,3139,3306,0,3,42,0,1,49,51
1769,wood1,3139,3306,1,3,42,0,1,49,51
5637,thatched_timberroof_brown,3139,3306,2,3,42,12,3,49,51
980,fencing,3140,3306,0,4,42,0,1,49,51
1262,hay_1,3140,3306,0,4,42,22,1,49,51
1262,hay_1,3140,3306,1,4,42,22,0,49,51
1769,wood1,3140,3306,1,4,42,0,1,49,51
5637,thatched_timberroof_brown,3140,3306,2,4,42,12,3,49,51
980,fencing,3141,3306,0,5,42,0,1,49,51
767,floor_depth2,3141,3306,1,5,42,22,1,49,51
1769,wood1,3141,3306,1,5,42,0,1,49,51
5637,thatched_timberroof_brown,3141,3306,2,5,42,12,3,49,51
980,fencing,3142,3306,0,6,42,0,1,49,51
1769,wood1,3142,3306,1,6,42,0,1,49,51
5637,thatched_timberroof_brown,3142,3306,2,6,42,12,3,49,51
980,fencing,3143,3306,0,7,42,0,1,49,51
1263,hay_2,3143,3306,0,7,42,22,2,49,51
1769,wood1,3143,3306,1,7,42,0,1,49,51
5637,thatched_timberroof_brown,3143,3306,2,7,42,16,3,49,51
1263,hay_2,3144,3306,0,8,42,22,3,49,51
5636,timberwall_brown,3144,3306,0,8,42,3,0,49,51
1602,timberwall,3144,3306,1,8,42,3,0,49,51
1792,roofedge_thatched,3144,3306,2,8,42,18,0,49,51
316,dugupsoil3,3145,3306,0,9,42,22,3,49,51
315,dugupsoil2,3146,3306,0,10,42,22,0,49,51
1792,roofedge_thatched,3146,3306,1,10,42,18,2,49,51
304,haybail,3147,3306,0,11,42,10,0,49,51
1769,wood1,3147,3306,0,11,42,2,0,49,51
5637,thatched_timberroof_brown,3147,3306,1,11,42,16,2,49,51
316,dugupsoil3,3148,3306,0,12,42,22,0,49,51
1769,wood1,3148,3306,0,12,42,0,1,49,51
5637,thatched_timberroof_brown,3148,3306,1,12,42,12,3,49,51
1262,hay_1,3149,3306,0,13,42,22,3,49,51
1769,wood1,3149,3306,0,13,42,2,0,49,51
5637,thatched_timberroof_brown,3149,3306,1,13,42,12,3,49,51
1769,wood1,3150,3306,0,14,42,0,1,49,51
5637,thatched_timberroof_brown,3150,3306,1,14,42,12,3,49,51
315,dugupsoil2,3151,3306,0,15,42,22,3,49,51
1769,wood1,3151,3306,0,15,42,0,1,49,51
5637,thatched_timberroof_brown,3151,3306,1,15,42,12,3,49,51
315,dugupsoil2,3152,3306,0,16,42,22,2,49,51
1769,wood1,3152,3306,0,16,42,2,1,49,51
5637,thatched_timberroof_brown,3152,3306,1,16,42,16,3,49,51
979,drystonewall,3153,3306,0,17,42,9,0,49,51
1792,roofedge_thatched,3153,3306,1,17,42,18,0,49,51
979,drystonewall,3154,3306,0,18,42,1,0,49,51
324,dugupsoil1_light2,3155,3306,0,19,42,22,0,49,51
15507,fai_varrock_wheat_corner,3155,3306,0,19,42,10,1,49,51
15507,fai_varrock_wheat_corner,3156,3306,0,20,42,10,2,49,51
325,dugupsoil2_light2,3157,3306,0,21,42,22,0,49,51
979,drystonewall,3157,3306,0,21,42,1,1,49,51
979,drystonewall,3158,3306,0,22,42,0,1,49,51
979,drystonewall,3159,3306,0,23,42,9,1,49,51
4735,short_grass_1,3160,3306,0,24,42,22,3,49,51
1792,roofedge_thatched,3162,3306,1,26,42,18,2,49,51
1263,hay_2,3163,3306,0,27,42,22,2,49,51
5634,timberwall_2,3163,3306,0,27,42,0,0,49,51
1926,roof_thatched,3163,3306,1,27,42,12,2,49,51
1792,roofedge_thatched,3163,3306,3,27,42,18,2,49,51
1263,hay_2,3164,3306,1,28,42,22,0,49,51
5634,timberwall_2,3164,3306,1,28,42,0,0,49,51
1263,hay_2,3164,3306,2,28,42,22,2,49,51
5634,timberwall_2,3164,3306,2,28,42,0,0,49,51
1926,roof_thatched,3164,3306,3,28,42,12,2,49,51
1926,roof_thatched,3165,3306,3,29,42,17,2,49,51
1781,millbase,3166,3306,0,30,42,10,0,49,51
1778,mill,3166,3306,1,30,42,10,3,49,51
1784,milltop2,3166,3306,2,30,42,10,0,49,51
1926,roof_thatched,3166,3306,3,30,42,17,2,49,51
1926,roof_thatched,3167,3306,3,31,42,17,2,49,51
1263,hay_2,3168,3306,2,32,42,22,3,49,51
1926,roof_thatched,3168,3306,3,32,42,17,2,49,51
1263,hay_2,3169,3306,0,33,42,22,1,49,51
1262,hay_1,3169,3306,1,33,42,22,2,49,51
5634,timberwall_2,3169,3306,1,33,42,0,2,49,51
5574,sack_full,3169,3306,2,33,42,10,2,49,51
5634,timberwall_2,3169,3306,2,33,42,0,2,49,51
1926,roof_thatched,3169,3306,3,33,42,12,0,49,51
5634,timberwall_2,3170,3306,0,34,42,0,2,49,51
12961,qip_cook_crate,3170,3306,0,34,42,10,2,49,51
1926,roof_thatched,3170,3306,1,34,42,12,0,49,51
1792,roofedge_thatched,3170,3306,3,34,42,18,0,49,51
1792,roofedge_thatched,3171,3306,1,35,42,18,0,49,51
1262,hay_1,3173,3306,0,37,42,22,1,49,51
1838,shutterwindow,3173,3306,0,37,42,5,0,49,51
1902,brickwall,3173,3306,0,37,42,0,0,49,51
1263,hay_2,3174,3306,0,38,42,22,2,49,51
186,dugupsoil3_upass,3176,3306,0,40,42,22,1,49,51
1263,hay_2,3178,3306,0,42,42,22,3,49,51
1262,hay_1,3179,3306,0,43,42,22,3,49,51
1838,shutterwindow,3179,3306,0,43,42,5,2,49,51
1902,brickwall,3179,3306,0,43,42,0,2,49,51
1300,fern2,3181,3306,0,45,42,10,2,49,51
1246,full_twig,3184,3306,0,48,42,22,2,49,51
5587,dugupsoil2_light_no_glow,3212,3306,0,12,42,22,2,50,51
5586,dugupsoil1_light_no_glow,3213,3306,0,13,42,22,2,50,51
44603,blankwall_no_blockrange,3214,3306,0,14,42,0,0,50,51
44603,blankwall_no_blockrange,3217,3306,0,17,42,0,2,50,51
321,dugupsoil3_light,3219,3306,0,19,42,22,2,50,51
1251,full_twig_light,3220,3306,0,20,42,22,3,50,51
4735,short_grass_1,3224,3306,0,24,42,22,1,50,51
4735,short_grass_1,3225,3306,0,25,42,22,2,50,51
4735,short_grass_1,3226,3306,0,26,42,22,0,50,51
4735,short_grass_1,3227,3306,0,27,42,22,1,50,51
4735,short_grass_1,3229,3306,0,29,42,22,0,50,51
4736,short_grass_2,3230,3306,0,30,42,22,3,50,51
4736,short_grass_2,3231,3306,0,31,42,22,2,50,51
4737,short_grass_3,3232,3306,0,32,42,22,3,50,51
5570,drystonewall+grass,3233,3306,0,33,42,0,2,50,51
1189,daisys,3234,3306,0,34,42,10,2,50,51
4737,short_grass_3,3234,3306,0,34,42,22,1,50,51
4736,short_grass_2,3235,3306,0,35,42,22,2,50,51
4736,short_grass_2,3236,3306,0,36,42,22,1,50,51
4735,short_grass_1,3237,3306,0,37,42,22,2,50,51
1247,broken_twig,3238,3306,0,38,42,22,3,50,51
335,dugupsoil1_grey,3240,3306,0,40,42,22,2,50,51
325,dugupsoil2_light2,3242,3306,0,42,42,22,2,50,51
325,dugupsoil2_light2,3243,3306,0,43,42,22,3,50,51
980,fencing,3243,3306,0,43,42,9,0,50,51
325,dugupsoil2_light2,3244,3306,0,44,42,22,1,50,51
980,fencing,3244,3306,0,44,42,1,0,50,51
312,potato,3248,3306,0,48,42,10,0,50,51
325,dugupsoil2_light2,3250,3306,0,50,42,22,1,50,51
312,potato,3251,3306,0,51,42,10,0,50,51
312,potato,3254,3306,0,54,42,10,0,50,51
312,potato,3257,3306,0,57,42,10,0,50,51
325,dugupsoil2_light2,3258,3306,0,58,42,22,3,50,51
312,potato,3260,3306,0,60,42,10,0,50,51
312,potato,3263,3306,0,63,42,10,0,50,51
5636,timberwall_brown,3137,3307,0,1,43,3,2,49,51
5636,timberwall_brown,3137,3307,1,1,43,3,2,49,51
1792,roofedge_thatched,3137,3307,2,1,43,19,2,49,51
1792,roofedge_thatched,3138,3307,2,2,43,18,3,49,51
315,dugupsoil2,3139,3307,0,3,43,22,2,49,51
1792,roofedge_thatched,3139,3307,2,3,43,18,3,49,51
5636,timberwall_brown,3140,3307,0,4,43,3,3,49,51
5636,timberwall_brown,3140,3307,1,4,43,3,3,49,51
1792,roofedge_thatched,3140,3307,2,4,43,18,3,49,51
1792,roofedge_thatched,3141,3307,2,5,43,18,3,49,51
5636,timberwall_brown,3142,3307,0,6,43,3,3,49,51
5636,timberwall_brown,3142,3307,1,6,43,3,3,49,51
1792,roofedge_thatched,3142,3307,2,6,43,18,3,49,51
1792,roofedge_thatched,3143,3307,2,7,43,18,3,49,51
1792,roofedge_thatched,3144,3307,2,8,43,19,3,49,51
315,dugupsoil2,3145,3307,0,9,43,22,2,49,51
1792,roofedge_thatched,3146,3307,1,10,43,19,2,49,51
4736,short_grass_2,3147,3307,0,11,43,22,0,49,51
5636,timberwall_brown,3147,3307,0,11,43,3,3,49,51
1792,roofedge_thatched,3147,3307,1,11,43,18,3,49,51
4737,short_grass_3,3148,3307,0,12,43,22,0,49,51
5636,timberwall_brown,3148,3307,0,12,43,3,2,49,51
1792,roofedge_thatched,3148,3307,1,12,43,18,3,49,51
4736,short_grass_2,3149,3307,0,13,43,22,0,49,51
1792,roofedge_thatched,3149,3307,1,13,43,18,3,49,51
4738,short_grass_4,3150,3307,0,14,43,22,1,49,51
5636,timberwall_brown,3150,3307,0,14,43,3,2,49,51
1792,roofedge_thatched,3150,3307,1,14,43,18,3,49,51
4738,short_grass_4,3151,3307,0,15,43,22,3,49,51
1792,roofedge_thatched,3151,3307,1,15,43,18,3,49,51
4737,short_grass_3,3152,3307,0,16,43,22,3,49,51
5636,timberwall_brown,3152,3307,0,16,43,3,2,49,51
1792,roofedge_thatched,3152,3307,1,16,43,18,3,49,51
4738,short_grass_4,3153,3307,0,17,43,22,2,49,51
1792,roofedge_thatched,3153,3307,1,17,43,19,3,49,51
979,drystonewall,3154,3307,0,18,43,9,0,49,51
979,drystonewall,3155,3307,0,19,43,0,1,49,51
979,drystonewall,3156,3307,0,20,43,0,1,49,51
979,drystonewall,3157,3307,0,21,43,9,1,49,51
4736,short_grass_2,3158,3307,0,22,43,22,1,49,51
4735,short_grass_1,3162,3307,0,26,43,22,0,49,51
1792,roofedge_thatched,3162,3307,1,26,43,18,2,49,51
5574,sack_full,3163,3307,0,27,43,10,0,49,51
5634,timberwall_2,3163,3307,0,27,43,0,0,49,51
1926,roof_thatched,3163,3307,1,27,43,12,2,49,51
1792,roofedge_thatched,3163,3307,3,27,43,18,2,49,51
12964,qip_cook_ladder,3164,3307,0,28,43,10,0,49,51
4805,bamboo_depth,3164,3307,1,28,43,22,2,49,51
5634,timberwall_2,3164,3307,1,28,43,0,0,49,51
12965,qip_cook_ladder_middle,3164,3307,1,28,43,10,0,49,51
4805,bamboo_depth,3164,3307,2,28,43,22,2,49,51
5634,timberwall_2,3164,3307,2,28,43,0,0,49,51
12966,qip_cook_ladder_top,3164,3307,2,28,43,10,0,49,51
1926,roof_thatched,3164,3307,3,28,43,12,2,49,51
1246,full_twig,3165,3307,2,29,43,22,2,49,51
1926,roof_thatched,3165,3307,3,29,43,17,2,49,51
2775,flour_mill_icon,3166,3307,0,30,43,22,0,49,51
24961,hopper1,3166,3307,2,30,43,10,0,49,51
1926,roof_thatched,3166,3307,3,30,43,17,2,49,51
1926,roof_thatched,3167,3307,3,31,43,17,2,49,51
1926,roof_thatched,3168,3307,3,32,43,17,2,49,51
5634,timberwall_2,3169,3307,1,33,43,0,2,49,51
5634,timberwall_2,3169,3307,2,33,43,0,2,49,51
12961,qip_cook_crate,3169,3307,2,33,43,10,3,49,51
1926,roof_thatched,3169,3307,3,33,43,12,0,49,51
5634,timberwall_2,3170,3307,0,34,43,0,2,49,51
12961,qip_cook_crate,3170,3307,0,34,43,10,0,49,51
1926,roof_thatched,3170,3307,1,34,43,12,0,49,51
1792,roofedge_thatched,3170,3307,3,34,43,18,0,49,51
1792,roofedge_thatched,3171,3307,1,35,43,18,0,49,51
186,dugupsoil3_upass,3173,3307,0,37,43,22,1,49,51
1902,brickwall,3173,3307,0,37,43,2,0,49,51
5573,chicken_coop_bare2,3173,3307,0,37,43,10,0,49,51
1262,hay_1,3174,3307,0,38,43,22,0,49,51
1902,brickwall,3174,3307,0,38,43,0,1,49,51
1263,hay_2,3175,3307,0,39,43,22,0,49,51
1902,brickwall,3175,3307,0,39,43,0,1,49,51
5572,chicken_coop_bare,3175,3307,0,39,43,10,0,49,51
1902,brickwall,3176,3307,0,40,43,0,1,49,51
185,dugupsoil2_upass,3177,3307,0,41,43,22,3,49,51
1902,brickwall,3177,3307,0,41,43,0,1,49,51
1263,hay_2,3178,3307,0,42,43,22,2,49,51
1902,brickwall,3178,3307,0,42,43,0,1,49,51
5571,chicken_coop_empty,3178,3307,0,42,43,10,0,49,51
186,dugupsoil3_upass,3179,3307,0,43,43,22,0,49,51
1902,brickwall,3179,3307,0,43,43,2,1,49,51
4735,short_grass_1,3182,3307,0,46,43,22,0,49,51
9623,rimmington_fencing,3195,3307,0,59,43,9,3,49,51
9623,rimmington_fencing,3196,3307,0,60,43,0,3,49,51
9623,rimmington_fencing,3197,3307,0,61,43,0,3,49,51
9623,rimmington_fencing,3198,3307,0,62,43,0,3,49,51
9623,rimmington_fencing,3199,3307,0,63,43,9,2,49,51
1248,sticks_twigs,3200,3307,0,0,43,22,2,50,51
981,gardenfencing,3201,3307,0,1,43,3,1,50,51
1393,plant3,3203,3307,0,3,43,10,2,50,51
981,gardenfencing,3209,3307,0,9,43,3,0,50,51
981,gardenfencing,3211,3307,0,11,43,3,1,50,51
5587,dugupsoil2_light_no_glow,3212,3307,0,12,43,22,1,50,51
44603,blankwall_no_blockrange,3214,3307,0,14,43,0,0,50,51
44603,blankwall_no_blockrange,3217,3307,0,17,43,0,2,50,51
320,dugupsoil2_light,3218,3307,0,18,43,22,2,50,51
1252,broken_twig_light,3221,3307,0,21,43,22,3,50,51
4736,short_grass_2,3224,3307,0,24,43,22,3,50,51
4737,short_grass_3,3225,3307,0,25,43,22,2,50,51
4737,short_grass_3,3226,3307,0,26,43,22,2,50,51
4736,short_grass_2,3227,3307,0,27,43,22,2,50,51
4735,short_grass_1,3228,3307,0,28,43,22,2,50,51
4736,short_grass_2,3230,3307,0,30,43,22,0,50,51
4736,short_grass_2,3231,3307,0,31,43,22,1,50,51
4735,short_grass_1,3232,3307,0,32,43,22,0,50,51
4735,short_grass_1,3233,3307,0,33,43,22,3,50,51
4735,short_grass_1,3234,3307,0,34,43,22,0,50,51
4735,short_grass_1,3235,3307,0,35,43,22,3,50,51
4735,short_grass_1,3236,3307,0,36,43,22,2,50,51
4735,short_grass_1,3238,3307,0,38,43,22,2,50,51
325,dugupsoil2_light2,3243,3307,0,43,43,22,0,50,51
325,dugupsoil2_light2,3244,3307,0,44,43,22,0,50,51
980,fencing,3244,3307,0,44,43,9,0,50,51
980,fencing,3245,3307,0,45,43,1,0,50,51
325,dugupsoil2_light2,3246,3307,0,46,43,22,1,50,51
312,potato,3247,3307,0,47,43,10,0,50,51
326,dugupsoil3_light2,3247,3307,0,47,43,22,3,50,51
325,dugupsoil2_light2,3249,3307,0,49,43,22,2,50,51
312,potato,3250,3307,0,50,43,10,0,50,51
326,dugupsoil3_light2,3250,3307,0,50,43,22,3,50,51
325,dugupsoil2_light2,3251,3307,0,51,43,22,1,50,51
312,potato,3253,3307,0,53,43,10,0,50,51
324,dugupsoil1_light2,3253,3307,0,53,43,22,3,50,51
326,dugupsoil3_light2,3254,3307,0,54,43,22,1,50,51
312,potato,3256,3307,0,56,43,10,0,50,51
326,dugupsoil3_light2,3256,3307,0,56,43,22,1,50,51
324,dugupsoil1_light2,3257,3307,0,57,43,22,2,50,51
325,dugupsoil2_light2,3258,3307,0,58,43,22,2,50,51
312,potato,3259,3307,0,59,43,10,0,50,51
325,dugupsoil2_light2,3259,3307,0,59,43,22,2,50,51
326,dugupsoil3_light2,3261,3307,0,61,43,22,3,50,51
312,potato,3262,3307,0,62,43,10,0,50,51
1189,daisys,3140,3308,0,4,44,10,3,49,51
4735,short_grass_1,3146,3308,0,10,44,22,3,49,51
4736,short_grass_2,3148,3308,0,12,44,22,0,49,51
4736,short_grass_2,3149,3308,0,13,44,22,1,49,51
4735,short_grass_1,3150,3308,0,14,44,22,0,49,51
4737,short_grass_3,3151,3308,0,15,44,22,1,49,51
4737,short_grass_3,3152,3308,0,16,44,22,3,49,51
4736,short_grass_2,3153,3308,0,17,44,22,1,49,51
4736,short_grass_2,3154,3308,0,18,44,22,0,49,51
4737,short_grass_3,3155,3308,0,19,44,22,0,49,51
4735,short_grass_1,3157,3308,0,21,44,22,1,49,51
1792,roofedge_thatched,3162,3308,1,26,44,19,2,49,51
5634,timberwall_2,3163,3308,0,27,44,9,2,49,51
1926,roof_thatched,3163,3308,1,27,44,13,2,49,51
1792,roofedge_thatched,3163,3308,3,27,44,19,2,49,51
5574,sack_full,3164,3308,0,28,44,10,2,49,51
5635,roof_timberwall_2,3164,3308,1,28,44,10,2,49,51
5634,timberwall_2,3164,3308,2,28,44,9,0,49,51
5639,elfwindow_light,3164,3308,2,28,44,8,0,49,51
1926,roof_thatched,3164,3308,3,28,44,13,2,49,51
1263,hay_2,3165,3308,1,29,44,22,3,49,51
5634,timberwall_2,3165,3308,1,29,44,1,0,49,51
5634,timberwall_2,3165,3308,2,29,44,1,0,49,51
1926,roof_thatched,3165,3308,3,29,44,14,2,49,51
1262,hay_1,3166,3308,2,30,44,22,0,49,51
1926,roof_thatched,3166,3308,3,30,44,17,2,49,51
1247,broken_twig,3167,3308,0,31,44,22,2,49,51
1246,full_twig,3167,3308,1,31,44,22,0,49,51
1926,roof_thatched,3167,3308,3,31,44,17,2,49,51
1263,hay_2,3168,3308,0,32,44,22,2,49,51
5634,timberwall_2,3168,3308,1,32,44,1,1,49,51
5634,timberwall_2,3168,3308,2,32,44,1,1,49,51
1926,roof_thatched,3168,3308,3,32,44,14,3,49,51
1262,hay_1,3169,3308,0,33,44,22,0,49,51
5574,sack_full,3169,3308,0,33,44,10,1,49,51
5635,roof_timberwall_2,3169,3308,1,33,44,10,3,49,51
5634,timberwall_2,3169,3308,2,33,44,9,1,49,51
5639,elfwindow_light,3169,3308,2,33,44,8,1,49,51
1926,roof_thatched,3169,3308,3,33,44,13,3,49,51
5634,timberwall_2,3170,3308,0,34,44,9,3,49,51
1926,roof_thatched,3170,3308,1,34,44,13,3,49,51
1792,roofedge_thatched,3170,3308,3,34,44,19,3,49,51
1792,roofedge_thatched,3171,3308,1,35,44,19,3,49,51
4735,short_grass_1,3174,3308,0,38,44,22,0,49,51
4736,short_grass_2,3175,3308,0,39,44,22,1,49,51
4735,short_grass_1,3182,3308,0,46,44,22,2,49,51
4735,short_grass_1,3183,3308,0,47,44,22,1,49,51
4735,short_grass_1,3184,3308,0,48,44,22,3,49,51
1174,thistle,3187,3308,0,51,44,10,1,49,51
9623,rimmington_fencing,3191,3308,0,55,44,9,3,49,51
9623,rimmington_fencing,3192,3308,0,56,44,0,3,49,51
9623,rimmington_fencing,3193,3308,0,57,44,0,3,49,51
9623,rimmington_fencing,3194,3308,0,58,44,0,3,49,51
9623,rimmington_fencing,3195,3308,0,59,44,1,3,49,51
9623,rimmington_fencing,3199,3308,0,63,44,1,2,49,51
980,fencing,3200,3308,0,0,44,0,3,50,51
980,fencing,3201,3308,0,1,44,0,3,50,51
980,fencing,3202,3308,0,2,44,9,2,50,51
4735,short_grass_1,3203,3308,0,3,44,22,0,50,51
1393,plant3,3207,3308,0,7,44,10,2,50,51
980,fencing,3208,3308,0,8,44,9,3,50,51
980,fencing,3209,3308,0,9,44,0,3,50,51
980,fencing,3210,3308,0,10,44,0,3,50,51
980,fencing,3211,3308,0,11,44,0,3,50,51
44603,blankwall_no_blockrange,3213,3308,0,13,44,9,3,50,51
44603,blankwall_no_blockrange,3217,3308,0,17,44,0,2,50,51
10831,willow_tree3,3220,3308,0,20,44,10,2,50,51
1251,full_twig_light,3221,3308,0,21,44,22,2,50,51
4736,short_grass_2,3223,3308,0,23,44,22,3,50,51
4737,short_grass_3,3224,3308,0,24,44,22,3,50,51
1174,thistle,3225,3308,0,25,44,10,0,50,51
4738,short_grass_4,3225,3308,0,25,44,22,0,50,51
4737,short_grass_3,3226,3308,0,26,44,22,1,50,51
4737,short_grass_3,3227,3308,0,27,44,22,2,50,51
4735,short_grass_1,3228,3308,0,28,44,22,3,50,51
4735,short_grass_1,3229,3308,0,29,44,22,3,50,51
4735,short_grass_1,3230,3308,0,30,44,22,0,50,51
4735,short_grass_1,3236,3308,0,36,44,22,3,50,51
325,dugupsoil2_light2,3245,3308,0,45,44,22,0,50,51
980,fencing,3245,3308,0,45,44,9,0,50,51
980,fencing,3246,3308,0,46,44,1,0,50,51
312,potato,3249,3308,0,49,44,10,0,50,51
312,potato,3252,3308,0,52,44,10,0,50,51
325,dugupsoil2_light2,3252,3308,0,52,44,22,2,50,51
312,potato,3255,3308,0,55,44,10,0,50,51
325,dugupsoil2_light2,3255,3308,0,55,44,22,2,50,51
325,dugupsoil2_light2,3256,3308,0,56,44,22,2,50,51
297,scarecrow,3257,3308,0,57,44,10,1,50,51
325,dugupsoil2_light2,3257,3308,0,57,44,22,0,50,51
312,potato,3258,3308,0,58,44,10,0,50,51
325,dugupsoil2_light2,3258,3308,0,58,44,22,0,50,51
325,dugupsoil2_light2,3259,3308,0,59,44,22,3,50,51
325,dugupsoil2_light2,3260,3308,0,60,44,22,0,50,51
312,potato,3261,3308,0,61,44,10,0,50,51
4735,short_grass_1,3136,3309,0,0,45,22,3,49,51
4735,short_grass_1,3149,3309,0,13,45,22,3,49,51
4735,short_grass_1,3151,3309,0,15,45,22,1,49,51
4735,short_grass_1,3152,3309,0,16,45,22,2,49,51
4735,short_grass_1,3153,3309,0,17,45,22,0,49,51
4737,short_grass_3,3160,3309,0,24,45,22,2,49,51
4735,short_grass_1,3161,3309,0,25,45,22,0,49,51
4735,short_grass_1,3163,3309,0,27,45,22,2,49,51
5634,timberwall_2,3163,3309,0,27,45,1,2,49,51
1792,roofedge_thatched,3163,3309,1,27,45,19,2,49,51
5634,timberwall_2,3164,3309,0,28,45,9,2,49,51
57662,elfwindow_light_2,3164,3309,0,28,45,8,2,49,51
1926,roof_thatched,3164,3309,1,28,45,13,2,49,51
1792,roofedge_thatched,3164,3309,3,28,45,19,2,49,51
1246,full_twig,3165,3309,0,29,45,22,0,49,51
4619,lantern_glows,3165,3309,1,29,45,6,0,49,51
5635,roof_timberwall_2,3165,3309,1,29,45,10,2,49,51
4619,lantern_glows,3165,3309,2,29,45,6,0,49,51
5634,timberwall_2,3165,3309,2,29,45,9,0,49,51
1926,roof_thatched,3165,3309,3,29,45,13,2,49,51
5634,timberwall_2,3166,3309,1,30,45,0,1,49,51
5634,timberwall_2,3166,3309,2,30,45,0,1,49,51
10627,treasure_trail_destination,3166,3309,2,30,45,22,0,49,51
12963,qip_cook_crate_stacked,3166,3309,2,30,45,10,1,49,51
1926,roof_thatched,3166,3309,3,30,45,12,3,49,51
5574,sack_full,3167,3309,1,31,45,10,1,49,51
5634,timberwall_2,3167,3309,1,31,45,0,1,49,51
5634,timberwall_2,3167,3309,2,31,45,0,1,49,51
1926,roof_thatched,3167,3309,3,31,45,12,3,49,51
1262,hay_1,3168,3309,0,32,45,22,2,49,51
4619,lantern_glows,3168,3309,1,32,45,6,1,49,51
5635,roof_timberwall_2,3168,3309,1,32,45,10,3,49,51
4619,lantern_glows,3168,3309,2,32,45,6,1,49,51
5634,timberwall_2,3168,3309,2,32,45,9,1,49,51
1926,roof_thatched,3168,3309,3,32,45,13,3,49,51
5634,timberwall_2,3169,3309,0,33,45,9,3,49,51
57662,elfwindow_light_2,3169,3309,0,33,45,8,3,49,51
1926,roof_thatched,3169,3309,1,33,45,13,3,49,51
1792,roofedge_thatched,3169,3309,3,33,45,19,3,49,51
4735,short_grass_1,3170,3309,0,34,45,22,1,49,51
5574,sack_full,3170,3309,0,34,45,10,1,49,51
5634,timberwall_2,3170,3309,0,34,45,1,3,49,51
1792,roofedge_thatched,3170,3309,1,34,45,19,3,49,51
4736,short_grass_2,3174,3309,0,38,45,22,0,49,51
10793,boulder4,3178,3309,0,42,45,10,0,49,51
4735,short_grass_1,3180,3309,0,44,45,22,3,49,51
4735,short_grass_1,3181,3309,0,45,45,22,2,49,51
1174,thistle,3182,3309,0,46,45,10,3,49,51
4735,short_grass_1,3182,3309,0,46,45,22,3,49,51
10790,boulder1,3183,3309,0,47,45,10,0,49,51
1174,thistle,3185,3309,0,49,45,10,1,49,51
4735,short_grass_1,3185,3309,0,49,45,22,3,49,51
9623,rimmington_fencing,3190,3309,0,54,45,9,3,49,51
9623,rimmington_fencing,3191,3309,0,55,45,1,3,49,51
23913,shaggy_grass3,3196,3309,0,60,45,22,1,49,51
980,fencing,3202,3309,0,2,45,1,2,50,51
980,fencing,3203,3309,0,3,45,0,3,50,51
4735,short_grass_1,3203,3309,0,3,45,22,3,50,51
980,fencing,3204,3309,0,4,45,0,3,50,51
980,fencing,3205,3309,0,5,45,0,3,50,51
980,fencing,3206,3309,0,6,45,0,3,50,51
980,fencing,3207,3309,0,7,45,0,3,50,51
980,fencing,3208,3309,0,8,45,1,3,50,51
1257,grass_light_1,3210,3309,0,10,45,22,2,50,51
5606,rock_pool_bits,3213,3309,0,13,45,10,0,50,51
44603,blankwall_no_blockrange,3213,3309,0,13,45,0,0,50,51
44603,blankwall_no_blockrange,3217,3309,0,17,45,0,2,50,51
319,dugupsoil1_light,3218,3309,0,18,45,22,2,50,51
1252,broken_twig_light,3219,3309,0,19,45,22,0,50,51
4737,short_grass_3,3223,3309,0,23,45,22,3,50,51
1174,thistle,3224,3309,0,24,45,10,3,50,51
4738,short_grass_4,3224,3309,0,24,45,22,1,50,51
4738,short_grass_4,3225,3309,0,25,45,22,2,50,51
4737,short_grass_3,3226,3309,0,26,45,22,1,50,51
1174,thistle,3227,3309,0,27,45,10,2,50,51
4736,short_grass_2,3227,3309,0,27,45,22,1,50,51
4735,short_grass_1,3228,3309,0,28,45,22,0,50,51
4735,short_grass_1,3229,3309,0,29,45,22,1,50,51
4735,short_grass_1,3234,3309,0,34,45,22,2,50,51
4735,short_grass_1,3235,3309,0,35,45,22,3,50,51
4735,short_grass_1,3237,3309,0,37,45,22,3,50,51
980,fencing,3246,3309,0,46,45,9,0,50,51
980,fencing,3247,3309,0,47,45,1,0,50,51
326,dugupsoil3_light2,3248,3309,0,48,45,22,0,50,51
326,dugupsoil3_light2,3250,3309,0,50,45,22,0,50,51
312,potato,3251,3309,0,51,45,10,0,50,51
325,dugupsoil2_light2,3251,3309,0,51,45,22,3,50,51
326,dugupsoil3_light2,3253,3309,0,53,45,22,3,50,51
312,potato,3254,3309,0,54,45,10,0,50,51
325,dugupsoil2_light2,3254,3309,0,54,45,22,2,50,51
325,dugupsoil2_light2,3255,3309,0,55,45,22,0,50,51
324,dugupsoil1_light2,3256,3309,0,56,45,22,3,50,51
312,potato,3257,3309,0,57,45,10,0,50,51
325,dugupsoil2_light2,3257,3309,0,57,45,22,1,50,51
326,dugupsoil3_light2,3258,3309,0,58,45,22,1,50,51
325,dugupsoil2_light2,3259,3309,0,59,45,22,2,50,51
312,potato,3260,3309,0,60,45,10,0,50,51
326,dugupsoil3_light2,3261,3309,0,61,45,22,3,50,51
326,dugupsoil3_light2,3262,3309,0,62,45,22,3,50,51
312,potato,3263,3309,0,63,45,10,0,50,51
4735,short_grass_1,3144,3310,0,8,46,22,1,49,51
4736,short_grass_2,3145,3310,0,9,46,22,3,49,51
4736,short_grass_2,3146,3310,0,10,46,22,2,49,51
4735,short_grass_1,3147,3310,0,11,46,22,2,49,51
4735,short_grass_1,3152,3310,0,16,46,22,0,49,51
4736,short_grass_2,3159,3310,0,23,46,22,3,49,51
4737,short_grass_3,3160,3310,0,24,46,22,0,49,51
4737,short_grass_3,3161,3310,0,25,46,22,1,49,51
4736,short_grass_2,3162,3310,0,26,46,22,2,49,51
4735,short_grass_1,3164,3310,0,28,46,22,3,49,51
5634,timberwall_2,3164,3310,0,28,46,1,2,49,51
1792,roofedge_thatched,3164,3310,1,28,46,19,2,49,51
4619,lantern_glows,3165,3310,0,29,46,7,2,49,51
5634,timberwall_2,3165,3310,0,29,46,9,2,49,51
1926,roof_thatched,3165,3310,1,29,46,13,2,49,51
1792,roofedge_thatched,3165,3310,3,29,46,19,2,49,51
12962,qip_cook_large_table,3166,3310,0,30,46,10,2,49,51
1926,roof_thatched,3166,3310,1,30,46,12,3,49,51
1792,roofedge_thatched,3166,3310,3,30,46,18,3,49,51
1926,roof_thatched,3167,3310,1,31,46,12,3,49,51
1792,roofedge_thatched,3167,3310,3,31,46,18,3,49,51
4619,lantern_glows,3168,3310,0,32,46,7,3,49,51
5634,timberwall_2,3168,3310,0,32,46,9,3,49,51
1926,roof_thatched,3168,3310,1,32,46,13,3,49,51
1792,roofedge_thatched,3168,3310,3,32,46,19,3,49,51
4735,short_grass_1,3169,3310,0,33,46,22,0,49,51
5574,sack_full,3169,3310,0,33,46,10,2,49,51
5634,timberwall_2,3169,3310,0,33,46,1,3,49,51
1792,roofedge_thatched,3169,3310,1,33,46,19,3,49,51
4735,short_grass_1,3172,3310,0,36,46,22,1,49,51
4735,short_grass_1,3176,3310,0,40,46,22,0,49,51
16433,randomsound_song_birds,3180,3310,0,44,46,22,0,49,51
4735,short_grass_1,3181,3310,0,45,46,22,1,49,51
4737,short_grass_3,3182,3310,0,46,46,22,2,49,51
10793,boulder4,3182,3310,0,46,46,10,2,49,51
4735,short_grass_1,3184,3310,0,48,46,22,3,49,51
4735,short_grass_1,3185,3310,0,49,46,22,1,49,51
9623,rimmington_fencing,3188,3310,0,52,46,9,3,49,51
9623,rimmington_fencing,3189,3310,0,53,46,0,3,49,51
9623,rimmington_fencing,3190,3310,0,54,46,1,3,49,51
1174,thistle,3193,3310,0,57,46,10,0,49,51
23913,shaggy_grass3,3195,3310,0,59,46,22,2,49,51
1189,daisys,3197,3310,0,61,46,10,0,49,51
23913,shaggy_grass3,3198,3310,0,62,46,22,0,49,51
1394,plant4,3201,3310,0,1,46,10,1,50,51
4736,short_grass_2,3204,3310,0,4,46,22,3,50,51
4736,short_grass_2,3205,3310,0,5,46,22,2,50,51
1394,plant4,3206,3310,0,6,46,10,2,50,51
5587,dugupsoil2_light_no_glow,3211,3310,0,11,46,22,3,50,51
44603,blankwall_no_blockrange,3213,3310,0,13,46,0,0,50,51
44603,blankwall_no_blockrange,3217,3310,0,17,46,9,3,50,51
320,dugupsoil2_light,3218,3310,0,18,46,22,0,50,51
4736,short_grass_2,3223,3310,0,23,46,22,3,50,51
4737,short_grass_3,3224,3310,0,24,46,22,3,50,51
4738,short_grass_4,3225,3310,0,25,46,22,2,50,51
4737,short_grass_3,3226,3310,0,26,46,22,1,50,51
4735,short_grass_1,3232,3310,0,32,46,22,3,50,51
5570,drystonewall+grass,3233,3310,0,33,46,0,2,50,51
4737,short_grass_3,3234,3310,0,34,46,22,1,50,51
4736,short_grass_2,3235,3310,0,35,46,22,1,50,51
1391,plant1,3241,3310,0,41,46,10,0,50,51
980,fencing,3247,3310,0,47,46,9,0,50,51
980,fencing,3248,3310,0,48,46,1,0,50,51
312,potato,3250,3310,0,50,46,10,0,50,51
312,potato,3253,3310,0,53,46,10,0,50,51
312,potato,3256,3310,0,56,46,10,0,50,51
325,dugupsoil2_light2,3256,3310,0,56,46,22,0,50,51
325,dugupsoil2_light2,3258,3310,0,58,46,22,0,50,51
312,potato,3259,3310,0,59,46,10,0,50,51
325,dugupsoil2_light2,3259,3310,0,59,46,22,1,50,51
324,dugupsoil1_light2,3260,3310,0,60,46,22,0,50,51
312,potato,3262,3310,0,62,46,10,0,50,51
4735,short_grass_1,3138,3311,0,2,47,22,2,49,51
4735,short_grass_1,3143,3311,0,7,47,22,0,49,51
4736,short_grass_2,3144,3311,0,8,47,22,3,49,51
4738,short_grass_4,3145,3311,0,9,47,22,3,49,51
4737,short_grass_3,3146,3311,0,10,47,22,0,49,51
4736,short_grass_2,3147,3311,0,11,47,22,2,49,51
4735,short_grass_1,3148,3311,0,12,47,22,1,49,51
1189,daisys,3150,3311,0,14,47,10,0,49,51
4735,short_grass_1,3153,3311,0,17,47,22,2,49,51
1189,daisys,3155,3311,0,19,47,10,3,49,51
4735,short_grass_1,3157,3311,0,21,47,22,3,49,51
4737,short_grass_3,3158,3311,0,22,47,22,1,49,51
4736,short_grass_2,3159,3311,0,23,47,22,0,49,51
4736,short_grass_2,3160,3311,0,24,47,22,1,49,51
4737,short_grass_3,3161,3311,0,25,47,22,0,49,51
4736,short_grass_2,3162,3311,0,26,47,22,1,49,51
5634,timberwall_2,3165,3311,0,29,47,1,2,49,51
1792,roofedge_thatched,3165,3311,1,29,47,19,2,49,51
5634,timberwall_2,3166,3311,0,30,47,0,3,49,51
1792,roofedge_thatched,3166,3311,1,30,47,18,3,49,51
5634,timberwall_2,3167,3311,0,31,47,0,3,49,51
1792,roofedge_thatched,3167,3311,1,31,47,18,3,49,51
5634,timberwall_2,3168,3311,0,32,47,1,3,49,51
1792,roofedge_thatched,3168,3311,1,32,47,19,3,49,51
1246,full_twig,3171,3311,0,35,47,22,1,49,51
1174,thistle,3178,3311,0,42,47,10,2,49,51
4737,short_grass_3,3181,3311,0,45,47,22,2,49,51
10791,boulder2,3182,3311,0,46,47,10,2,49,51
1174,thistle,3184,3311,0,48,47,10,2,49,51
4735,short_grass_1,3184,3311,0,48,47,22,1,49,51
9623,rimmington_fencing,3187,3311,0,51,47,9,3,49,51
9623,rimmington_fencing,3188,3311,0,52,47,1,3,49,51
23913,shaggy_grass3,3190,3311,0,54,47,22,1,49,51
23913,shaggy_grass3,3192,3311,0,56,47,22,0,49,51
23913,shaggy_grass3,3194,3311,0,58,47,22,3,49,51
23913,shaggy_grass3,3198,3311,0,62,47,22,3,49,51
4736,short_grass_2,3204,3311,0,4,47,22,0,50,51
4736,short_grass_2,3205,3311,0,5,47,22,1,50,51
5586,dugupsoil1_light_no_glow,3211,3311,0,11,47,22,1,50,51
5605,rock_pool_small,3213,3311,0,13,47,10,3,50,51
44603,blankwall_no_blockrange,3213,3311,0,13,47,0,0,50,51
44603,blankwall_no_blockrange,3216,3311,0,16,47,0,2,50,51
320,dugupsoil2_light,3218,3311,0,18,47,22,1,50,51
4735,short_grass_1,3222,3311,0,22,47,22,1,50,51
4737,short_grass_3,3223,3311,0,23,47,22,3,50,51
1174,thistle,3224,3311,0,24,47,10,2,50,51
4738,short_grass_4,3224,3311,0,24,47,22,2,50,51
4737,short_grass_3,3225,3311,0,25,47,22,0,50,51
4735,short_grass_1,3229,3311,0,29,47,22,2,50,51
4736,short_grass_2,3230,3311,0,30,47,22,2,50,51
4735,short_grass_1,3231,3311,0,31,47,22,0,50,51
4737,short_grass_3,3232,3311,0,32,47,22,3,50,51
5570,drystonewall+grass,3233,3311,0,33,47,0,2,50,51
1393,plant3,3234,3311,0,34,47,10,0,50,51
4736,short_grass_2,3234,3311,0,34,47,22,1,50,51
4736,short_grass_2,3235,3311,0,35,47,22,2,50,51
4736,short_grass_2,3238,3311,0,38,47,22,3,50,51
4737,short_grass_3,3239,3311,0,39,47,22,2,50,51
4736,short_grass_2,3240,3311,0,40,47,22,2,50,51
325,dugupsoil2_light2,3247,3311,0,47,47,22,3,50,51
980,fencing,3248,3311,0,48,47,9,0,50,51
980,fencing,3249,3311,0,49,47,1,0,50,51
325,dugupsoil2_light2,3250,3311,0,50,47,22,0,50,51
326,dugupsoil3_light2,3251,3311,0,51,47,22,2,50,51
312,potato,3252,3311,0,52,47,10,0,50,51
325,dugupsoil2_light2,3252,3311,0,52,47,22,3,50,51
326,dugupsoil3_light2,3254,3311,0,54,47,22,3,50,51
312,potato,3255,3311,0,55,47,10,0,50,51
326,dugupsoil3_light2,3255,3311,0,55,47,22,0,50,51
325,dugupsoil2_light2,3256,3311,0,56,47,22,3,50,51
312,potato,3258,3311,0,58,47,10,0,50,51
326,dugupsoil3_light2,3258,3311,0,58,47,22,0,50,51
325,dugupsoil2_light2,3259,3311,0,59,47,22,0,50,51
324,dugupsoil1_light2,3260,3311,0,60,47,22,1,50,51
312,potato,3261,3311,0,61,47,10,0,50,51
326,dugupsoil3_light2,3262,3311,0,62,47,22,2,50,51
326,dugupsoil3_light2,3263,3311,0,63,47,22,2,50,51
4735,short_grass_1,3143,3312,0,7,48,22,3,49,51
4736,short_grass_2,3144,3312,0,8,48,22,0,49,51
4737,short_grass_3,3145,3312,0,9,48,22,1,49,51
4737,short_grass_3,3146,3312,0,10,48,22,3,49,51
4736,short_grass_2,3147,3312,0,11,48,22,1,49,51
4735,short_grass_1,3148,3312,0,12,48,22,3,49,51
4735,short_grass_1,3151,3312,0,15,48,22,3,49,51
4737,short_grass_3,3160,3312,0,24,48,22,3,49,51
4735,short_grass_1,3161,3312,0,25,48,22,1,49,51
4735,short_grass_1,3175,3312,0,39,48,22,2,49,51
4735,short_grass_1,3177,3312,0,41,48,22,3,49,51
10793,boulder4,3180,3312,0,44,48,10,1,49,51
4735,short_grass_1,3181,3312,0,45,48,22,2,49,51
9623,rimmington_fencing,3186,3312,0,50,48,9,3,49,51
9623,rimmington_fencing,3187,3312,0,51,48,1,3,49,51
23912,shaggy_grass2,3191,3312,0,55,48,22,2,49,51
1298,fern,3192,3312,0,56,48,10,2,49,51
23912,shaggy_grass2,3193,3312,0,57,48,22,1,49,51
23913,shaggy_grass3,3195,3312,0,59,48,22,2,49,51
1298,fern,3196,3312,0,60,48,10,1,49,51
23913,shaggy_grass3,3197,3312,0,61,48,22,1,49,51
23913,shaggy_grass3,3198,3312,0,62,48,22,0,49,51
1247,broken_twig,3207,3312,0,7,48,22,1,50,51
5587,dugupsoil2_light_no_glow,3211,3312,0,11,48,22,0,50,51
44603,blankwall_no_blockrange,3213,3312,0,13,48,0,0,50,51
44603,blankwall_no_blockrange,3216,3312,0,16,48,0,2,50,51
320,dugupsoil2_light,3218,3312,0,18,48,22,2,50,51
5536,short_grass_wall_edge_2,3226,3312,0,26,48,22,3,50,51
83,farming_patch_shadow,3227,3312,0,27,48,0,1,50,51
7518,farming_border_straight,3227,3312,0,27,48,22,2,50,51
83,farming_patch_shadow,3228,3312,0,28,48,0,1,50,51
7518,farming_border_straight,3228,3312,0,28,48,22,2,50,51
83,farming_patch_shadow,3229,3312,0,29,48,0,1,50,51
7518,farming_border_straight,3229,3312,0,29,48,22,2,50,51
83,farming_patch_shadow,3230,3312,0,30,48,0,1,50,51
1174,thistle,3230,3312,0,30,48,10,0,50,51
7518,farming_border_straight,3230,3312,0,30,48,22,2,50,51
83,farming_patch_shadow,3231,3312,0,31,48,0,1,50,51
7518,farming_border_straight,3231,3312,0,31,48,22,2,50,51
4736,short_grass_2,3232,3312,0,32,48,22,3,50,51
4736,short_grass_2,3233,3312,0,33,48,22,2,50,51
5570,drystonewall+grass,3233,3312,0,33,48,1,2,50,51
5570,drystonewall+grass,3234,3312,0,34,48,9,2,50,51
4737,short_grass_3,3235,3312,0,35,48,22,1,50,51
4737,short_grass_3,3239,3312,0,39,48,22,3,50,51
4738,short_grass_4,3240,3312,0,40,48,22,0,50,51
4736,short_grass_2,3241,3312,0,41,48,22,2,50,51
336,dugupsoil2_grey,3245,3312,0,45,48,22,0,50,51
336,dugupsoil2_grey,3246,3312,0,46,48,22,1,50,51
325,dugupsoil2_light2,3249,3312,0,49,48,22,2,50,51
980,fencing,3249,3312,0,49,48,9,0,50,51
980,fencing,3250,3312,0,50,48,1,0,50,51
312,potato,3254,3312,0,54,48,10,0,50,51
325,dugupsoil2_light2,3256,3312,0,56,48,22,0,50,51
312,potato,3257,3312,0,57,48,10,0,50,51
325,dugupsoil2_light2,3257,3312,0,57,48,22,3,50,51
325,dugupsoil2_light2,3258,3312,0,58,48,22,2,50,51
325,dugupsoil2_light2,3259,3312,0,59,48,22,2,50,51
312,potato,3260,3312,0,60,48,10,0,50,51
312,potato,3263,3312,0,63,48,10,0,50,51
4735,short_grass_1,3144,3313,0,8,49,22,3,49,51
4735,short_grass_1,3145,3313,0,9,49,22,2,49,51
4735,short_grass_1,3146,3313,0,10,49,22,0,49,51
1189,daisys,3147,3313,0,11,49,10,1,49,51
4736,short_grass_2,3147,3313,0,11,49,22,1,49,51
4735,short_grass_1,3148,3313,0,12,49,22,3,49,51
4735,short_grass_1,3149,3313,0,13,49,22,0,49,51
1174,thistle,3182,3313,0,46,49,10,0,49,51
4735,short_grass_1,3182,3313,0,46,49,22,3,49,51
9623,rimmington_fencing,3185,3313,0,49,49,9,3,49,51
9623,rimmington_fencing,3186,3313,0,50,49,1,3,49,51
1189,daisys,3188,3313,0,52,49,10,2,49,51
23913,shaggy_grass3,3188,3313,0,52,49,22,3,49,51
23912,shaggy_grass2,3190,3313,0,54,49,22,3,49,51
23912,shaggy_grass2,3192,3313,0,56,49,22,1,49,51
23912,shaggy_grass2,3193,3313,0,57,49,22,0,49,51
23912,shaggy_grass2,3195,3313,0,59,49,22,3,49,51
1245,large_grass_stones,3203,3313,0,3,49,22,0,50,51
1394,plant4,3203,3313,0,3,49,10,0,50,51
4735,short_grass_1,3206,3313,0,6,49,22,3,50,51
4735,short_grass_1,3207,3313,0,7,49,22,3,50,51
16434,randomsound_woodland_birds,3208,3313,0,8,49,22,0,50,51
44603,blankwall_no_blockrange,3213,3313,0,13,49,0,0,50,51
44603,blankwall_no_blockrange,3217,3313,0,17,49,9,0,50,51
321,dugupsoil3_light,3218,3313,0,18,49,22,2,50,51
1189,daisys,3223,3313,0,23,49,10,2,50,51
8719,farming_patch_icon,3225,3313,0,25,49,22,0,50,51
83,farming_patch_shadow,3226,3313,0,26,49,0,2,50,51
7518,farming_border_straight,3226,3313,0,26,49,22,3,50,51
7517,farming_dirtpatch,3227,3313,0,27,49,22,3,50,51
8175,farming_hops_patch_3,3227,3313,0,27,49,10,2,50,51
7517,farming_dirtpatch,3228,3313,0,28,49,22,2,50,51
8175,farming_hops_patch_3,3228,3313,0,28,49,10,1,50,51
7517,farming_dirtpatch,3229,3313,0,29,49,22,0,50,51
8175,farming_hops_patch_3,3229,3313,0,29,49,10,0,50,51
7517,farming_dirtpatch,3230,3313,0,30,49,22,3,50,51
8175,farming_hops_patch_3,3230,3313,0,30,49,10,2,50,51
7517,farming_dirtpatch,3231,3313,0,31,49,22,2,50,51
8175,farming_hops_patch_3,3231,3313,0,31,49,10,1,50,51
83,farming_patch_shadow,3232,3313,0,32,49,0,0,50,51
7518,farming_border_straight,3232,3313,0,32,49,22,1,50,51
4736,short_grass_2,3233,3313,0,33,49,22,1,50,51
5570,drystonewall+grass,3234,3313,0,34,49,0,2,50,51
4736,short_grass_2,3235,3313,0,35,49,22,2,50,51
1392,plant2,3237,3313,0,37,49,10,0,50,51
4736,short_grass_2,3239,3313,0,39,49,22,0,50,51
4738,short_grass_4,3240,3313,0,40,49,22,3,50,51
4737,short_grass_3,3241,3313,0,41,49,22,1,50,51
335,dugupsoil1_grey,3246,3313,0,46,49,22,1,50,51
336,dugupsoil2_grey,3247,3313,0,47,49,22,0,50,51
980,fencing,3250,3313,0,50,49,9,0,50,51
980,fencing,3251,3313,0,51,49,1,0,50,51
325,dugupsoil2_light2,3252,3313,0,52,49,22,1,50,51
312,potato,3253,3313,0,53,49,10,0,50,51
326,dugupsoil3_light2,3253,3313,0,53,49,22,1,50,51
326,dugupsoil3_light2,3254,3313,0,54,49,22,1,50,51
312,potato,3256,3313,0,56,49,10,0,50,51
325,dugupsoil2_light2,3256,3313,0,56,49,22,2,50,51
325,dugupsoil2_light2,3257,3313,0,57,49,22,0,50,51
325,dugupsoil2_light2,3258,3313,0,58,49,22,1,50,51
312,potato,3259,3313,0,59,49,10,0,50,51
324,dugupsoil1_light2,3259,3313,0,59,49,22,3,50,51
326,dugupsoil3_light2,3260,3313,0,60,49,22,3,50,51
324,dugupsoil1_light2,3261,3313,0,61,49,22,3,50,51
312,potato,3262,3313,0,62,49,10,0,50,51
4735,short_grass_1,3145,3314,0,9,50,22,1,49,51
4735,short_grass_1,3146,3314,0,10,50,22,0,49,51
4735,short_grass_1,3147,3314,0,11,50,22,1,49,51
4736,short_grass_2,3148,3314,0,12,50,22,3,49,51
4735,short_grass_1,3149,3314,0,13,50,22,1,49,51
4735,short_grass_1,3151,3314,0,15,50,22,3,49,51
9623,rimmington_fencing,3155,3314,0,19,50,9,3,49,51
9623,rimmington_fencing,3156,3314,0,20,50,0,3,49,51
301,foodtrough,3157,3314,0,21,50,10,2,49,51
9623,rimmington_fencing,3157,3314,0,21,50,0,3,49,51
9623,rimmington_fencing,3158,3314,0,22,50,0,3,49,51
9623,rimmington_fencing,3159,3314,0,23,50,0,3,49,51
9623,rimmington_fencing,3160,3314,0,24,50,0,3,49,51
9623,rimmington_fencing,3161,3314,0,25,50,9,2,49,51
4735,short_grass_1,3166,3314,0,30,50,22,2,49,51
10792,boulder3,3177,3314,0,41,50,10,0,49,51
9623,rimmington_fencing,3179,3314,0,43,50,9,3,49,51
9623,rimmington_fencing,3180,3314,0,44,50,0,3,49,51
9623,rimmington_fencing,3181,3314,0,45,50,0,3,49,51
9623,rimmington_fencing,3182,3314,0,46,50,0,3,49,51
9623,rimmington_fencing,3183,3314,0,47,50,0,3,49,51
23913,shaggy_grass3,3183,3314,0,47,50,22,3,49,51
9623,rimmington_fencing,3184,3314,0,48,50,0,3,49,51
23913,shaggy_grass3,3184,3314,0,48,50,22,3,49,51
9623,rimmington_fencing,3185,3314,0,49,50,1,3,49,51
23913,shaggy_grass3,3185,3314,0,49,50,22,2,49,51
23912,shaggy_grass2,3189,3314,0,53,50,22,0,49,51
23912,shaggy_grass2,3191,3314,0,55,50,22,1,49,51
23911,shaggy_grass1,3192,3314,0,56,50,22,0,49,51
23912,shaggy_grass2,3193,3314,0,57,50,22,0,49,51
1189,daisys,3194,3314,0,58,50,10,2,49,51
23913,shaggy_grass3,3196,3314,0,60,50,22,1,49,51
23913,shaggy_grass3,3197,3314,0,61,50,22,3,49,51
23913,shaggy_grass3,3199,3314,0,63,50,22,2,49,51
4736,short_grass_2,3201,3314,0,1,50,22,3,50,51
4736,short_grass_2,3202,3314,0,2,50,22,2,50,51
4735,short_grass_1,3205,3314,0,5,50,22,3,50,51
4736,short_grass_2,3206,3314,0,6,50,22,3,50,51
1189,daisys,3207,3314,0,7,50,10,1,50,51
4737,short_grass_3,3207,3314,0,7,50,22,2,50,51
4735,short_grass_1,3208,3314,0,8,50,22,3,50,51
44603,blankwall_no_blockrange,3213,3314,0,13,50,0,0,50,51
44603,blankwall_no_blockrange,3217,3314,0,17,50,0,2,50,51
4736,short_grass_2,3222,3314,0,22,50,22,3,50,51
4736,short_grass_2,3223,3314,0,23,50,22,3,50,51
4736,short_grass_2,3224,3314,0,24,50,22,2,50,51
4736,short_grass_2,3225,3314,0,25,50,22,3,50,51
83,farming_patch_shadow,3226,3314,0,26,50,0,2,50,51
7518,farming_border_straight,3226,3314,0,26,50,22,3,50,51
7517,farming_dirtpatch,3227,3314,0,27,50,22,0,50,51
8175,farming_hops_patch_3,3227,3314,0,27,50,10,3,50,51
7517,farming_dirtpatch,3228,3314,0,28,50,22,1,50,51
8175,farming_hops_patch_3,3228,3314,0,28,50,10,0,50,51
7517,farming_dirtpatch,3229,3314,0,29,50,22,2,50,51
8175,farming_hops_patch_3,3229,3314,0,29,50,10,1,50,51
7517,farming_dirtpatch,3230,3314,0,30,50,22,0,50,51
8175,farming_hops_patch_3,3230,3314,0,30,50,10,1,50,51
7517,farming_dirtpatch,3231,3314,0,31,50,22,1,50,51
8175,farming_hops_patch_3,3231,3314,0,31,50,10,2,50,51
83,farming_patch_shadow,3232,3314,0,32,50,0,0,50,51
1189,daisys,3232,3314,0,32,50,10,3,50,51
7518,farming_border_straight,3232,3314,0,32,50,22,1,50,51
4737,short_grass_3,3233,3314,0,33,50,22,3,50,51
5570,drystonewall+grass,3234,3314,0,34,50,0,2,50,51
4737,short_grass_3,3235,3314,0,35,50,22,1,50,51
4736,short_grass_2,3236,3314,0,36,50,22,2,50,51
1189,daisys,3239,3314,0,39,50,10,3,50,51
4737,short_grass_3,3240,3314,0,40,50,22,0,50,51
4736,short_grass_2,3241,3314,0,41,50,22,1,50,51
1246,full_twig,3244,3314,0,44,50,22,3,50,51
1278,tree2,3244,3314,0,44,50,10,3,50,51
1247,broken_twig,3245,3314,0,45,50,22,2,50,51
325,dugupsoil2_light2,3250,3314,0,50,50,22,1,50,51
325,dugupsoil2_light2,3251,3314,0,51,50,22,1,50,51
980,fencing,3251,3314,0,51,50,9,0,50,51
980,fencing,3252,3314,0,52,50,1,0,50,51
312,potato,3255,3314,0,55,50,10,0,50,51
312,potato,3258,3314,0,58,50,10,0,50,51
325,dugupsoil2_light2,3258,3314,0,58,50,22,1,50,51
312,potato,3261,3314,0,61,50,10,0,50,51
325,dugupsoil2_light2,3140,3315,0,4,51,22,2,49,51
325,dugupsoil2_light2,3142,3315,0,6,51,22,0,49,51
4735,short_grass_1,3148,3315,0,12,51,22,3,49,51
4736,short_grass_2,3149,3315,0,13,51,22,1,49,51
4735,short_grass_1,3150,3315,0,14,51,22,0,49,51
4735,short_grass_1,3151,3315,0,15,51,22,2,49,51
9623,rimmington_fencing,3154,3315,0,18,51,9,3,49,51
9623,rimmington_fencing,3155,3315,0,19,51,1,3,49,51
9623,rimmington_fencing,3161,3315,0,25,51,1,2,49,51
9623,rimmington_fencing,3162,3315,0,26,51,9,2,49,51
4735,short_grass_1,3163,3315,0,27,51,22,2,49,51
4735,short_grass_1,3166,3315,0,30,51,22,0,49,51
4735,short_grass_1,3169,3315,0,33,51,22,1,49,51
325,dugupsoil2_light2,3174,3315,0,38,51,22,1,49,51
325,dugupsoil2_light2,3175,3315,0,39,51,22,2,49,51
883,rustic_fencegate_l,3176,3315,0,40,51,0,1,49,51
23917,rustic_fencegate_r,3177,3315,0,41,51,0,1,49,51
9623,rimmington_fencing,3178,3315,0,42,51,9,3,49,51
9623,rimmington_fencing,3179,3315,0,43,51,1,3,49,51
23913,shaggy_grass3,3179,3315,0,43,51,22,0,49,51
23913,shaggy_grass3,3182,3315,0,46,51,22,1,49,51
23913,shaggy_grass3,3184,3315,0,48,51,22,2,49,51
23912,shaggy_grass2,3185,3315,0,49,51,22,1,49,51
23913,shaggy_grass3,3186,3315,0,50,51,22,0,49,51
23913,shaggy_grass3,3187,3315,0,51,51,22,0,49,51
23912,shaggy_grass2,3188,3315,0,52,51,22,1,49,51
1174,thistle,3189,3315,0,53,51,10,2,49,51
23912,shaggy_grass2,3189,3315,0,53,51,22,1,49,51
23912,shaggy_grass2,3190,3315,0,54,51,22,2,49,51
23911,shaggy_grass1,3191,3315,0,55,51,22,1,49,51
1278,tree2,3192,3315,0,56,51,10,1,49,51
4736,short_grass_2,3192,3315,0,56,51,22,1,49,51
4736,short_grass_2,3193,3315,0,57,51,22,0,49,51
1298,fern,3194,3315,0,58,51,10,2,49,51
23912,shaggy_grass2,3194,3315,0,58,51,22,0,49,51
23912,shaggy_grass2,3195,3315,0,59,51,22,2,49,51
1174,thistle,3198,3315,0,62,51,10,3,49,51
4736,short_grass_2,3201,3315,0,1,51,22,0,50,51
4736,short_grass_2,3202,3315,0,2,51,22,1,50,51
4735,short_grass_1,3204,3315,0,4,51,22,3,50,51
4735,short_grass_1,3205,3315,0,5,51,22,3,50,51
4737,short_grass_3,3206,3315,0,6,51,22,3,50,51
4738,short_grass_4,3207,3315,0,7,51,22,3,50,51
5587,dugupsoil2_light_no_glow,3211,3315,0,11,51,22,0,50,51
44603,blankwall_no_blockrange,3213,3315,0,13,51,0,0,50,51
44603,blankwall_no_blockrange,3217,3315,0,17,51,0,2,50,51
320,dugupsoil2_light,3219,3315,0,19,51,22,1,50,51
1189,daisys,3221,3315,0,21,51,10,3,50,51
4737,short_grass_3,3222,3315,0,22,51,22,3,50,51
4737,short_grass_3,3223,3315,0,23,51,22,3,50,51
4737,short_grass_3,3224,3315,0,24,51,22,1,50,51
4737,short_grass_3,3225,3315,0,25,51,22,3,50,51
83,farming_patch_shadow,3226,3315,0,26,51,0,2,50,51
7518,farming_border_straight,3226,3315,0,26,51,22,3,50,51
7517,farming_dirtpatch,3227,3315,0,27,51,22,3,50,51
8175,farming_hops_patch_3,3227,3315,0,27,51,10,3,50,51
7517,farming_dirtpatch,3228,3315,0,28,51,22,2,50,51
8175,farming_hops_patch_3,3228,3315,0,28,51,10,2,50,51
7517,farming_dirtpatch,3229,3315,0,29,51,22,0,50,51
8175,farming_hops_patch_3,3229,3315,0,29,51,10,1,50,51
7517,farming_dirtpatch,3230,3315,0,30,51,22,3,50,51
8175,farming_hops_patch_3,3230,3315,0,30,51,10,0,50,51
7517,farming_dirtpatch,3231,3315,0,31,51,22,2,50,51
8175,farming_hops_patch_3,3231,3315,0,31,51,10,3,50,51
83,farming_patch_shadow,3232,3315,0,32,51,0,0,50,51
7518,farming_border_straight,3232,3315,0,32,51,22,1,50,51
4737,short_grass_3,3233,3315,0,33,51,22,3,50,51
5570,drystonewall+grass,3234,3315,0,34,51,0,2,50,51
4737,short_grass_3,3235,3315,0,35,51,22,1,50,51
4737,short_grass_3,3236,3315,0,36,51,22,1,50,51
1189,daisys,3240,3315,0,40,51,10,2,50,51
1189,daisys,3243,3315,0,43,51,10,1,50,51
1247,broken_twig,3244,3315,0,44,51,22,1,50,51
1247,broken_twig,3245,3315,0,45,51,22,1,50,51
1247,broken_twig,3248,3315,0,48,51,22,2,50,51
336,dugupsoil2_grey,3249,3315,0,49,51,22,0,50,51
325,dugupsoil2_light2,3251,3315,0,51,51,22,0,50,51
325,dugupsoil2_light2,3252,3315,0,52,51,22,0,50,51
980,fencing,3252,3315,0,52,51,9,0,50,51
980,fencing,3253,3315,0,53,51,1,0,50,51
326,dugupsoil3_light2,3254,3315,0,54,51,22,3,50,51
326,dugupsoil3_light2,3255,3315,0,55,51,22,0,50,51
325,dugupsoil2_light2,3256,3315,0,56,51,22,0,50,51
312,potato,3257,3315,0,57,51,10,0,50,51
325,dugupsoil2_light2,3257,3315,0,57,51,22,3,50,51
324,dugupsoil1_light2,3259,3315,0,59,51,22,1,50,51
312,potato,3260,3315,0,60,51,10,0,50,51
326,dugupsoil3_light2,3260,3315,0,60,51,22,1,50,51
325,dugupsoil2_light2,3261,3315,0,61,51,22,1,50,51
326,dugupsoil3_light2,3262,3315,0,62,51,22,2,50,51
312,potato,3263,3315,0,63,51,10,0,50,51
1286,deadtree2,3137,3316,0,1,52,10,2,49,51
325,dugupsoil2_light2,3139,3316,0,3,52,22,0,49,51
1286,deadtree2,3140,3316,0,4,52,10,3,49,51
325,dugupsoil2_light2,3141,3316,0,5,52,22,1,49,51
1358,deadtree6_stump,3142,3316,0,6,52,10,0,49,51
1247,broken_twig,3143,3316,0,7,52,22,2,49,51
4736,short_grass_2,3148,3316,0,12,52,22,3,49,51
1124,bush1,3149,3316,0,13,52,10,0,49,51
4736,short_grass_2,3150,3316,0,14,52,22,2,49,51
4735,short_grass_1,3151,3316,0,15,52,22,0,49,51
9623,rimmington_fencing,3154,3316,0,18,52,0,0,49,51
5577,foodtrough4,3155,3316,0,19,52,10,3,49,51
9623,rimmington_fencing,3162,3316,0,26,52,1,2,49,51
9623,rimmington_fencing,3163,3316,0,27,52,9,2,49,51
4735,short_grass_1,3164,3316,0,28,52,22,3,49,51
9623,rimmington_fencing,3170,3316,0,34,52,9,3,49,51
9623,rimmington_fencing,3171,3316,0,35,52,0,3,49,51
9623,rimmington_fencing,3172,3316,0,36,52,0,3,49,51
9623,rimmington_fencing,3173,3316,0,37,52,0,3,49,51
326,dugupsoil3_light2,3174,3316,0,38,52,22,2,49,51
9623,rimmington_fencing,3174,3316,0,38,52,0,3,49,51
325,dugupsoil2_light2,3175,3316,0,39,52,22,0,49,51
9623,rimmington_fencing,3175,3316,0,39,52,0,3,49,51
9623,rimmington_fencing,3178,3316,0,42,52,1,3,49,51
23912,shaggy_grass2,3182,3316,0,46,52,22,1,49,51
23912,shaggy_grass2,3183,3316,0,47,52,22,2,49,51
1189,daisys,3184,3316,0,48,52,10,3,49,51
23911,shaggy_grass1,3184,3316,0,48,52,22,1,49,51
23912,shaggy_grass2,3185,3316,0,49,52,22,1,49,51
1298,fern,3186,3316,0,50,52,10,1,49,51
23913,shaggy_grass3,3186,3316,0,50,52,22,1,49,51
23913,shaggy_grass3,3187,3316,0,51,52,22,1,49,51
23913,shaggy_grass3,3188,3316,0,52,52,22,2,49,51
23912,shaggy_grass2,3190,3316,0,54,52,22,2,49,51
1189,daisys,3191,3316,0,55,52,10,2,49,51
23912,shaggy_grass2,3191,3316,0,55,52,22,2,49,51
4736,short_grass_2,3192,3316,0,56,52,22,2,49,51
4736,short_grass_2,3193,3316,0,57,52,22,3,49,51
23912,shaggy_grass2,3194,3316,0,58,52,22,0,49,51
23913,shaggy_grass3,3196,3316,0,60,52,22,0,49,51
23913,shaggy_grass3,3199,3316,0,63,52,22,3,49,51
4735,short_grass_1,3203,3316,0,3,52,22,3,50,51
4736,short_grass_2,3204,3316,0,4,52,22,3,50,51
4737,short_grass_3,3205,3316,0,5,52,22,2,50,51
4735,short_grass_1,3206,3316,0,6,52,22,3,50,51
4737,short_grass_3,3207,3316,0,7,52,22,0,50,51
44603,blankwall_no_blockrange,3212,3316,0,12,52,9,1,50,51
5604,rock_pool,3216,3316,0,16,52,10,3,50,51
44603,blankwall_no_blockrange,3217,3316,0,17,52,0,2,50,51
319,dugupsoil1_light,3219,3316,0,19,52,22,1,50,51
4737,short_grass_3,3222,3316,0,22,52,22,3,50,51
4738,short_grass_4,3223,3316,0,23,52,22,0,50,51
4736,short_grass_2,3224,3316,0,24,52,22,1,50,51
4736,short_grass_2,3225,3316,0,25,52,22,0,50,51
83,farming_patch_shadow,3226,3316,0,26,52,0,2,50,51
7518,farming_border_straight,3226,3316,0,26,52,22,3,50,51
7517,farming_dirtpatch,3227,3316,0,27,52,22,0,50,51
8175,farming_hops_patch_3,3227,3316,0,27,52,10,2,50,51
7517,farming_dirtpatch,3228,3316,0,28,52,22,1,50,51
8175,farming_hops_patch_3,3228,3316,0,28,52,10,3,50,51
7517,farming_dirtpatch,3229,3316,0,29,52,22,2,50,51
8175,farming_hops_patch_3,3229,3316,0,29,52,10,0,50,51
7517,farming_dirtpatch,3230,3316,0,30,52,22,0,50,51
8175,farming_hops_patch_3,3230,3316,0,30,52,10,1,50,51
7517,farming_dirtpatch,3231,3316,0,31,52,22,1,50,51
8175,farming_hops_patch_3,3231,3316,0,31,52,10,2,50,51
83,farming_patch_shadow,3232,3316,0,32,52,0,0,50,51
7518,farming_border_straight,3232,3316,0,32,52,22,1,50,51
4737,short_grass_3,3233,3316,0,33,52,22,3,50,51
5570,drystonewall+grass,3234,3316,0,34,52,0,2,50,51
4737,short_grass_3,3235,3316,0,35,52,22,1,50,51
4736,short_grass_2,3236,3316,0,36,52,22,1,50,51
1189,daisys,3239,3316,0,39,52,10,0,50,51
4735,short_grass_1,3240,3316,0,40,52,22,2,50,51
4735,short_grass_1,3241,3316,0,41,52,22,1,50,51
1189,daisys,3247,3316,0,47,52,10,1,50,51
335,dugupsoil1_grey,3249,3316,0,49,52,22,1,50,51
325,dugupsoil2_light2,3252,3316,0,52,52,22,3,50,51
325,dugupsoil2_light2,3253,3316,0,53,52,22,3,50,51
980,fencing,3253,3316,0,53,52,9,0,50,51
980,fencing,3254,3316,0,54,52,1,0,50,51
312,potato,3256,3316,0,56,52,10,0,50,51
312,potato,3259,3316,0,59,52,10,0,50,51
312,potato,3262,3316,0,62,52,10,0,50,51
1247,broken_twig,3137,3317,0,1,53,22,0,49,51
325,dugupsoil2_light2,3138,3317,0,2,53,22,3,49,51
326,dugupsoil3_light2,3139,3317,0,3,53,22,0,49,51
325,dugupsoil2_light2,3140,3317,0,4,53,22,2,49,51
325,dugupsoil2_light2,3141,3317,0,5,53,22,3,49,51
4735,short_grass_1,3148,3317,0,12,53,22,3,49,51
4736,short_grass_2,3149,3317,0,13,53,22,0,49,51
4735,short_grass_1,3150,3317,0,14,53,22,1,49,51
4735,short_grass_1,3151,3317,0,15,53,22,1,49,51
9623,rimmington_fencing,3154,3317,0,18,53,0,0,49,51
23913,shaggy_grass3,3158,3317,0,22,53,22,1,49,51
23913,shaggy_grass3,3159,3317,0,23,53,22,2,49,51
23913,shaggy_grass3,3161,3317,0,25,53,22,1,49,51
9623,rimmington_fencing,3163,3317,0,27,53,1,2,49,51
9623,rimmington_fencing,3164,3317,0,28,53,9,2,49,51
9623,rimmington_fencing,3169,3317,0,33,53,9,3,49,51
9623,rimmington_fencing,3170,3317,0,34,53,1,3,49,51
8689,fat_cow,3172,3317,0,36,53,10,2,49,51
23913,shaggy_grass3,3172,3317,0,36,53,22,2,49,51
23913,shaggy_grass3,3173,3317,0,37,53,22,2,49,51
23913,shaggy_grass3,3175,3317,0,39,53,22,0,49,51
23913,shaggy_grass3,3176,3317,0,40,53,22,1,49,51
23913,shaggy_grass3,3177,3317,0,41,53,22,2,49,51
23913,shaggy_grass3,3178,3317,0,42,53,22,3,49,51
23913,shaggy_grass3,3179,3317,0,43,53,22,2,49,51
23913,shaggy_grass3,3180,3317,0,44,53,22,3,49,51
23912,shaggy_grass2,3182,3317,0,46,53,22,2,49,51
23912,shaggy_grass2,3183,3317,0,47,53,22,2,49,51
1278,tree2,3184,3317,0,48,53,10,3,49,51
4736,short_grass_2,3184,3317,0,48,53,22,1,49,51
4736,short_grass_2,3185,3317,0,49,53,22,0,49,51
1174,thistle,3186,3317,0,50,53,10,0,49,51
23912,shaggy_grass2,3187,3317,0,51,53,22,2,49,51
23913,shaggy_grass3,3189,3317,0,53,53,22,0,49,51
23912,shaggy_grass2,3190,3317,0,54,53,22,3,49,51
23912,shaggy_grass2,3191,3317,0,55,53,22,2,49,51
23911,shaggy_grass1,3192,3317,0,56,53,22,2,49,51
1174,thistle,3193,3317,0,57,53,10,3,49,51
23912,shaggy_grass2,3193,3317,0,57,53,22,3,49,51
23912,shaggy_grass2,3195,3317,0,59,53,22,3,49,51
23913,shaggy_grass3,3196,3317,0,60,53,22,1,49,51
23913,shaggy_grass3,3198,3317,0,62,53,22,0,49,51
1189,daisys,3203,3317,0,3,53,10,2,50,51
4736,short_grass_2,3203,3317,0,3,53,22,3,50,51
4737,short_grass_3,3204,3317,0,4,53,22,3,50,51
4738,short_grass_4,3205,3317,0,5,53,22,1,50,51
5587,dugupsoil2_light_no_glow,3210,3317,0,10,53,22,2,50,51
44603,blankwall_no_blockrange,3212,3317,0,12,53,0,0,50,51
44603,blankwall_no_blockrange,3217,3317,0,17,53,0,2,50,51
4736,short_grass_2,3222,3317,0,22,53,22,0,50,51
4737,short_grass_3,3223,3317,0,23,53,22,0,50,51
4737,short_grass_3,3224,3317,0,24,53,22,0,50,51
4736,short_grass_2,3225,3317,0,25,53,22,1,50,51
83,farming_patch_shadow,3226,3317,0,26,53,0,2,50,51
7518,farming_border_straight,3226,3317,0,26,53,22,3,50,51
7517,farming_dirtpatch,3227,3317,0,27,53,22,3,50,51
8175,farming_hops_patch_3,3227,3317,0,27,53,10,3,50,51
7517,farming_dirtpatch,3228,3317,0,28,53,22,2,50,51
8175,farming_hops_patch_3,3228,3317,0,28,53,10,2,50,51
7517,farming_dirtpatch,3229,3317,0,29,53,22,0,50,51
8175,farming_hops_patch_3,3229,3317,0,29,53,10,1,50,51
7517,farming_dirtpatch,3230,3317,0,30,53,22,2,50,51
8175,farming_hops_patch_3,3230,3317,0,30,53,10,0,50,51
7517,farming_dirtpatch,3231,3317,0,31,53,22,1,50,51
8175,farming_hops_patch_3,3231,3317,0,31,53,10,3,50,51
83,farming_patch_shadow,3232,3317,0,32,53,0,0,50,51
7518,farming_border_straight,3232,3317,0,32,53,22,1,50,51
4738,short_grass_4,3233,3317,0,33,53,22,3,50,51
5570,drystonewall+grass,3234,3317,0,34,53,0,2,50,51
4736,short_grass_2,3235,3317,0,35,53,22,1,50,51
1247,broken_twig,3236,3317,0,36,53,22,2,50,51
1276,tree,3236,3317,0,36,53,10,0,50,51
1246,full_twig,3237,3317,0,37,53,22,1,50,51
4735,short_grass_1,3239,3317,0,39,53,22,3,50,51
4736,short_grass_2,3240,3317,0,40,53,22,3,50,51
4736,short_grass_2,3241,3317,0,41,53,22,3,50,51
4738,short_grass_4,3242,3317,0,42,53,22,0,50,51
4735,short_grass_1,3243,3317,0,43,53,22,1,50,51
1189,daisys,3246,3317,0,46,53,10,0,50,51
336,dugupsoil2_grey,3249,3317,0,49,53,22,2,50,51
325,dugupsoil2_light2,3253,3317,0,53,53,22,3,50,51
980,fencing,3254,3317,0,54,53,9,0,50,51
325,dugupsoil2_light2,3255,3317,0,55,53,22,1,50,51
980,fencing,3255,3317,0,55,53,1,0,50,51
326,dugupsoil3_light2,3256,3317,0,56,53,22,2,50,51
326,dugupsoil3_light2,3257,3317,0,57,53,22,2,50,51
312,potato,3258,3317,0,58,53,10,0,50,51
325,dugupsoil2_light2,3258,3317,0,58,53,22,3,50,51
324,dugupsoil1_light2,3259,3317,0,59,53,22,0,50,51
324,dugupsoil1_light2,3260,3317,0,60,53,22,0,50,51
312,potato,3261,3317,0,61,53,10,0,50,51
325,dugupsoil2_light2,3261,3317,0,61,53,22,3,50,51
325,dugupsoil2_light2,3262,3317,0,62,53,22,0,50,51
326,dugupsoil3_light2,3263,3317,0,63,53,22,1,50,51
325,dugupsoil2_light2,3139,3318,0,3,54,22,1,49,51
1286,deadtree2,3143,3318,0,7,54,10,0,49,51
325,dugupsoil2_light2,3144,3318,0,8,54,22,1,49,51
1247,broken_twig,3146,3318,0,10,54,22,3,49,51
4735,short_grass_1,3149,3318,0,13,54,22,0,49,51
4735,short_grass_1,3150,3318,0,14,54,22,1,49,51
9623,rimmington_fencing,3153,3318,0,17,54,9,3,49,51
9623,rimmington_fencing,3154,3318,0,18,54,1,3,49,51
23913,shaggy_grass3,3159,3318,0,23,54,22,0,49,51
23913,shaggy_grass3,3160,3318,0,24,54,22,0,49,51
23913,shaggy_grass3,3162,3318,0,26,54,22,3,49,51
9623,rimmington_fencing,3164,3318,0,28,54,1,2,49,51
9623,rimmington_fencing,3165,3318,0,29,54,0,3,49,51
9623,rimmington_fencing,3166,3318,0,30,54,0,3,49,51
9623,rimmington_fencing,3167,3318,0,31,54,0,3,49,51
9623,rimmington_fencing,3168,3318,0,32,54,0,3,49,51
9623,rimmington_fencing,3169,3318,0,33,54,1,3,49,51
23913,shaggy_grass3,3171,3318,0,35,54,22,1,49,51
23912,shaggy_grass2,3172,3318,0,36,54,22,1,49,51
23911,shaggy_grass1,3173,3318,0,37,54,22,2,49,51
23912,shaggy_grass2,3174,3318,0,38,54,22,0,49,51
23912,shaggy_grass2,3175,3318,0,39,54,22,2,49,51
23913,shaggy_grass3,3176,3318,0,40,54,22,1,49,51
23913,shaggy_grass3,3180,3318,0,44,54,22,2,49,51
23913,shaggy_grass3,3181,3318,0,45,54,22,2,49,51
23912,shaggy_grass2,3182,3318,0,46,54,22,2,49,51
1189,daisys,3183,3318,0,47,54,10,0,49,51
23911,shaggy_grass1,3183,3318,0,47,54,22,2,49,51
4736,short_grass_2,3184,3318,0,48,54,22,2,49,51
4736,short_grass_2,3185,3318,0,49,54,22,3,49,51
23912,shaggy_grass2,3186,3318,0,50,54,22,0,49,51
23912,shaggy_grass2,3187,3318,0,51,54,22,2,49,51
23913,shaggy_grass3,3188,3318,0,52,54,22,3,49,51
23912,shaggy_grass2,3190,3318,0,54,54,22,0,49,51
23912,shaggy_grass2,3191,3318,0,55,54,22,1,49,51
23912,shaggy_grass2,3192,3318,0,56,54,22,1,49,51
23912,shaggy_grass2,3193,3318,0,57,54,22,3,49,51
23912,shaggy_grass2,3194,3318,0,58,54,22,0,49,51
1189,daisys,3197,3318,0,61,54,10,3,49,51
23913,shaggy_grass3,3199,3318,0,63,54,22,1,49,51
4735,short_grass_1,3202,3318,0,2,54,22,3,50,51
4737,short_grass_3,3203,3318,0,3,54,22,3,50,51
1189,daisys,3204,3318,0,4,54,10,3,50,51
4738,short_grass_4,3204,3318,0,4,54,22,2,50,51
5586,dugupsoil1_light_no_glow,3209,3318,0,9,54,22,3,50,51
44603,blankwall_no_blockrange,3211,3318,0,11,54,9,3,50,51
5605,rock_pool_small,3216,3318,0,16,54,10,2,50,51
44603,blankwall_no_blockrange,3217,3318,0,17,54,9,3,50,51
1189,daisys,3221,3318,0,21,54,10,2,50,51
1189,daisys,3224,3318,0,24,54,10,2,50,51
83,farming_patch_shadow,3227,3318,0,27,54,0,3,50,51
7518,farming_border_straight,3227,3318,0,27,54,22,0,50,51
83,farming_patch_shadow,3228,3318,0,28,54,0,3,50,51
1189,daisys,3228,3318,0,28,54,10,0,50,51
7518,farming_border_straight,3228,3318,0,28,54,22,0,50,51
83,farming_patch_shadow,3229,3318,0,29,54,0,3,50,51
7518,farming_border_straight,3229,3318,0,29,54,22,0,50,51
83,farming_patch_shadow,3230,3318,0,30,54,0,3,50,51
7518,farming_border_straight,3230,3318,0,30,54,22,0,50,51
83,farming_patch_shadow,3231,3318,0,31,54,0,3,50,51
7518,farming_border_straight,3231,3318,0,31,54,22,0,50,51
5570,drystonewall+grass,3233,3318,0,33,54,1,1,50,51
5570,drystonewall+grass,3234,3318,0,34,54,9,1,50,51
1247,broken_twig,3236,3318,0,36,54,22,0,50,51
1247,broken_twig,3237,3318,0,37,54,22,3,50,51
4735,short_grass_1,3238,3318,0,38,54,22,1,50,51
4737,short_grass_3,3239,3318,0,39,54,22,3,50,51
4737,short_grass_3,3240,3318,0,40,54,22,2,50,51
4738,short_grass_4,3241,3318,0,41,54,22,1,50,51
10791,boulder2,3242,3318,0,42,54,10,1,50,51
4735,short_grass_1,3246,3318,0,46,54,22,2,50,51
4735,short_grass_1,3248,3318,0,48,54,22,0,50,51
325,dugupsoil2_light2,3254,3318,0,54,54,22,2,50,51
980,fencing,3255,3318,0,55,54,9,0,50,51
980,fencing,3256,3318,0,56,54,1,0,50,51
312,potato,3257,3318,0,57,54,10,0,50,51
307,cart,3260,3318,0,60,54,10,1,50,51
1278,tree2,3138,3319,0,2,55,10,2,49,51
1247,broken_twig,3139,3319,0,3,55,22,1,49,51
325,dugupsoil2_light2,3141,3319,0,5,55,22,1,49,51
325,dugupsoil2_light2,3143,3319,0,7,55,22,0,49,51
326,dugupsoil3_light2,3144,3319,0,8,55,22,0,49,51
325,dugupsoil2_light2,3145,3319,0,9,55,22,2,49,51
1358,deadtree6_stump,3146,3319,0,10,55,10,3,49,51
9623,rimmington_fencing,3153,3319,0,17,55,0,0,49,51
23913,shaggy_grass3,3157,3319,0,21,55,22,1,49,51
23913,shaggy_grass3,3158,3319,0,22,55,22,0,49,51
23913,shaggy_grass3,3159,3319,0,23,55,22,0,49,51
23913,shaggy_grass3,3163,3319,0,27,55,22,1,49,51
23913,shaggy_grass3,3164,3319,0,28,55,22,0,49,51
23913,shaggy_grass3,3165,3319,0,29,55,22,3,49,51
23913,shaggy_grass3,3167,3319,0,31,55,22,3,49,51
23912,shaggy_grass2,3171,3319,0,35,55,22,2,49,51
1189,daisys,3172,3319,0,36,55,10,0,49,51
33171,dairy_cow_icon,3172,3319,0,36,55,22,0,49,51
1278,tree2,3173,3319,0,37,55,10,2,49,51
4736,short_grass_2,3173,3319,0,37,55,22,1,49,51
4736,short_grass_2,3174,3319,0,38,55,22,0,49,51
1189,daisys,3175,3319,0,39,55,10,3,49,51
23912,shaggy_grass2,3175,3319,0,39,55,22,1,49,51
23913,shaggy_grass3,3176,3319,0,40,55,22,2,49,51
23912,shaggy_grass2,3177,3319,0,41,55,22,2,49,51
23913,shaggy_grass3,3178,3319,0,42,55,22,0,49,51
1174,thistle,3179,3319,0,43,55,10,0,49,51
23912,shaggy_grass2,3182,3319,0,46,55,22,0,49,51
23912,shaggy_grass2,3183,3319,0,47,55,22,3,49,51
1174,thistle,3184,3319,0,48,55,10,1,49,51
23912,shaggy_grass2,3184,3319,0,48,55,22,3,49,51
23911,shaggy_grass1,3185,3319,0,49,55,22,0,49,51
23912,shaggy_grass2,3186,3319,0,50,55,22,0,49,51
1298,fern,3187,3319,0,51,55,10,3,49,51
23913,shaggy_grass3,3187,3319,0,51,55,22,0,49,51
23912,shaggy_grass2,3189,3319,0,53,55,22,0,49,51
23912,shaggy_grass2,3190,3319,0,54,55,22,1,49,51
1189,daisys,3191,3319,0,55,55,10,1,49,51
23912,shaggy_grass2,3191,3319,0,55,55,22,1,49,51
23912,shaggy_grass2,3192,3319,0,56,55,22,1,49,51
23913,shaggy_grass3,3194,3319,0,58,55,22,3,49,51
23913,shaggy_grass3,3195,3319,0,59,55,22,2,49,51
4735,short_grass_1,3201,3319,0,1,55,22,3,50,51
1189,daisys,3202,3319,0,2,55,10,0,50,51
4737,short_grass_3,3203,3319,0,3,55,22,2,50,51
4736,short_grass_2,3204,3319,0,4,55,22,1,50,51
5587,dugupsoil2_light_no_glow,3208,3319,0,8,55,22,1,50,51
5587,dugupsoil2_light_no_glow,3209,3319,0,9,55,22,0,50,51
44603,blankwall_no_blockrange,3211,3319,0,11,55,0,0,50,51
16394,bgsound_stream_small_20,3213,3319,0,13,55,22,0,50,51
44603,blankwall_no_blockrange,3216,3319,0,16,55,9,3,50,51
320,dugupsoil2_light,3217,3319,0,17,55,22,2,50,51
1392,plant2,3225,3319,0,25,55,10,1,50,51
4736,short_grass_2,3229,3319,0,29,55,22,0,50,51
4736,short_grass_2,3230,3319,0,30,55,22,1,50,51
4736,short_grass_2,3231,3319,0,31,55,22,3,50,51
5570,drystonewall+grass,3232,3319,0,32,55,1,1,50,51
5570,drystonewall+grass,3233,3319,0,33,55,9,1,50,51
4735,short_grass_1,3235,3319,0,35,55,22,2,50,51
4735,short_grass_1,3236,3319,0,36,55,22,0,50,51
4735,short_grass_1,3238,3319,0,38,55,22,2,50,51
4737,short_grass_3,3239,3319,0,39,55,22,3,50,51
4736,short_grass_2,3240,3319,0,40,55,22,3,50,51
10790,boulder1,3240,3319,0,40,55,10,1,50,51
4735,short_grass_1,3247,3319,0,47,55,22,2,50,51
4737,short_grass_3,3248,3319,0,48,55,22,1,50,51
4735,short_grass_1,3249,3319,0,49,55,22,3,50,51
336,dugupsoil2_grey,3251,3319,0,51,55,22,3,50,51
325,dugupsoil2_light2,3255,3319,0,55,55,22,1,50,51
980,fencing,3256,3319,0,56,55,9,0,50,51
980,fencing,3257,3319,0,57,55,1,0,50,51
312,potato,3259,3319,0,59,55,10,0,50,51
1246,full_twig,3138,3320,0,2,56,22,0,49,51
1247,broken_twig,3139,3320,0,3,56,22,2,49,51
1247,broken_twig,3140,3320,0,4,56,22,3,49,51
326,dugupsoil3_light2,3141,3320,0,5,56,22,3,49,51
325,dugupsoil2_light2,3142,3320,0,6,56,22,0,49,51
325,dugupsoil2_light2,3143,3320,0,7,56,22,3,49,51
325,dugupsoil2_light2,3144,3320,0,8,56,22,3,49,51
325,dugupsoil2_light2,3149,3320,0,13,56,22,3,49,51
9623,rimmington_fencing,3153,3320,0,17,56,0,0,49,51
5575,foodtrough2,3154,3320,0,18,56,10,3,49,51
23913,shaggy_grass3,3155,3320,0,19,56,22,0,49,51
23913,shaggy_grass3,3157,3320,0,21,56,22,3,49,51
23913,shaggy_grass3,3158,3320,0,22,56,22,2,49,51
23912,shaggy_grass2,3160,3320,0,24,56,22,2,49,51
23912,shaggy_grass2,3161,3320,0,25,56,22,3,49,51
1298,fern,3164,3320,0,28,56,10,3,49,51
23913,shaggy_grass3,3165,3320,0,29,56,22,3,49,51
23913,shaggy_grass3,3166,3320,0,30,56,22,0,49,51
23913,shaggy_grass3,3169,3320,0,33,56,22,2,49,51
23913,shaggy_grass3,3170,3320,0,34,56,22,3,49,51
23912,shaggy_grass2,3171,3320,0,35,56,22,0,49,51
23912,shaggy_grass2,3172,3320,0,36,56,22,2,49,51
4736,short_grass_2,3173,3320,0,37,56,22,2,49,51
4736,short_grass_2,3174,3320,0,38,56,22,3,49,51
1298,fern,3175,3320,0,39,56,10,3,49,51
23912,shaggy_grass2,3175,3320,0,39,56,22,0,49,51
23912,shaggy_grass2,3176,3320,0,40,56,22,0,49,51
23913,shaggy_grass3,3177,3320,0,41,56,22,3,49,51
23913,shaggy_grass3,3178,3320,0,42,56,22,1,49,51
23913,shaggy_grass3,3180,3320,0,44,56,22,3,49,51
1298,fern,3181,3320,0,45,56,10,2,49,51
23913,shaggy_grass3,3181,3320,0,45,56,22,1,49,51
23912,shaggy_grass2,3182,3320,0,46,56,22,3,49,51
23913,shaggy_grass3,3183,3320,0,47,56,22,3,49,51
23913,shaggy_grass3,3184,3320,0,48,56,22,2,49,51
23912,shaggy_grass2,3185,3320,0,49,56,22,3,49,51
23912,shaggy_grass2,3186,3320,0,50,56,22,2,49,51
23913,shaggy_grass3,3187,3320,0,51,56,22,1,49,51
23912,shaggy_grass2,3189,3320,0,53,56,22,2,49,51
23911,shaggy_grass1,3190,3320,0,54,56,22,1,49,51
1276,tree,3191,3320,0,55,56,10,3,49,51
4736,short_grass_2,3191,3320,0,55,56,22,1,49,51
4736,short_grass_2,3192,3320,0,56,56,22,0,49,51
1174,thistle,3193,3320,0,57,56,10,2,49,51
23912,shaggy_grass2,3193,3320,0,57,56,22,0,49,51
23912,shaggy_grass2,3194,3320,0,58,56,22,2,49,51
23913,shaggy_grass3,3196,3320,0,60,56,22,0,49,51
23913,shaggy_grass3,3199,3320,0,63,56,22,2,49,51
4735,short_grass_1,3201,3320,0,1,56,22,3,50,51
4737,short_grass_3,3202,3320,0,2,56,22,3,50,51
4738,short_grass_4,3203,3320,0,3,56,22,3,50,51
5587,dugupsoil2_light_no_glow,3207,3320,0,7,56,22,2,50,51
5586,dugupsoil1_light_no_glow,3208,3320,0,8,56,22,0,50,51
44603,blankwall_no_blockrange,3210,3320,0,10,56,9,3,50,51
44603,blankwall_no_blockrange,3216,3320,0,16,56,0,0,50,51
320,dugupsoil2_light,3217,3320,0,17,56,22,1,50,51
1393,plant3,3222,3320,0,22,56,10,3,50,51
1392,plant2,3228,3320,0,28,56,10,1,50,51
4737,short_grass_3,3231,3320,0,31,56,22,3,50,51
5570,drystonewall+grass,3232,3320,0,32,56,0,2,50,51
4736,short_grass_2,3233,3320,0,33,56,22,2,50,51
4735,short_grass_1,3234,3320,0,34,56,22,2,50,51
4735,short_grass_1,3236,3320,0,36,56,22,2,50,51
4735,short_grass_1,3237,3320,0,37,56,22,1,50,51
4737,short_grass_3,3239,3320,0,39,56,22,0,50,51
10793,boulder4,3239,3320,0,39,56,10,3,50,51
10793,boulder4,3242,3320,0,42,56,10,1,50,51
16433,randomsound_song_birds,3244,3320,0,44,56,22,0,50,51
4735,short_grass_1,3246,3320,0,46,56,22,3,50,51
4737,short_grass_3,3247,3320,0,47,56,22,0,50,51
1189,daisys,3248,3320,0,48,56,10,3,50,51
4736,short_grass_2,3248,3320,0,48,56,22,1,50,51
4735,short_grass_1,3249,3320,0,49,56,22,2,50,51
1391,plant1,3254,3320,0,54,56,10,3,50,51
980,fencing,3257,3320,0,57,56,9,0,50,51
980,fencing,3258,3320,0,58,56,1,0,50,51
1383,deadtree6,3136,3321,0,0,57,10,2,49,51
1246,full_twig,3137,3321,0,1,57,22,3,49,51
1247,broken_twig,3140,3321,0,4,57,22,0,49,51
325,dugupsoil2_light2,3142,3321,0,6,57,22,2,49,51
326,dugupsoil3_light2,3143,3321,0,7,57,22,1,49,51
1278,tree2,3144,3321,0,8,57,10,2,49,51
1247,broken_twig,3145,3321,0,9,57,22,2,49,51
325,dugupsoil2_light2,3147,3321,0,11,57,22,0,49,51
9623,rimmington_fencing,3153,3321,0,17,57,0,0,49,51
1298,fern,3157,3321,0,21,57,10,0,49,51
23913,shaggy_grass3,3158,3321,0,22,57,22,2,49,51
23912,shaggy_grass2,3160,3321,0,24,57,22,1,49,51
23912,shaggy_grass2,3161,3321,0,25,57,22,1,49,51
23912,shaggy_grass2,3162,3321,0,26,57,22,2,49,51
1174,thistle,3164,3321,0,28,57,10,0,49,51
23913,shaggy_grass3,3164,3321,0,28,57,22,2,49,51
23913,shaggy_grass3,3166,3321,0,30,57,22,1,49,51
1189,daisys,3168,3321,0,32,57,10,3,49,51
23913,shaggy_grass3,3168,3321,0,32,57,22,1,49,51
23913,shaggy_grass3,3172,3321,0,36,57,22,2,49,51
23912,shaggy_grass2,3173,3321,0,37,57,22,3,49,51
1174,thistle,3174,3321,0,38,57,10,2,49,51
23911,shaggy_grass1,3174,3321,0,38,57,22,2,49,51
23912,shaggy_grass2,3175,3321,0,39,57,22,0,49,51
23913,shaggy_grass3,3177,3321,0,41,57,22,1,49,51
23913,shaggy_grass3,3178,3321,0,42,57,22,0,49,51
1189,daisys,3180,3321,0,44,57,10,1,49,51
23912,shaggy_grass2,3181,3321,0,45,57,22,0,49,51
23913,shaggy_grass3,3182,3321,0,46,57,22,0,49,51
23913,shaggy_grass3,3184,3321,0,48,57,22,2,49,51
1189,daisys,3186,3321,0,50,57,10,2,49,51
23913,shaggy_grass3,3186,3321,0,50,57,22,1,49,51
23912,shaggy_grass2,3188,3321,0,52,57,22,2,49,51
23912,shaggy_grass2,3189,3321,0,53,57,22,2,49,51
23911,shaggy_grass1,3190,3321,0,54,57,22,3,49,51
4736,short_grass_2,3191,3321,0,55,57,22,2,49,51
4736,short_grass_2,3192,3321,0,56,57,22,3,49,51
1298,fern,3193,3321,0,57,57,10,3,49,51
23912,shaggy_grass2,3193,3321,0,57,57,22,0,49,51
23913,shaggy_grass3,3195,3321,0,59,57,22,1,49,51
4735,short_grass_1,3202,3321,0,2,57,22,3,50,51
4735,short_grass_1,3203,3321,0,3,57,22,3,50,51
5588,dugupsoil3_light_no_glow,3206,3321,0,6,57,22,1,50,51
5587,dugupsoil2_light_no_glow,3207,3321,0,7,57,22,3,50,51
44603,blankwall_no_blockrange,3209,3321,0,9,57,9,3,50,51
321,dugupsoil3_light,3216,3321,0,16,57,22,2,50,51
44603,blankwall_no_blockrange,3216,3321,0,16,57,0,0,50,51
4735,short_grass_1,3225,3321,0,25,57,22,2,50,51
4735,short_grass_1,3226,3321,0,26,57,22,1,50,51
4735,short_grass_1,3227,3321,0,27,57,22,0,50,51
4736,short_grass_2,3230,3321,0,30,57,22,3,50,51
4737,short_grass_3,3231,3321,0,31,57,22,3,50,51
5570,drystonewall+grass,3232,3321,0,32,57,0,2,50,51
4737,short_grass_3,3233,3321,0,33,57,22,1,50,51
4735,short_grass_1,3234,3321,0,34,57,22,2,50,51
4735,short_grass_1,3235,3321,0,35,57,22,2,50,51
4737,short_grass_3,3236,3321,0,36,57,22,2,50,51
4736,short_grass_2,3237,3321,0,37,57,22,2,50,51
4736,short_grass_2,3239,3321,0,39,57,22,0,50,51
4735,short_grass_1,3240,3321,0,40,57,22,2,50,51
10793,boulder4,3241,3321,0,41,57,10,2,50,51
1189,daisys,3246,3321,0,46,57,10,2,50,51
4735,short_grass_1,3247,3321,0,47,57,22,2,50,51
4735,short_grass_1,3248,3321,0,48,57,22,1,50,51
4735,short_grass_1,3249,3321,0,49,57,22,2,50,51
980,fencing,3258,3321,0,58,57,9,0,50,51
980,fencing,3259,3321,0,59,57,0,1,50,51
1007,fence_terminator_left,3260,3321,0,60,57,0,1,50,51
1558,fencegate_l,3261,3321,0,61,57,0,1,50,51
1560,fencegate_r,3262,3321,0,62,57,0,1,50,51
1008,fence_terminator_right,3263,3321,0,63,57,0,1,50,51
1247,broken_twig,3137,3322,0,1,58,22,3,49,51
1276,tree,3139,3322,0,3,58,10,3,49,51
1247,broken_twig,3140,3322,0,4,58,22,3,49,51
325,dugupsoil2_light2,3141,3322,0,5,58,22,3,49,51
1286,deadtree2,3142,3322,0,6,58,10,0,49,51
1247,broken_twig,3143,3322,0,7,58,22,1,49,51
1246,full_twig,3145,3322,0,9,58,22,3,49,51
9623,rimmington_fencing,3152,3322,0,16,58,9,3,49,51
9623,rimmington_fencing,3153,3322,0,17,58,1,3,49,51
23913,shaggy_grass3,3157,3322,0,21,58,22,1,49,51
23912,shaggy_grass2,3159,3322,0,23,58,22,0,49,51
23912,shaggy_grass2,3160,3322,0,24,58,22,2,49,51
1174,thistle,3161,3322,0,25,58,10,3,49,51
23911,shaggy_grass1,3161,3322,0,25,58,22,3,49,51
1189,daisys,3162,3322,0,26,58,10,1,49,51
23912,shaggy_grass2,3162,3322,0,26,58,22,0,49,51
23912,shaggy_grass2,3163,3322,0,27,58,22,3,49,51
23913,shaggy_grass3,3165,3322,0,29,58,22,0,49,51
23913,shaggy_grass3,3169,3322,0,33,58,22,0,49,51
23912,shaggy_grass2,3171,3322,0,35,58,22,1,49,51
1298,fern,3172,3322,0,36,58,10,0,49,51
23912,shaggy_grass2,3173,3322,0,37,58,22,2,49,51
23912,shaggy_grass2,3174,3322,0,38,58,22,3,49,51
23913,shaggy_grass3,3175,3322,0,39,58,22,3,49,51
23912,shaggy_grass2,3176,3322,0,40,58,22,3,49,51
1189,daisys,3177,3322,0,41,58,10,0,49,51
23913,shaggy_grass3,3179,3322,0,43,58,22,1,49,51
23912,shaggy_grass2,3182,3322,0,46,58,22,1,49,51
1298,fern,3183,3322,0,47,58,10,1,49,51
23912,shaggy_grass2,3185,3322,0,49,58,22,1,49,51
23913,shaggy_grass3,3187,3322,0,51,58,22,2,49,51
23912,shaggy_grass2,3190,3322,0,54,58,22,3,49,51
23912,shaggy_grass2,3191,3322,0,55,58,22,3,49,51
1189,daisys,3192,3322,0,56,58,10,2,49,51
23912,shaggy_grass2,3193,3322,0,57,58,22,1,49,51
23913,shaggy_grass3,3194,3322,0,58,58,22,2,49,51
23913,shaggy_grass3,3196,3322,0,60,58,22,3,49,51
10820,oaktree,3197,3322,0,61,58,10,0,49,51
23912,shaggy_grass2,3198,3322,0,62,58,22,0,49,51
1394,plant4,3200,3322,0,0,58,10,1,50,51
44603,blankwall_no_blockrange,3207,3322,0,7,58,9,3,50,51
44603,blankwall_no_blockrange,3208,3322,0,8,58,0,3,50,51
44603,blankwall_no_blockrange,3214,3322,0,14,58,9,3,50,51
44603,blankwall_no_blockrange,3215,3322,0,15,58,0,3,50,51
1246,full_twig,3219,3322,0,19,58,22,2,50,51
1276,tree,3219,3322,0,19,58,10,2,50,51
1247,broken_twig,3220,3322,0,20,58,22,0,50,51
1393,plant3,3223,3322,0,23,58,10,0,50,51
4735,short_grass_1,3224,3322,0,24,58,22,1,50,51
4736,short_grass_2,3225,3322,0,25,58,22,3,50,51
4737,short_grass_3,3226,3322,0,26,58,22,2,50,51
4736,short_grass_2,3227,3322,0,27,58,22,2,50,51
4735,short_grass_1,3228,3322,0,28,58,22,1,50,51
4737,short_grass_3,3231,3322,0,31,58,22,3,50,51
5570,drystonewall+grass,3232,3322,0,32,58,0,2,50,51
4737,short_grass_3,3233,3322,0,33,58,22,1,50,51
5569,drystonewall_pile,3233,3322,0,33,58,10,3,50,51
4735,short_grass_1,3234,3322,0,34,58,22,2,50,51
4736,short_grass_2,3235,3322,0,35,58,22,0,50,51
4738,short_grass_4,3236,3322,0,36,58,22,0,50,51
4736,short_grass_2,3237,3322,0,37,58,22,1,50,51
4736,short_grass_2,3239,3322,0,39,58,22,0,50,51
4737,short_grass_3,3240,3322,0,40,58,22,3,50,51
4735,short_grass_1,3241,3322,0,41,58,22,2,50,51
10790,boulder1,3241,3322,0,41,58,10,0,50,51
10791,boulder2,3247,3322,0,47,58,10,0,50,51
4736,short_grass_2,3250,3322,0,50,58,22,3,50,51
4736,short_grass_2,3251,3322,0,51,58,22,2,50,51
336,dugupsoil2_grey,3254,3322,0,54,58,22,2,50,51
1246,full_twig,3139,3323,0,3,59,22,2,49,51
325,dugupsoil2_light2,3140,3323,0,4,59,22,0,49,51
326,dugupsoil3_light2,3141,3323,0,5,59,22,1,49,51
325,dugupsoil2_light2,3142,3323,0,6,59,22,2,49,51
325,dugupsoil2_light2,3144,3323,0,8,59,22,2,49,51
1341,treestump,3149,3323,0,13,59,10,1,49,51
9623,rimmington_fencing,3152,3323,0,16,59,0,0,49,51
301,foodtrough,3154,3323,0,18,59,10,1,49,51
23913,shaggy_grass3,3156,3323,0,20,59,22,0,49,51
23913,shaggy_grass3,3157,3323,0,21,59,22,3,49,51
23912,shaggy_grass2,3159,3323,0,23,59,22,2,49,51
23911,shaggy_grass1,3160,3323,0,24,59,22,0,49,51
1276,tree,3161,3323,0,25,59,10,3,49,51
4736,short_grass_2,3161,3323,0,25,59,22,1,49,51
4736,short_grass_2,3162,3323,0,26,59,22,0,49,51
1298,fern,3163,3323,0,27,59,10,2,49,51
23912,shaggy_grass2,3163,3323,0,27,59,22,0,49,51
23913,shaggy_grass3,3164,3323,0,28,59,22,1,49,51
23913,shaggy_grass3,3166,3323,0,30,59,22,2,49,51
1298,fern,3167,3323,0,31,59,10,2,49,51
23913,shaggy_grass3,3168,3323,0,32,59,22,3,49,51
23913,shaggy_grass3,3170,3323,0,34,59,22,1,49,51
23913,shaggy_grass3,3171,3323,0,35,59,22,2,49,51
23913,shaggy_grass3,3172,3323,0,36,59,22,0,49,51
23913,shaggy_grass3,3173,3323,0,37,59,22,0,49,51
23913,shaggy_grass3,3175,3323,0,39,59,22,2,49,51
23913,shaggy_grass3,3176,3323,0,40,59,22,1,49,51
23913,shaggy_grass3,3178,3323,0,42,59,22,0,49,51
23913,shaggy_grass3,3180,3323,0,44,59,22,3,49,51
23912,shaggy_grass2,3181,3323,0,45,59,22,1,49,51
23911,shaggy_grass1,3182,3323,0,46,59,22,1,49,51
23912,shaggy_grass2,3183,3323,0,47,59,22,0,49,51
23912,shaggy_grass2,3184,3323,0,48,59,22,1,49,51
23913,shaggy_grass3,3186,3323,0,50,59,22,3,49,51
23912,shaggy_grass2,3189,3323,0,53,59,22,3,49,51
16438,randomsound_woodland_ambience,3190,3323,0,54,59,22,0,49,51
23912,shaggy_grass2,3192,3323,0,56,59,22,0,49,51
23912,shaggy_grass2,3194,3323,0,58,59,22,0,49,51
23912,shaggy_grass2,3195,3323,0,59,59,22,3,49,51
23912,shaggy_grass2,3196,3323,0,60,59,22,2,49,51
23912,shaggy_grass2,3197,3323,0,61,59,22,1,49,51
23912,shaggy_grass2,3199,3323,0,63,59,22,1,49,51
5587,dugupsoil2_light_no_glow,3204,3323,0,4,59,22,3,50,51
44603,blankwall_no_blockrange,3207,3323,0,7,59,0,0,50,51
44603,blankwall_no_blockrange,3213,3323,0,13,59,9,3,50,51
320,dugupsoil2_light,3214,3323,0,14,59,22,0,50,51
320,dugupsoil2_light,3216,3323,0,16,59,22,3,50,51
1247,broken_twig,3219,3323,0,19,59,22,2,50,51
4735,short_grass_1,3224,3323,0,24,59,22,2,50,51
4737,short_grass_3,3225,3323,0,25,59,22,3,50,51
4738,short_grass_4,3226,3323,0,26,59,22,2,50,51
4737,short_grass_3,3227,3323,0,27,59,22,1,50,51
4735,short_grass_1,3228,3323,0,28,59,22,0,50,51
1392,plant2,3229,3323,0,29,59,10,2,50,51
5570,drystonewall+grass,3232,3323,0,32,59,0,2,50,51
4736,short_grass_2,3233,3323,0,33,59,22,1,50,51
5569,drystonewall_pile,3233,3323,0,33,59,10,1,50,51
4736,short_grass_2,3236,3323,0,36,59,22,3,50,51
4736,short_grass_2,3238,3323,0,38,59,22,2,50,51
4736,short_grass_2,3240,3323,0,40,59,22,0,50,51
4737,short_grass_3,3249,3323,0,49,59,22,2,50,51
4736,short_grass_2,3250,3323,0,50,59,22,0,50,51
4736,short_grass_2,3251,3323,0,51,59,22,1,50,51
336,dugupsoil2_grey,3256,3323,0,56,59,22,1,50,51
336,dugupsoil2_grey,3257,3323,0,57,59,22,3,50,51
335,dugupsoil1_grey,3260,3323,0,60,59,22,2,50,51
325,dugupsoil2_light2,3141,3324,0,5,60,22,1,49,51
1247,broken_twig,3143,3324,0,7,60,22,2,49,51
1278,tree2,3143,3324,0,7,60,10,3,49,51
1247,broken_twig,3144,3324,0,8,60,22,3,49,51
1278,tree2,3146,3324,0,10,60,10,1,49,51
1246,full_twig,3147,3324,0,11,60,22,1,49,51
325,dugupsoil2_light2,3148,3324,0,12,60,22,0,49,51
9623,rimmington_fencing,3152,3324,0,16,60,0,0,49,51
1189,daisys,3157,3324,0,21,60,10,0,49,51
23913,shaggy_grass3,3157,3324,0,21,60,22,1,49,51
23912,shaggy_grass2,3159,3324,0,23,60,22,3,49,51
1189,daisys,3160,3324,0,24,60,10,2,49,51
23912,shaggy_grass2,3160,3324,0,24,60,22,3,49,51
4736,short_grass_2,3161,3324,0,25,60,22,2,49,51
4736,short_grass_2,3162,3324,0,26,60,22,3,49,51
23912,shaggy_grass2,3163,3324,0,27,60,22,0,49,51
23913,shaggy_grass3,3164,3324,0,28,60,22,2,49,51
23913,shaggy_grass3,3166,3324,0,30,60,22,3,49,51
1174,thistle,3168,3324,0,32,60,10,2,49,51
23913,shaggy_grass3,3169,3324,0,33,60,22,0,49,51
23913,shaggy_grass3,3177,3324,0,41,60,22,0,49,51
23912,shaggy_grass2,3179,3324,0,43,60,22,3,49,51
23912,shaggy_grass2,3180,3324,0,44,60,22,2,49,51
1174,thistle,3181,3324,0,45,60,10,1,49,51
23911,shaggy_grass1,3181,3324,0,45,60,22,3,49,51
23911,shaggy_grass1,3182,3324,0,46,60,22,0,49,51
1189,daisys,3183,3324,0,47,60,10,1,49,51
23912,shaggy_grass2,3183,3324,0,47,60,22,0,49,51
23913,shaggy_grass3,3185,3324,0,49,60,22,2,49,51
23913,shaggy_grass3,3187,3324,0,51,60,22,3,49,51
1174,thistle,3188,3324,0,52,60,10,1,49,51
23913,shaggy_grass3,3188,3324,0,52,60,22,1,49,51
1298,fern,3190,3324,0,54,60,10,0,49,51
23912,shaggy_grass2,3191,3324,0,55,60,22,0,49,51
23913,shaggy_grass3,3192,3324,0,56,60,22,1,49,51
23912,shaggy_grass2,3193,3324,0,57,60,22,1,49,51
1174,thistle,3194,3324,0,58,60,10,1,49,51
23912,shaggy_grass2,3195,3324,0,59,60,22,3,49,51
23912,shaggy_grass2,3196,3324,0,60,60,22,2,49,51
1189,daisys,3197,3324,0,61,60,10,3,49,51
23911,shaggy_grass1,3197,3324,0,61,60,22,2,49,51
1174,thistle,3198,3324,0,62,60,10,0,49,51
23912,shaggy_grass2,3198,3324,0,62,60,22,3,49,51
5587,dugupsoil2_light_no_glow,3203,3324,0,3,60,22,0,50,51
5588,dugupsoil3_light_no_glow,3204,3324,0,4,60,22,0,50,51
44603,blankwall_no_blockrange,3207,3324,0,7,60,0,3,50,51
44603,blankwall_no_blockrange,3208,3324,0,8,60,0,3,50,51
44603,blankwall_no_blockrange,3209,3324,0,9,60,0,3,50,51
44603,blankwall_no_blockrange,3210,3324,0,10,60,0,3,50,51
44603,blankwall_no_blockrange,3211,3324,0,11,60,0,3,50,51
44603,blankwall_no_blockrange,3212,3324,0,12,60,0,3,50,51
1299,fern1,3213,3324,0,13,60,10,3,50,51
4736,short_grass_2,3217,3324,0,17,60,22,2,50,51
1391,plant1,3222,3324,0,22,60,10,0,50,51
4735,short_grass_1,3224,3324,0,24,60,22,0,50,51
1174,thistle,3225,3324,0,25,60,10,1,50,51
4736,short_grass_2,3225,3324,0,25,60,22,0,50,51
4737,short_grass_3,3226,3324,0,26,60,22,0,50,51
4736,short_grass_2,3227,3324,0,27,60,22,1,50,51
4735,short_grass_1,3228,3324,0,28,60,22,0,50,51
5570,drystonewall+grass,3232,3324,0,32,60,1,2,50,51
5570,drystonewall+grass,3233,3324,0,33,60,9,2,50,51
4736,short_grass_2,3234,3324,0,34,60,22,2,50,51
4737,short_grass_3,3236,3324,0,36,60,22,3,50,51
4738,short_grass_4,3237,3324,0,37,60,22,3,50,51
4737,short_grass_3,3238,3324,0,38,60,22,1,50,51
4737,short_grass_3,3247,3324,0,47,60,22,3,50,51
4737,short_grass_3,3248,3324,0,48,60,22,3,50,51
4738,short_grass_4,3249,3324,0,49,60,22,2,50,51
4736,short_grass_2,3250,3324,0,50,60,22,2,50,51
1187,blueflower,3253,3324,0,53,60,10,2,50,51
1247,broken_twig,3144,3325,0,8,61,22,3,49,51
1246,full_twig,3146,3325,0,10,61,22,2,49,51
1247,broken_twig,3147,3325,0,11,61,22,0,49,51
9623,rimmington_fencing,3152,3325,0,16,61,0,0,49,51
23913,shaggy_grass3,3156,3325,0,20,61,22,3,49,51
23913,shaggy_grass3,3157,3325,0,21,61,22,0,49,51
23912,shaggy_grass2,3160,3325,0,24,61,22,2,49,51
23912,shaggy_grass2,3161,3325,0,25,61,22,3,49,51
23912,shaggy_grass2,3162,3325,0,26,61,22,1,49,51
23913,shaggy_grass3,3164,3325,0,28,61,22,0,49,51
23913,shaggy_grass3,3165,3325,0,29,61,22,3,49,51
23913,shaggy_grass3,3168,3325,0,32,61,22,2,49,51
23913,shaggy_grass3,3171,3325,0,35,61,22,2,49,51
23913,shaggy_grass3,3172,3325,0,36,61,22,1,49,51
23913,shaggy_grass3,3174,3325,0,38,61,22,3,49,51
1298,fern,3176,3325,0,40,61,10,3,49,51
1174,thistle,3178,3325,0,42,61,10,3,49,51
23913,shaggy_grass3,3178,3325,0,42,61,22,2,49,51
23912,shaggy_grass2,3179,3325,0,43,61,22,2,49,51
23911,shaggy_grass1,3180,3325,0,44,61,22,0,49,51
1278,tree2,3181,3325,0,45,61,10,0,49,51
4736,short_grass_2,3181,3325,0,45,61,22,1,49,51
4736,short_grass_2,3182,3325,0,46,61,22,0,49,51
23912,shaggy_grass2,3183,3325,0,47,61,22,0,49,51
23912,shaggy_grass2,3184,3325,0,48,61,22,2,49,51
23913,shaggy_grass3,3185,3325,0,49,61,22,1,49,51
23913,shaggy_grass3,3189,3325,0,53,61,22,0,49,51
1189,daisys,3190,3325,0,54,61,10,1,49,51
10820,oaktree,3191,3325,0,55,61,10,1,49,51
23913,shaggy_grass3,3191,3325,0,55,61,22,3,49,51
23913,shaggy_grass3,3193,3325,0,57,61,22,2,49,51
23912,shaggy_grass2,3195,3325,0,59,61,22,2,49,51
1189,daisys,3196,3325,0,60,61,10,0,49,51
23912,shaggy_grass2,3196,3325,0,60,61,22,1,49,51
1278,tree2,3197,3325,0,61,61,10,2,49,51
4736,short_grass_2,3197,3325,0,61,61,22,1,49,51
4736,short_grass_2,3198,3325,0,62,61,22,0,49,51
1298,fern,3199,3325,0,63,61,10,0,49,51
23912,shaggy_grass2,3199,3325,0,63,61,22,0,49,51
5586,dugupsoil1_light_no_glow,3203,3325,0,3,61,22,2,50,51
5587,dugupsoil2_light_no_glow,3204,3325,0,4,61,22,2,50,51
319,dugupsoil1_light,3212,3325,0,12,61,22,2,50,51
1174,thistle,3214,3325,0,14,61,11,2,50,51
4736,short_grass_2,3214,3325,0,14,61,22,3,50,51
4737,short_grass_3,3216,3325,0,16,61,22,3,50,51
4737,short_grass_3,3217,3325,0,17,61,22,1,50,51
1391,plant1,3218,3325,0,18,61,10,1,50,51
4735,short_grass_1,3225,3325,0,25,61,22,2,50,51
4735,short_grass_1,3226,3325,0,26,61,22,3,50,51
4735,short_grass_1,3227,3325,0,27,61,22,3,50,51
5570,drystonewall+grass,3233,3325,0,33,61,0,2,50,51
4737,short_grass_3,3234,3325,0,34,61,22,1,50,51
1247,broken_twig,3236,3325,0,36,61,22,1,50,51
1276,tree,3236,3325,0,36,61,10,3,50,51
1246,full_twig,3237,3325,0,37,61,22,2,50,51
16438,randomsound_woodland_ambience,3238,3325,0,38,61,22,0,50,51
1392,plant2,3245,3325,0,45,61,10,0,50,51
4736,short_grass_2,3248,3325,0,48,61,22,0,50,51
4738,short_grass_4,3249,3325,0,49,61,22,3,50,51
4737,short_grass_3,3250,3325,0,50,61,22,1,50,51
1187,blueflower,3257,3325,0,57,61,10,3,50,51
10820,oaktree,3138,3326,0,2,62,10,1,49,51
1276,tree,3143,3326,0,7,62,10,2,49,51
1247,broken_twig,3144,3326,0,8,62,22,1,49,51
9623,rimmington_fencing,3152,3326,0,16,62,9,0,49,51
9623,rimmington_fencing,3153,3326,0,17,62,1,0,49,51
23913,shaggy_grass3,3154,3326,0,18,62,22,2,49,51
23913,shaggy_grass3,3157,3326,0,21,62,22,3,49,51
1174,thistle,3158,3326,0,22,62,10,1,49,51
23913,shaggy_grass3,3158,3326,0,22,62,22,2,49,51
16438,randomsound_woodland_ambience,3159,3326,0,23,62,22,0,49,51
23913,shaggy_grass3,3160,3326,0,24,62,22,0,49,51
23913,shaggy_grass3,3161,3326,0,25,62,22,3,49,51
23913,shaggy_grass3,3163,3326,0,27,62,22,1,49,51
1298,fern,3164,3326,0,28,62,10,2,49,51
23913,shaggy_grass3,3165,3326,0,29,62,22,2,49,51
23913,shaggy_grass3,3166,3326,0,30,62,22,1,49,51
23913,shaggy_grass3,3167,3326,0,31,62,22,3,49,51
1298,fern,3169,3326,0,33,62,10,1,49,51
23913,shaggy_grass3,3170,3326,0,34,62,22,3,49,51
23912,shaggy_grass2,3175,3326,0,39,62,22,0,49,51
23912,shaggy_grass2,3176,3326,0,40,62,22,3,49,51
23913,shaggy_grass3,3179,3326,0,43,62,22,3,49,51
1189,daisys,3180,3326,0,44,62,10,2,49,51
23912,shaggy_grass2,3180,3326,0,44,62,22,3,49,51
4736,short_grass_2,3181,3326,0,45,62,22,2,49,51
4736,short_grass_2,3182,3326,0,46,62,22,3,49,51
1298,fern,3183,3326,0,47,62,10,0,49,51
23912,shaggy_grass2,3184,3326,0,48,62,22,3,49,51
23912,shaggy_grass2,3185,3326,0,49,62,22,3,49,51
23913,shaggy_grass3,3187,3326,0,51,62,22,0,49,51
23913,shaggy_grass3,3188,3326,0,52,62,22,0,49,51
23913,shaggy_grass3,3190,3326,0,54,62,22,3,49,51
23912,shaggy_grass2,3192,3326,0,56,62,22,2,49,51
23912,shaggy_grass2,3193,3326,0,57,62,22,3,49,51
23912,shaggy_grass2,3194,3326,0,58,62,22,0,49,51
23912,shaggy_grass2,3195,3326,0,59,62,22,2,49,51
23911,shaggy_grass1,3196,3326,0,60,62,22,2,49,51
4736,short_grass_2,3197,3326,0,61,62,22,2,49,51
4736,short_grass_2,3198,3326,0,62,62,22,3,49,51
23912,shaggy_grass2,3199,3326,0,63,62,22,0,49,51
5587,dugupsoil2_light_no_glow,3203,3326,0,3,62,22,1,50,51
1299,fern1,3211,3326,0,11,62,10,2,50,51
320,dugupsoil2_light,3214,3326,0,14,62,22,0,50,51
320,dugupsoil2_light,3215,3326,0,15,62,22,1,50,51
4737,short_grass_3,3216,3326,0,16,62,22,3,50,51
4737,short_grass_3,3217,3326,0,17,62,22,1,50,51
1276,tree,3227,3326,0,27,62,10,0,50,51
1246,full_twig,3228,3326,0,28,62,22,0,50,51
1247,broken_twig,3229,3326,0,29,62,22,3,50,51
4737,short_grass_3,3232,3326,0,32,62,22,3,50,51
5570,drystonewall+grass,3233,3326,0,33,62,0,2,50,51
4737,short_grass_3,3234,3326,0,34,62,22,1,50,51
1247,broken_twig,3236,3326,0,36,62,22,0,50,51
4737,short_grass_3,3249,3326,0,49,62,22,0,50,51
1189,daisys,3252,3326,0,52,62,10,1,50,51
4736,short_grass_2,3253,3326,0,53,62,22,3,50,51
1189,daisys,3254,3326,0,54,62,10,2,50,51
4736,short_grass_2,3254,3326,0,54,62,22,2,50,51
1247,broken_twig,3256,3326,0,56,62,22,0,50,51
1278,tree2,3256,3326,0,56,62,10,0,50,51
1246,full_twig,3257,3326,0,57,62,22,1,50,51
4736,short_grass_2,3258,3326,0,58,62,22,3,50,51
4736,short_grass_2,3259,3326,0,59,62,22,2,50,51
1247,broken_twig,3260,3326,0,60,62,22,0,50,51
1278,tree2,3260,3326,0,60,62,10,0,50,51
1246,full_twig,3261,3326,0,61,62,22,0,50,51
1286,deadtree2,3136,3327,0,0,63,10,1,49,51
1247,broken_twig,3140,3327,0,4,63,22,1,49,51
1383,deadtree6,3142,3327,0,6,63,10,3,49,51
1247,broken_twig,3143,3327,0,7,63,22,0,49,51
1286,deadtree2,3147,3327,0,11,63,10,3,49,51
9623,rimmington_fencing,3153,3327,0,17,63,0,0,49,51
23913,shaggy_grass3,3154,3327,0,18,63,22,2,49,51
23913,shaggy_grass3,3157,3327,0,21,63,22,0,49,51
23913,shaggy_grass3,3159,3327,0,23,63,22,1,49,51
23913,shaggy_grass3,3162,3327,0,26,63,22,2,49,51
1298,fern,3163,3327,0,27,63,10,1,49,51
23913,shaggy_grass3,3167,3327,0,31,63,22,0,49,51
23913,shaggy_grass3,3169,3327,0,33,63,22,0,49,51
23913,shaggy_grass3,3173,3327,0,37,63,22,0,49,51
23912,shaggy_grass2,3174,3327,0,38,63,22,2,49,51
23912,shaggy_grass2,3175,3327,0,39,63,22,3,49,51
23912,shaggy_grass2,3176,3327,0,40,63,22,0,49,51
23912,shaggy_grass2,3177,3327,0,41,63,22,2,49,51
23912,shaggy_grass2,3178,3327,0,42,63,22,1,49,51
23912,shaggy_grass2,3181,3327,0,45,63,22,3,49,51
23912,shaggy_grass2,3183,3327,0,47,63,22,0,49,51
23912,shaggy_grass2,3184,3327,0,48,63,22,1,49,51
23912,shaggy_grass2,3185,3327,0,49,63,22,1,49,51
23912,shaggy_grass2,3186,3327,0,50,63,22,0,49,51
23912,shaggy_grass2,3187,3327,0,51,63,22,2,49,51
23912,shaggy_grass2,3188,3327,0,52,63,22,3,49,51
23913,shaggy_grass3,3189,3327,0,53,63,22,1,49,51
23913,shaggy_grass3,3191,3327,0,55,63,22,2,49,51
23912,shaggy_grass2,3193,3327,0,57,63,22,0,49,51
23912,shaggy_grass2,3194,3327,0,58,63,22,1,49,51
23912,shaggy_grass2,3195,3327,0,59,63,22,2,49,51
23912,shaggy_grass2,3197,3327,0,61,63,22,3,49,51
23912,shaggy_grass2,3198,3327,0,62,63,22,3,49,51
320,dugupsoil2_light,3210,3327,0,10,63,22,2,50,51
320,dugupsoil2_light,3211,3327,0,11,63,22,1,50,51
320,dugupsoil2_light,3212,3327,0,12,63,22,1,50,51
320,dugupsoil2_light,3213,3327,0,13,63,22,2,50,51
320,dugupsoil2_light,3214,3327,0,14,63,22,3,50,51
4736,short_grass_2,3216,3327,0,16,63,22,0,50,51
4736,short_grass_2,3217,3327,0,17,63,22,1,50,51
1247,broken_twig,3227,3327,0,27,63,22,3,50,51
5570,drystonewall+grass,3233,3327,0,33,63,0,2,50,51
4737,short_grass_3,3234,3327,0,34,63,22,1,50,51
4736,short_grass_2,3253,3327,0,53,63,22,0,50,51
4736,short_grass_2,3254,3327,0,54,63,22,1,50,51
1246,full_twig,3256,3327,0,56,63,22,0,50,51
1247,broken_twig,3257,3327,0,57,63,22,3,50,51
4736,short_grass_2,3258,3327,0,58,63,22,0,50,51
4736,short_grass_2,3259,3327,0,59,63,22,1,50,51
1247,broken_twig,3260,3327,0,60,63,22,2,50,51
1247,broken_twig,3261,3327,0,61,63,22,1,50,51
